student_id,attendance_pct,study_hours,prev_score,fee_delay_days,attendance_mode,attendance_pct_copy,study_minutes_scaled,random_numeric_noise,random_categorical_noise,at_risk
4001,87.6,5.9,86.2,2.5,Offline,87.8,350.2,72.5,B,0
4002,30.4,5.1,60.9,3.2,Offline,31.2,304.5,46.6,C,0
4003,70.4,6.3,31.7,26.4,Offline,69.9,381.5,37.1,D,1
4004,96.7,2.1,96.6,5.3,Offline,96.5,126.0,48.1,A,0
4005,56.3,9.8,55.8,12.0,Offline,56.7,587.5,46.8,B,1
4006,75.8,3.5,59.9,11.1,Offline,76.6,214.9,39.0,C,0
4007,97.5,3.7,64.9,18.4,Offline,98.6,219.9,40.6,D,0
4008,57.5,7.5,51.9,5.3,Offline,57.2,451.8,49.2,D,1
4009,87.2,3.0,78.5,10.9,Offline,87.4,175.4,48.0,C,0
4010,100.0,9.5,70.3,2.0,Offline,100.6,563.3,33.4,D,0
4011,81.7,6.5,74.1,16.6,Offline,81.3,391.4,44.5,B,1
4012,99.4,9.5,64.8,12.0,Offline,99.7,570.7,54.8,C,0
4013,72.9,1.4,57.6,17.3,Offline,73.2,87.8,49.1,B,0
4014,68.7,5.4,75.7,7.8,Offline,68.6,327.1,52.8,B,0
4015,82.0,7.2,43.9,7.7,Offline,81.6,431.8,57.6,B,0
4016,53.4,4.1,45.7,2.5,Offline,53.8,244.3,45.0,C,0
4017,91.6,10.2,63.1,3.8,Offline,91.3,616.2,59.2,B,0
4018,75.7,6.5,61.0,2.7,Offline,76.8,394.7,66.6,C,1
4019,55.6,5.4,40.5,3.1,Offline,55.2,324.1,35.2,D,1
4020,92.0,6.6,43.7,6.0,Offline,91.6,399.5,52.9,A,0
4021,85.2,8.3,44.4,2.2,Offline,86.8,495.1,48.7,B,0
4022,70.1,6.0,76.1,20.0,Offline,70.3,359.0,46.2,B,0
4023,65.6,6.1,46.5,3.3,Offline,65.6,368.6,48.1,C,0
4024,80.6,5.3,40.0,1.4,Offline,80.1,315.5,47.2,D,0
4025,51.3,7.4,36.1,4.8,Offline,51.0,444.2,60.3,C,0
4026,57.7,6.2,60.3,0.2,Offline,57.6,369.7,38.3,B,0
4027,94.3,5.9,43.2,6.2,Offline,94.0,351.2,69.6,A,0
4028,80.4,9.0,53.4,1.2,Offline,80.6,544.6,32.0,A,0
4029,94.0,5.3,82.3,1.4,Offline,93.5,322.1,26.6,B,0
4030,78.7,3.4,62.1,0.3,Offline,78.1,204.0,46.7,C,0
4031,100.0,5.4,28.2,19.0,Offline,99.7,322.1,52.3,D,0
4032,60.1,4.6,68.8,45.2,Offline,60.0,274.3,56.6,B,1
4033,94.3,3.9,35.0,7.8,Offline,93.4,234.7,52.2,A,0
4034,90.7,7.7,48.7,1.6,Offline,91.1,463.3,54.2,A,0
4035,94.1,6.0,67.1,1.2,Offline,93.6,360.6,84.0,B,0
4036,100.0,6.3,43.4,4.9,Offline,100.1,370.5,39.4,C,0
4037,71.5,9.6,33.5,8.6,Offline,72.4,568.6,51.6,A,1
4038,77.5,7.7,65.5,8.5,Offline,76.8,461.8,35.8,B,0
4039,100.0,6.6,11.9,20.1,Offline,100.5,394.9,44.6,D,0
4040,96.5,5.0,42.6,0.8,Offline,96.8,303.1,38.5,B,0
4041,92.3,8.5,58.1,9.9,Offline,92.1,509.4,67.6,C,0
4042,56.0,5.0,54.0,7.8,Offline,56.7,296.2,57.6,C,1
4043,100.0,9.5,23.9,18.9,Offline,99.7,572.4,52.0,C,1
4044,84.8,8.8,54.5,12.5,Offline,84.4,529.5,58.2,C,0
4045,91.2,5.4,68.5,6.7,Offline,90.9,328.6,52.3,D,0
4046,51.1,7.6,23.4,23.5,Offline,51.5,453.3,58.0,C,1
4047,82.0,7.9,54.8,1.2,Offline,82.5,476.2,55.5,C,0
4048,42.0,6.1,57.3,16.3,Offline,43.5,365.5,49.4,D,0
4049,89.0,7.1,74.9,6.5,Offline,88.5,427.8,48.4,A,0
4050,77.4,9.4,68.4,1.9,Offline,77.1,570.1,37.2,D,0
4051,80.6,1.8,45.6,14.3,Offline,81.0,108.6,43.5,D,0
4052,62.2,6.7,44.4,8.1,Offline,62.7,403.7,41.1,A,0
4053,81.7,7.2,61.5,17.1,Offline,81.3,435.1,34.6,B,0
4054,74.7,7.1,27.8,4.7,Offline,73.9,425.1,55.1,A,1
4055,51.0,4.3,71.8,27.3,Offline,51.2,255.2,51.5,C,1
4056,81.1,5.3,74.8,11.9,Offline,81.5,316.9,49.5,D,1
4057,73.5,5.6,70.6,1.9,Offline,74.7,336.6,48.8,D,0
4058,54.4,10.7,52.3,0.2,Offline,54.6,640.3,50.9,C,0
4059,91.9,4.3,47.4,5.3,Offline,92.4,259.0,50.9,B,0
4060,55.8,8.1,40.1,1.7,Offline,56.0,483.1,26.3,C,0
4061,65.0,8.9,53.5,1.0,Offline,64.7,528.9,44.5,B,0
4062,47.7,6.0,71.3,1.9,Offline,47.5,358.8,52.4,A,1
4063,50.4,11.0,54.5,18.1,Offline,50.0,664.0,79.6,A,1
4064,83.0,5.6,47.8,5.8,Offline,82.6,335.3,63.5,B,0
4065,100.0,4.1,69.3,21.6,Offline,100.7,252.7,52.7,B,0
4066,67.2,5.0,54.6,1.6,Offline,67.2,294.6,45.2,D,0
4067,72.5,6.7,61.7,1.6,Offline,71.9,398.2,54.2,A,1
4068,71.9,8.4,47.9,3.5,Offline,72.0,507.3,26.5,D,1
4069,92.5,3.3,72.7,3.5,Offline,92.7,199.4,49.5,D,0
4070,100.0,3.6,65.3,1.0,Offline,99.3,218.7,70.8,A,0
4071,82.5,8.9,40.9,3.2,Offline,82.3,534.0,59.9,B,1
4072,74.4,7.6,75.0,30.2,Offline,75.1,457.1,43.9,C,1
4073,92.4,4.5,54.9,13.9,Offline,92.6,266.1,44.4,B,0
4074,87.8,2.9,68.4,1.4,Offline,88.0,177.5,54.0,C,0
4075,73.3,1.6,62.7,3.2,Offline,72.9,93.3,51.2,D,0
4076,78.4,3.6,30.2,35.5,Offline,78.4,214.0,46.1,B,0
4077,63.6,8.0,48.6,2.9,Offline,63.9,486.1,51.8,B,1
4078,78.6,4.5,91.7,7.3,Offline,79.1,271.4,48.8,A,0
4079,55.5,9.1,57.5,18.3,Offline,55.3,550.8,58.3,D,1
4080,99.2,6.4,51.5,14.7,Offline,99.0,380.8,53.3,D,0
4081,99.0,2.9,51.5,4.2,Offline,99.1,170.9,43.1,B,0
4082,44.0,8.6,47.1,1.4,Offline,44.0,516.6,59.3,B,1
4083,44.3,6.4,59.3,3.8,Offline,44.6,384.7,42.3,B,0
4084,62.5,6.1,83.1,5.2,Offline,63.4,376.6,39.8,D,0
4085,73.6,8.1,50.2,4.9,Offline,73.3,480.3,52.5,B,0
4086,92.4,4.8,39.5,0.1,Offline,92.7,286.6,53.4,A,0
4087,69.7,14.0,60.7,10.9,Offline,69.4,837.8,64.7,B,1
4088,91.7,4.7,39.8,10.8,Offline,91.4,278.0,52.6,C,0
4089,50.6,5.9,56.6,5.6,Offline,50.6,354.8,61.2,C,1
4090,70.7,6.2,86.9,5.6,Offline,70.7,371.1,53.2,A,0
4091,72.4,11.0,73.5,7.6,Offline,72.0,650.8,39.2,A,1
4092,58.3,7.2,49.7,7.1,Offline,57.5,427.7,54.7,C,0
4093,59.9,3.8,97.8,0.0,Offline,59.9,226.6,50.8,D,0
4094,84.7,8.8,55.7,7.8,Online,85.0,532.8,62.5,B,0
4095,79.6,5.7,81.0,14.0,Offline,79.6,345.1,58.7,B,0
4096,89.6,6.0,56.7,4.1,Offline,89.3,359.0,59.5,A,0
4097,42.8,4.4,46.6,0.1,Offline,43.0,264.1,50.3,D,1
4098,99.1,9.5,51.6,8.0,Offline,99.4,565.0,34.3,D,0
4099,100.0,7.4,55.7,2.5,Offline,99.4,441.9,58.4,D,0
4100,100.0,4.8,73.0,2.9,Offline,100.2,292.2,48.6,D,0
4101,74.1,5.4,61.7,9.6,Offline,75.0,326.9,51.7,B,0
4102,64.4,8.7,74.2,6.9,Offline,65.5,515.6,49.6,B,1
4103,84.1,2.7,52.7,5.5,Offline,83.3,166.3,54.0,C,0
4104,77.4,8.8,91.1,3.8,Offline,76.9,526.7,54.2,D,0
4105,90.0,1.4,87.1,14.2,Offline,89.5,86.4,61.2,D,0
4106,37.9,7.4,56.5,7.9,Offline,38.4,440.9,51.0,B,0
4107,69.4,5.3,57.7,3.4,Offline,69.8,310.1,44.4,C,0
4108,78.5,7.4,55.8,16.3,Offline,78.2,436.0,53.6,A,0
4109,58.6,5.8,33.8,22.2,Offline,58.8,356.6,57.7,C,1
4110,58.3,11.2,18.4,25.8,Offline,57.5,675.2,44.0,B,0
4111,100.0,5.4,55.9,8.7,Offline,99.7,329.5,46.6,D,0
4112,83.4,4.7,51.2,20.7,Offline,83.9,284.3,39.9,D,0
4113,59.2,6.2,80.4,3.2,Offline,58.5,370.0,67.5,B,0
4114,100.0,3.6,58.8,3.1,Offline,99.3,215.8,57.8,A,0
4115,68.7,2.0,80.9,13.2,Offline,68.1,111.4,46.4,C,0
4116,60.4,4.7,68.6,9.6,Offline,60.3,279.7,46.2,C,0
4117,61.8,5.5,45.3,4.7,Offline,61.4,334.3,53.4,A,1
4118,64.9,3.1,90.8,6.4,Offline,65.2,187.4,55.4,D,0
4119,83.3,7.0,75.2,8.2,Offline,83.4,416.0,48.9,D,0
4120,74.0,4.7,63.4,35.0,Offline,73.4,287.2,40.2,C,0
4121,78.6,8.7,93.3,7.0,Offline,78.2,524.4,41.8,D,0
4122,66.8,7.4,44.0,21.1,Offline,67.4,444.1,47.3,D,0
4123,84.2,0.0,77.1,7.2,Offline,83.4,-2.5,60.2,A,0
4124,62.5,6.1,83.4,1.5,Offline,62.5,366.8,40.7,C,1
4125,80.2,6.2,71.4,6.5,Offline,79.9,368.8,62.2,B,0
4126,57.4,2.0,82.2,13.8,Offline,58.2,123.6,33.0,D,0
4127,91.5,7.6,47.4,4.1,Offline,92.0,456.2,47.7,A,0
4128,85.9,2.2,61.9,11.4,Offline,86.9,131.6,38.1,A,1
4129,71.0,4.9,66.4,14.8,Offline,71.2,292.5,53.5,D,0
4130,78.0,4.8,58.1,17.7,Offline,78.5,287.3,38.4,D,1
4131,65.8,9.8,89.2,2.0,Offline,65.5,592.3,57.6,A,0
4132,68.5,3.4,47.5,12.8,Offline,68.8,207.4,65.4,A,0
4133,78.6,7.5,77.4,14.1,Offline,77.8,449.7,47.0,D,0
4134,91.5,5.6,60.2,7.1,Offline,92.1,335.4,29.3,D,0
4135,48.3,5.7,69.1,1.0,Offline,49.3,341.5,60.9,C,0
4136,69.7,2.2,62.7,20.6,Offline,69.4,130.8,55.8,A,0
4137,86.7,13.7,52.3,3.8,Offline,86.3,824.0,50.2,C,0
4138,56.6,1.5,77.0,8.0,Offline,57.3,87.4,60.7,C,1
4139,54.5,4.6,38.0,18.5,Offline,54.5,273.3,36.4,B,0
4140,90.9,8.9,60.7,10.0,Offline,90.6,538.0,50.8,C,0
4141,67.9,5.1,74.5,15.3,Offline,67.6,307.1,30.7,D,0
4142,100.0,6.6,49.3,12.9,Offline,99.9,402.2,73.0,A,0
4143,88.7,4.1,65.7,18.0,Offline,89.0,242.2,71.0,A,0
4144,77.1,7.5,58.3,18.1,Offline,77.8,450.6,60.2,C,0
4145,73.8,7.3,33.6,11.2,Offline,73.6,441.9,54.3,D,0
4146,73.5,7.4,61.9,0.3,Offline,74.1,444.5,51.2,C,0
4147,71.7,4.4,73.5,3.9,Offline,71.9,262.3,45.6,C,0
4148,68.5,4.5,57.2,16.5,Offline,68.9,269.1,51.4,B,1
4149,53.5,4.7,81.1,6.8,Offline,53.2,280.9,66.5,D,1
4150,67.4,0.0,38.5,1.0,Offline,67.8,1.5,35.2,D,1
4151,80.4,4.6,59.5,11.7,Offline,80.5,280.3,51.4,D,0
4152,58.6,9.8,72.2,8.5,Offline,58.9,592.1,32.9,B,0
4153,57.1,2.7,55.3,5.0,Offline,56.9,160.5,51.7,A,1
4154,63.4,8.1,60.7,0.5,Offline,63.1,479.4,47.1,D,0
4155,100.0,5.7,50.8,3.2,Online,99.6,340.2,71.1,A,0
4156,97.0,5.4,45.7,0.6,Offline,96.6,324.2,45.9,A,0
4157,84.8,2.0,70.0,1.4,Offline,84.4,116.4,59.8,A,0
4158,66.5,8.9,99.0,7.5,Offline,67.4,534.9,43.5,D,0
4159,90.6,3.8,55.9,5.1,Offline,90.8,231.4,34.9,A,0
4160,47.2,6.1,64.3,24.8,Offline,47.0,372.0,46.1,B,1
4161,86.3,7.4,73.0,2.1,Offline,85.8,443.4,77.9,D,0
4162,77.2,8.7,53.2,0.6,Offline,77.0,523.6,52.2,A,0
4163,100.0,6.6,79.9,6.5,Offline,99.6,392.0,64.3,D,0
4164,85.2,6.2,61.0,3.0,Offline,85.3,371.2,63.2,D,0
4165,68.3,5.4,86.2,3.3,Offline,68.4,320.4,54.0,C,0
4166,78.9,9.1,63.2,0.0,Offline,78.4,549.8,44.1,A,0
4167,63.6,2.4,45.1,7.9,Offline,63.6,142.0,26.1,C,0
4168,81.9,5.2,72.9,5.2,Offline,82.4,309.7,38.8,B,0
4169,68.2,5.0,36.9,7.0,Offline,68.7,298.0,61.2,D,0
4170,86.8,6.7,76.3,11.6,Offline,86.6,397.0,47.1,B,0
4171,90.4,6.4,43.7,6.2,Offline,90.4,381.3,56.4,B,0
4172,57.3,7.2,44.4,2.5,Offline,56.7,429.4,58.6,C,1
4173,97.5,3.9,46.9,7.9,Offline,97.5,234.5,60.1,C,0
4174,32.2,4.6,75.3,13.9,Offline,31.5,274.8,45.3,B,0
4175,54.8,8.0,54.3,15.8,Offline,54.5,478.6,66.4,C,0
4176,87.4,10.6,82.4,3.0,Offline,87.8,634.2,47.4,B,0
4177,87.4,5.5,72.5,1.8,Offline,86.9,329.3,57.5,A,0
4178,100.0,4.2,63.8,42.0,Offline,100.3,252.5,44.8,A,0
4179,71.5,7.8,66.9,0.7,Offline,70.8,462.9,68.6,B,0
4180,73.7,6.0,54.8,1.1,Offline,73.6,362.2,55.3,C,0
4181,88.1,1.8,60.0,6.3,Offline,87.6,103.5,38.6,A,0
4182,65.8,9.1,46.5,6.2,Offline,66.4,544.3,48.1,C,1
4183,83.5,5.5,60.3,1.4,Offline,84.2,331.6,60.5,A,0
4184,65.7,7.9,47.0,17.3,Offline,66.1,473.3,55.1,B,1
4185,68.4,4.1,70.2,24.4,Offline,69.3,249.6,49.8,B,1
4186,88.7,1.8,63.1,6.9,Offline,88.5,109.5,57.6,B,0
4187,84.0,6.2,59.9,0.2,Offline,84.5,376.2,57.1,B,0
4188,61.2,6.5,74.2,1.1,Offline,61.1,389.5,48.4,D,0
4189,96.6,7.3,47.0,2.1,Offline,96.5,431.5,72.7,A,0
4190,52.6,7.0,74.6,19.6,Offline,52.5,421.4,58.6,D,0
4191,81.6,10.5,67.4,8.0,Online,81.3,627.0,50.0,D,0
4192,87.1,8.7,27.7,0.3,Offline,87.5,526.3,53.5,B,0
4193,67.9,7.3,59.3,12.9,Offline,69.3,437.8,49.7,C,1
4194,55.7,5.1,64.8,18.7,Offline,56.0,303.8,58.9,D,1
4195,59.3,3.1,49.3,6.3,Offline,58.8,183.8,57.5,D,0
4196,78.2,7.5,74.6,5.7,Offline,78.7,452.9,42.0,C,0
4197,100.0,5.9,34.7,6.0,Offline,100.5,357.5,78.8,C,0
4198,71.3,6.6,48.6,8.4,Offline,71.2,395.9,46.4,C,0
4199,45.5,4.7,46.2,11.0,Offline,46.4,279.0,46.7,C,0
4200,66.5,6.5,82.7,3.0,Offline,66.0,384.3,35.2,A,0
4201,48.0,6.7,67.3,2.2,Offline,48.1,406.0,40.7,A,1
4202,95.4,6.3,39.9,7.7,Offline,94.7,377.4,35.1,C,0
4203,83.7,5.8,85.6,0.1,Offline,83.3,346.8,40.1,A,0
4204,82.7,4.7,88.9,21.7,Offline,82.9,277.7,41.5,C,0
4205,42.0,7.7,81.5,17.4,Offline,42.7,466.5,49.0,C,0
4206,49.3,7.4,35.5,24.4,Offline,49.8,441.8,62.3,B,1
4207,55.5,3.1,50.9,13.4,Offline,56.1,184.7,57.4,C,1
4208,70.8,4.1,59.4,7.6,Offline,70.3,245.5,31.5,D,0
4209,70.9,4.2,64.2,6.9,Offline,70.9,256.9,43.0,D,0
4210,65.5,4.5,70.0,21.0,Offline,65.0,264.7,55.9,A,1
4211,90.0,4.4,60.6,42.2,Offline,89.5,262.2,44.1,D,1
4212,57.3,3.4,73.5,0.9,Offline,57.5,204.5,55.1,B,0
4213,92.4,1.6,61.9,11.4,Offline,93.1,95.7,53.4,C,0
4214,83.8,9.0,41.7,1.4,Offline,83.7,536.1,40.8,A,0
4215,60.1,4.2,56.9,2.4,Offline,60.4,252.9,56.8,A,0
4216,68.3,5.5,42.7,3.3,Offline,67.3,330.7,51.2,C,0
4217,100.0,9.1,51.8,5.0,Offline,100.8,549.2,43.0,A,0
4218,81.0,7.4,72.7,11.2,Offline,79.8,444.4,65.3,C,0
4219,55.5,9.3,78.8,6.5,Offline,54.8,554.7,55.0,D,1
4220,72.7,4.1,72.0,3.2,Offline,73.5,247.4,53.1,A,0
4221,69.1,6.3,40.2,1.9,Offline,69.0,372.0,62.5,B,0
4222,85.5,8.7,46.7,1.4,Offline,85.2,524.4,59.7,B,0
4223,64.1,5.8,69.0,14.2,Offline,64.3,347.0,59.9,D,0
4224,87.6,4.2,75.2,23.8,Offline,88.3,252.6,57.0,A,0
4225,69.7,7.1,35.0,8.2,Offline,69.4,427.5,64.5,C,1
4226,65.2,9.3,36.9,37.4,Offline,64.5,552.2,50.8,B,1
4227,91.2,2.0,55.3,16.5,Offline,91.1,120.1,61.2,B,0
4228,80.2,8.3,62.6,4.5,Offline,80.0,498.9,61.6,B,0
4229,47.4,7.5,65.5,1.2,Offline,47.2,448.4,64.8,B,1
4230,77.3,3.3,48.8,2.7,Offline,77.5,207.8,66.0,A,0
4231,74.6,4.7,81.2,11.0,Offline,74.7,282.9,59.9,A,0
4232,80.0,7.2,32.6,0.2,Offline,80.0,434.2,51.9,C,0
4233,93.2,1.0,61.7,0.4,Offline,93.1,58.1,50.6,C,1
4234,51.6,5.5,66.3,4.7,Offline,52.0,332.3,53.0,C,1
4235,84.6,6.4,71.0,0.1,Offline,84.0,391.8,55.9,A,0
4236,69.0,5.0,60.2,7.5,Offline,68.9,299.0,71.3,C,1
4237,87.7,5.2,75.8,11.7,Offline,87.6,310.6,46.1,A,0
4238,60.8,0.4,61.1,7.4,Offline,61.0,25.0,59.3,C,0
4239,78.2,2.0,34.8,4.5,Offline,78.9,129.8,45.3,B,1
4240,98.8,4.9,54.5,2.1,Offline,98.3,295.2,44.8,C,1
4241,74.6,12.2,62.1,4.7,Offline,74.6,735.9,57.1,B,0
4242,87.2,6.1,38.8,15.2,Offline,87.2,364.9,61.8,C,0
4243,34.7,7.0,88.4,7.1,Offline,34.7,426.0,39.8,D,1
4244,56.9,6.2,32.2,52.3,Offline,56.2,371.7,56.8,A,1
4245,58.4,7.7,59.9,0.1,Online,58.6,461.7,58.9,C,1
4246,70.3,3.1,76.0,17.0,Offline,69.9,186.0,55.7,C,1
4247,71.0,11.7,47.5,31.0,Offline,71.1,702.6,45.0,B,0
4248,85.5,4.6,77.2,20.9,Offline,85.8,275.2,56.3,B,1
4249,57.1,2.1,35.3,3.8,Offline,56.6,121.5,51.3,A,0
4250,100.0,5.1,32.9,1.6,Offline,99.7,300.6,55.6,A,1
4251,100.0,6.5,58.9,0.1,Offline,99.0,393.0,57.3,D,0
4252,64.7,6.5,65.6,26.4,Offline,64.8,388.0,28.0,A,0
4253,86.7,2.6,75.3,6.7,Offline,86.6,153.8,58.1,C,0
4254,100.0,7.0,73.9,12.5,Offline,100.3,423.8,43.1,D,0
4255,70.2,5.1,76.4,5.2,Offline,69.9,303.1,52.7,A,0
4256,79.3,10.2,78.5,26.8,Offline,79.5,606.8,53.2,A,0
4257,92.7,5.5,68.2,6.1,Offline,93.3,335.0,59.5,D,1
4258,94.3,10.2,66.3,3.8,Offline,94.1,613.6,51.6,D,0
4259,79.7,2.3,48.0,5.5,Offline,79.3,137.5,57.2,C,0
4260,74.3,6.6,34.7,12.3,Offline,74.2,398.3,38.0,B,1
4261,84.2,10.6,76.5,7.5,Offline,84.5,633.7,67.4,C,0
4262,74.4,9.0,86.1,3.7,Offline,74.0,539.6,67.9,A,0
4263,93.4,8.2,52.6,33.0,Offline,94.4,487.8,44.1,B,0
4264,72.9,6.6,55.6,20.4,Offline,74.0,394.6,26.6,B,0
4265,70.1,7.7,63.6,6.3,Offline,70.2,458.9,39.7,A,0
4266,62.9,8.7,40.0,42.9,Offline,62.1,524.8,56.7,D,1
4267,100.0,2.6,51.0,26.1,Online,101.3,162.0,51.7,B,0
4268,68.9,8.1,54.2,3.9,Offline,68.9,486.7,43.9,B,1
4269,56.0,8.1,32.6,2.6,Offline,55.7,490.4,51.5,C,0
4270,84.3,4.3,74.7,11.0,Offline,84.1,256.4,30.5,D,0
4271,67.0,8.0,49.8,3.2,Offline,66.8,485.1,52.4,A,1
4272,85.2,3.9,60.1,13.3,Offline,84.9,240.2,51.3,B,0
4273,73.7,4.8,34.5,6.5,Offline,73.7,283.8,32.9,D,0
4274,76.3,7.8,26.5,4.3,Offline,76.2,465.7,45.7,A,1
4275,75.7,0.0,53.6,3.9,Offline,76.0,4.0,39.7,A,0
4276,80.3,4.2,54.6,9.9,Offline,80.3,253.6,55.9,C,0
4277,72.7,2.6,51.6,4.9,Offline,73.1,153.4,61.6,B,0
4278,61.7,4.4,54.6,15.7,Offline,61.5,265.2,40.0,A,1
4279,79.3,2.8,56.5,2.1,Offline,78.3,168.5,43.8,A,0
4280,82.7,4.5,45.6,3.9,Offline,82.6,266.2,41.4,A,0
4281,49.6,5.9,56.6,10.8,Offline,50.5,351.1,57.6,C,1
4282,68.7,7.2,73.5,16.6,Offline,69.6,430.4,62.4,D,0
4283,79.6,7.2,82.6,4.8,Offline,80.1,433.8,34.7,A,0
4284,87.0,9.4,84.6,8.2,Offline,86.6,558.3,69.6,D,0
4285,100.0,8.8,43.6,2.4,Offline,99.6,525.5,50.4,C,0
4286,89.8,8.6,58.5,12.7,Offline,89.2,516.1,48.0,C,0
4287,86.5,4.9,53.1,23.4,Offline,86.8,292.5,66.4,A,0
4288,76.7,6.1,52.7,2.3,Offline,76.4,368.5,50.3,A,1
4289,80.8,7.8,83.0,10.6,Offline,81.2,463.3,30.0,A,0
4290,74.3,2.0,53.3,3.9,Offline,74.0,120.2,54.7,D,0
4291,84.7,4.6,50.7,5.9,Offline,84.7,282.6,60.0,B,1
4292,43.8,5.5,45.3,10.0,Offline,44.3,329.5,38.5,B,1
4293,73.1,5.0,54.5,6.7,Offline,73.2,307.0,56.0,B,0
4294,100.0,6.1,48.1,4.4,Offline,99.8,366.7,50.9,A,0
4295,66.2,5.9,60.8,38.9,Offline,66.3,354.8,48.5,A,1
4296,53.7,10.2,54.8,1.0,Offline,53.6,609.5,51.6,D,1
4297,66.1,4.9,85.1,15.4,Offline,66.9,292.7,40.0,A,0
4298,73.1,1.8,69.9,9.7,Offline,73.9,104.4,55.1,D,0
4299,90.8,2.5,38.6,9.6,Offline,90.6,149.5,27.7,C,0
4300,44.9,3.2,57.1,0.1,Offline,44.2,195.9,42.1,A,0
4301,71.0,6.2,64.7,15.2,Offline,71.3,367.7,47.8,D,0
4302,94.2,8.2,71.3,11.2,Online,94.5,489.3,61.4,B,0
4303,81.3,7.1,40.5,10.5,Offline,81.0,430.0,28.9,A,0
4304,62.2,3.7,40.5,5.6,Offline,62.5,221.7,58.9,B,1
4305,94.8,7.3,52.6,16.8,Offline,94.5,436.0,53.2,C,0
4306,76.6,10.5,71.6,22.0,Offline,77.0,624.2,54.7,A,0
4307,73.5,5.1,66.8,7.1,Offline,72.5,302.9,57.0,A,0
4308,76.1,5.5,66.0,10.3,Offline,75.7,324.9,43.6,D,1
4309,67.4,8.0,25.6,1.6,Offline,67.4,485.1,48.9,C,1
4310,90.0,7.2,16.2,19.8,Offline,89.7,430.3,54.1,D,0
4311,92.6,3.2,48.5,12.9,Offline,93.1,193.2,56.3,A,0
4312,78.8,0.0,56.7,3.7,Offline,79.6,-2.2,60.0,B,0
4313,86.6,2.2,55.1,14.1,Offline,85.8,131.2,51.3,B,0
4314,76.2,9.1,60.9,3.1,Offline,77.0,546.1,42.2,C,0
4315,70.5,2.3,39.1,22.2,Offline,71.1,140.6,59.4,C,1
4316,77.5,6.1,91.1,3.5,Offline,76.6,361.4,59.9,C,0
4317,70.2,5.7,37.6,4.7,Offline,70.7,335.7,58.1,C,0
4318,74.6,4.2,70.8,14.8,Offline,74.9,255.1,55.7,B,0
4319,73.5,2.6,77.4,10.1,Offline,73.8,157.7,54.2,C,1
4320,97.9,4.6,35.7,13.3,Offline,97.2,280.0,57.8,A,0
4321,50.3,4.4,51.8,18.8,Offline,50.4,260.4,45.4,D,1
4322,68.9,9.1,59.2,12.1,Offline,68.3,544.3,58.2,D,0
4323,86.6,6.2,50.5,6.2,Offline,87.0,375.2,50.3,D,0
4324,64.6,12.5,36.6,11.8,Offline,65.7,749.1,52.9,D,0
4325,72.3,8.9,59.5,29.5,Offline,70.9,533.0,44.0,A,1
4326,75.3,6.9,52.7,6.7,Offline,75.5,414.4,32.5,D,1
4327,73.3,2.0,48.4,5.2,Offline,73.1,121.9,57.2,D,0
4328,77.2,5.7,61.7,1.8,Offline,77.2,345.7,63.2,B,0
4329,63.1,4.2,63.6,0.4,Offline,63.4,258.8,57.9,B,0
4330,67.7,6.2,53.5,16.0,Offline,67.8,370.7,51.4,C,1
4331,58.5,4.2,49.2,15.4,Offline,59.0,250.9,49.3,A,1
4332,68.6,4.4,59.3,6.5,Offline,69.2,260.7,47.9,C,1
4333,62.2,10.5,33.8,6.9,Offline,62.4,630.7,42.1,C,1
4334,50.0,5.7,42.3,9.8,Offline,49.8,339.8,50.4,A,1
4335,72.3,6.4,63.6,4.7,Offline,71.4,379.5,61.6,C,1
4336,75.3,4.8,61.7,8.1,Offline,75.0,289.9,46.3,D,0
4337,77.4,6.4,64.7,9.6,Offline,78.3,379.8,58.2,D,0
4338,75.5,10.5,41.6,17.2,Offline,75.6,624.5,48.1,D,0
4339,85.8,3.0,58.2,5.8,Offline,85.4,175.9,55.1,B,0
4340,79.1,6.0,41.1,1.9,Offline,78.9,365.9,67.2,A,0
4341,76.6,4.9,54.0,0.8,Offline,76.8,299.5,55.6,D,1
4342,90.9,7.8,61.5,0.0,Offline,90.1,462.3,43.6,B,0
4343,76.3,2.4,32.2,0.9,Offline,75.7,145.0,46.5,C,0
4344,62.1,9.7,53.1,0.3,Offline,62.0,574.9,34.3,C,0
4345,86.3,7.5,46.0,3.2,Offline,85.3,445.8,47.0,A,1
4346,76.1,6.7,56.8,2.7,Offline,76.6,396.7,43.8,B,0
4347,50.3,3.4,81.4,2.3,Offline,51.2,205.1,57.6,A,1
4348,68.1,6.3,51.0,3.0,Offline,67.1,383.4,46.1,C,0
4349,58.6,10.4,62.7,30.3,Offline,58.5,624.7,53.2,B,1
4350,80.0,7.7,72.6,20.9,Offline,80.3,464.4,47.9,C,0
4351,70.3,3.9,43.6,1.4,Offline,70.5,239.3,54.9,B,0
4352,44.8,3.6,50.9,11.8,Offline,44.9,214.6,36.6,D,1
4353,57.2,2.7,61.8,0.5,Offline,57.7,162.5,59.5,B,0
4354,92.5,9.1,55.0,18.3,Offline,92.7,549.8,60.5,C,0
4355,73.7,3.9,60.4,7.4,Offline,73.1,234.7,56.1,C,0
4356,75.7,4.5,61.6,13.1,Offline,75.7,271.4,40.6,B,0
4357,68.9,6.6,51.7,14.7,Online,69.1,393.6,57.0,A,0
4358,74.6,1.2,35.9,43.6,Offline,75.3,77.2,62.5,D,0
4359,90.7,5.6,34.5,0.9,Offline,91.0,337.5,46.2,D,0
4360,78.9,8.3,46.5,3.9,Offline,78.9,495.1,41.2,D,1
4361,67.9,9.7,64.2,9.8,Offline,68.0,581.0,62.6,B,0
4362,74.3,7.4,72.9,4.0,Offline,73.9,440.9,55.2,C,0
4363,96.4,4.2,51.8,1.0,Offline,96.3,257.3,36.9,C,1
4364,81.9,7.4,41.1,9.9,Offline,82.4,444.2,53.4,A,1
4365,71.3,5.8,40.2,2.8,Offline,70.2,340.1,40.8,C,1
4366,96.9,6.0,54.6,12.7,Offline,96.4,355.5,37.3,D,0
4367,56.8,7.7,43.3,1.5,Offline,57.3,461.6,43.7,C,1
4368,39.1,2.1,51.0,1.7,Offline,39.5,129.6,46.0,D,1
4369,69.4,2.8,56.5,1.6,Offline,69.2,168.5,53.5,A,1
4370,76.6,10.9,76.7,3.7,Offline,76.6,659.8,55.9,A,0
4371,78.7,3.3,73.1,7.1,Offline,78.7,194.9,43.6,B,0
4372,51.9,6.0,31.6,19.4,Online,52.5,364.2,60.4,B,1
4373,73.3,1.7,55.7,1.0,Offline,73.8,101.2,42.2,D,1
4374,67.2,6.3,37.1,6.8,Offline,67.6,371.3,50.2,B,1
4375,90.2,7.0,70.9,18.0,Offline,90.1,421.3,45.6,C,0
4376,89.1,2.2,68.4,7.7,Offline,89.6,126.0,51.6,B,0
4377,76.1,9.4,32.2,7.5,Offline,76.1,561.9,48.1,B,1
4378,60.1,5.4,67.2,2.4,Offline,60.1,318.8,36.8,A,1
4379,80.8,11.2,60.9,5.2,Offline,80.9,667.3,56.9,C,1
4380,75.3,3.6,67.2,4.7,Offline,75.4,211.8,79.6,D,0
4381,74.1,7.0,86.9,22.6,Offline,73.4,416.6,70.3,B,0
4382,77.3,9.9,70.2,9.4,Offline,76.5,594.7,45.3,C,0
4383,90.1,9.2,64.6,2.5,Offline,90.3,559.3,38.3,B,0
4384,60.8,9.7,46.0,18.8,Offline,61.1,581.2,43.2,C,1
4385,54.4,8.4,52.4,15.4,Offline,54.5,508.2,49.7,B,1
4386,77.9,6.4,60.3,2.7,Offline,78.8,380.9,60.9,A,0
4387,82.7,8.2,74.6,13.5,Offline,82.7,490.7,35.9,A,0
4388,75.7,7.2,44.3,13.9,Offline,75.8,435.1,33.3,A,0
4389,48.4,4.7,32.3,3.9,Offline,49.1,285.1,48.5,D,1
4390,70.9,7.6,77.8,13.6,Offline,70.3,461.1,65.7,C,0
4391,65.3,8.8,77.4,18.7,Offline,65.0,527.4,49.8,D,1
4392,74.0,8.1,43.7,10.5,Offline,74.6,488.6,49.4,B,1
4393,76.0,0.0,87.6,9.6,Offline,76.3,-1.8,62.5,A,0
4394,57.6,6.0,64.5,3.7,Offline,57.9,359.8,49.5,D,0
4395,65.7,6.1,68.7,10.1,Offline,65.0,362.6,57.6,B,1
4396,60.1,6.8,44.9,22.3,Offline,60.2,407.0,65.7,B,1
4397,69.3,8.0,75.9,8.2,Offline,69.5,482.3,55.8,B,0
4398,88.3,8.8,49.7,8.0,Offline,88.9,531.1,69.5,C,1
4399,56.9,8.8,39.1,13.2,Offline,57.2,530.1,47.9,B,0
4400,79.5,7.0,54.1,1.1,Offline,79.6,418.1,36.6,B,1
4401,77.6,9.4,75.6,6.2,Offline,77.7,563.2,60.7,A,0
4402,59.6,4.2,75.0,2.3,Offline,59.7,251.3,53.2,C,0
4403,86.6,7.0,72.8,0.2,Offline,87.7,422.1,50.0,C,0
4404,36.1,10.6,51.1,2.0,Offline,36.8,632.9,40.1,B,1
4405,100.0,7.4,68.4,9.5,Offline,99.0,450.8,61.2,B,0
4406,92.6,4.0,51.0,1.0,Offline,91.1,239.0,42.1,B,0
4407,69.5,6.4,68.9,4.7,Offline,69.8,385.7,46.0,B,0
4408,58.0,5.9,51.2,19.6,Offline,57.3,353.6,50.2,B,1
4409,61.3,3.4,45.9,3.1,Offline,60.6,206.3,40.1,D,1
4410,56.0,6.2,50.9,5.1,Offline,56.2,374.1,66.2,B,0
4411,100.0,7.6,55.1,17.2,Offline,100.3,454.7,55.0,C,1
4412,55.3,3.4,48.7,6.0,Offline,55.4,211.1,42.9,C,0
4413,79.1,7.6,60.0,21.5,Offline,78.6,462.5,64.7,A,0
4414,51.1,0.0,53.8,9.6,Offline,51.3,-2.9,47.5,B,0
4415,74.2,4.4,44.6,1.3,Offline,74.5,260.6,65.2,C,0
4416,81.1,6.9,67.9,14.5,Offline,81.4,409.4,64.4,B,1
4417,67.8,7.0,55.0,25.3,Offline,68.8,417.7,38.3,D,0
4418,91.3,8.3,52.8,28.0,Offline,91.8,494.7,47.5,B,0
4419,73.4,5.4,44.5,27.0,Offline,73.0,322.2,56.8,C,0
4420,84.0,4.6,75.6,6.2,Offline,84.2,271.8,56.5,B,0
4421,72.1,0.5,61.5,3.5,Offline,71.7,31.6,46.3,C,1
4422,58.4,4.3,39.9,1.4,Offline,58.3,259.4,55.0,A,0
4423,71.3,3.4,65.3,11.7,Offline,71.2,204.2,41.8,C,0
4424,80.7,8.6,70.0,9.2,Offline,80.4,515.7,40.5,B,1
4425,86.8,7.8,47.8,8.2,Offline,85.5,464.1,39.5,B,0
4426,66.2,6.6,53.3,9.4,Offline,66.6,399.8,37.6,B,0
4427,59.8,8.8,54.2,2.2,Offline,60.6,530.3,52.6,A,0
4428,70.1,10.0,75.0,0.1,Offline,70.4,600.3,59.6,C,0
4429,64.0,8.2,62.9,17.7,Offline,63.4,492.1,60.6,A,0
4430,72.0,5.1,75.6,0.4,Offline,71.8,310.7,49.7,A,1
4431,67.3,4.2,71.3,10.8,Offline,66.7,256.2,70.2,B,0
4432,78.5,8.4,54.8,5.4,Offline,78.0,502.8,45.1,B,0
4433,83.0,11.8,51.7,12.4,Offline,82.6,704.6,52.1,B,0
4434,58.4,7.7,62.0,1.1,Offline,58.9,458.2,43.5,B,1
4435,76.9,4.7,42.6,7.1,Offline,77.3,286.0,49.8,B,1
4436,65.3,7.6,66.3,4.1,Offline,65.0,454.3,67.3,D,0
4437,87.8,4.1,60.2,19.8,Offline,86.4,246.9,59.6,D,0
4438,62.0,1.9,77.0,2.6,Offline,61.1,117.3,35.7,A,0
4439,59.8,6.9,62.8,0.9,Offline,60.3,416.1,33.4,A,0
4440,54.0,4.7,52.6,3.6,Offline,54.7,283.9,46.6,A,1
4441,68.5,9.7,85.5,0.0,Offline,68.5,581.0,46.8,A,1
4442,73.2,0.0,75.1,7.1,Offline,73.4,-1.1,47.2,D,1
4443,60.3,4.7,75.5,2.6,Offline,60.3,277.4,37.0,D,0
4444,73.3,6.5,88.6,4.0,Offline,74.0,384.4,28.6,C,0
4445,35.6,5.1,69.1,9.8,Offline,35.1,309.4,56.5,B,1
4446,75.1,5.9,50.7,4.8,Offline,75.1,361.1,42.9,B,1
4447,72.6,9.3,84.8,28.2,Offline,72.0,559.9,36.0,A,1
4448,41.4,2.5,54.1,15.6,Offline,40.8,152.9,56.5,B,1
4449,93.9,3.0,56.3,5.5,Online,93.9,177.5,50.3,C,0
4450,80.2,2.9,47.3,0.6,Offline,80.3,175.1,35.2,C,0
4451,82.2,8.7,64.3,17.6,Offline,81.8,513.5,55.9,D,0
4452,89.9,4.9,69.0,5.9,Offline,90.3,288.5,49.8,D,0
4453,64.3,6.2,77.8,15.0,Offline,64.7,374.6,55.6,C,0
4454,54.7,2.2,55.8,4.2,Offline,54.8,137.0,54.4,B,0
4455,100.0,3.0,58.1,7.8,Offline,99.4,178.6,50.7,B,0
4456,63.9,5.4,43.9,4.9,Offline,63.7,322.2,44.8,D,1
4457,44.9,13.4,44.0,22.4,Offline,44.1,806.6,48.5,C,0
4458,43.8,4.2,63.9,2.1,Offline,43.7,250.2,40.3,A,0
4459,100.0,3.4,42.4,10.0,Offline,100.4,200.9,60.0,A,0
4460,75.4,8.1,61.5,7.2,Offline,74.5,484.4,50.1,B,0
4461,79.0,7.1,66.8,20.4,Offline,78.7,427.9,44.1,C,0
4462,77.0,0.0,57.7,10.4,Offline,77.0,2.5,59.0,B,0
4463,81.0,6.9,78.1,29.4,Offline,80.8,415.1,43.6,D,0
4464,100.0,4.0,62.2,3.1,Offline,99.5,246.1,41.0,C,0
4465,67.1,6.8,61.2,29.3,Offline,67.5,406.2,35.3,C,0
4466,89.8,5.7,60.6,10.1,Offline,90.2,342.8,53.2,A,0
4467,76.8,9.6,44.0,64.0,Offline,77.5,572.7,60.0,A,0
4468,66.6,6.2,69.9,12.2,Offline,66.5,368.4,41.6,C,0
4469,61.8,4.0,57.8,1.7,Offline,62.2,236.4,58.5,A,1
4470,72.8,7.4,57.2,6.4,Offline,73.3,445.3,56.9,C,0
4471,65.0,2.4,60.1,3.9,Offline,64.4,142.3,50.1,B,0
4472,89.4,1.6,62.6,26.2,Offline,88.4,92.7,62.2,A,0
4473,100.0,6.5,70.3,5.3,Offline,99.7,389.1,41.7,D,0
4474,82.4,2.8,42.9,8.0,Offline,82.8,173.0,61.9,D,0
4475,66.5,7.5,71.0,24.9,Offline,66.6,452.0,58.2,A,0
4476,54.4,6.7,41.0,9.4,Offline,53.8,405.2,59.4,B,1
4477,59.6,6.1,62.3,20.7,Offline,59.0,364.0,50.8,A,1
4478,88.4,8.6,63.9,8.5,Offline,87.6,516.8,47.4,B,0
4479,85.7,8.1,60.5,15.9,Offline,85.9,487.9,51.9,D,1
4480,94.5,7.1,82.5,10.6,Offline,93.9,429.1,54.2,D,0
4481,60.1,7.6,42.3,7.6,Offline,59.7,458.5,53.5,D,1
4482,74.0,7.4,70.1,2.3,Offline,73.7,440.2,48.7,C,0
4483,93.6,6.9,45.1,1.6,Offline,94.8,417.7,55.3,D,0
4484,79.6,3.0,28.0,4.1,Offline,80.1,179.2,48.6,A,1
4485,58.7,0.0,31.1,2.7,Offline,58.7,-0.8,46.9,B,1
4486,61.5,1.5,58.3,1.3,Offline,61.4,88.4,63.2,C,0
4487,51.3,3.7,52.6,2.3,Offline,50.5,222.7,55.1,C,0
4488,54.6,7.4,83.6,5.5,Offline,54.9,448.3,48.4,A,1
4489,95.7,1.8,76.1,33.3,Offline,95.2,106.2,35.6,A,0
4490,57.4,5.2,42.3,0.4,Offline,56.9,309.5,36.9,D,1
4491,96.2,5.5,66.6,4.7,Offline,96.2,326.7,66.2,B,0
4492,91.1,6.6,51.9,7.5,Offline,91.2,394.5,62.4,B,0
4493,80.9,7.7,64.9,2.0,Offline,80.9,460.7,47.6,C,0
4494,62.8,5.9,91.5,0.1,Offline,62.3,352.5,46.7,B,0
4495,100.0,6.2,62.4,20.7,Offline,99.8,374.2,50.5,A,1
4496,88.2,1.4,51.9,9.8,Offline,87.8,85.0,47.3,C,0
4497,91.6,4.8,56.4,12.6,Offline,91.0,289.1,38.9,C,1
4498,75.5,4.8,62.4,13.4,Offline,74.9,294.0,56.0,B,0
4499,52.3,10.3,53.4,10.3,Offline,52.2,618.7,75.6,C,1
4500,83.2,9.7,69.9,2.8,Offline,82.5,581.4,46.6,C,0
4501,85.7,9.3,64.8,6.7,Offline,86.0,566.6,30.0,D,0
4502,53.8,6.3,92.5,16.8,Offline,54.5,377.3,55.4,B,0
4503,74.5,5.6,37.1,2.9,Offline,75.0,337.1,45.5,C,1
4504,78.1,3.9,51.6,7.4,Offline,77.3,235.8,42.5,B,0
4505,55.3,5.1,54.5,10.3,Offline,55.3,306.0,52.6,D,1
4506,76.9,1.7,63.7,1.4,Offline,78.1,98.0,52.6,C,1
4507,74.7,4.2,60.6,26.4,Offline,75.6,249.1,67.2,A,0
4508,81.0,3.8,58.6,1.1,Offline,80.9,228.8,42.9,D,0
4509,73.5,5.4,68.6,8.1,Offline,73.5,321.2,43.7,C,1
4510,68.8,15.2,82.8,6.2,Offline,69.0,911.7,44.0,C,0
4511,71.3,9.9,61.6,10.2,Offline,72.6,596.4,28.6,A,1
4512,66.9,3.6,63.3,2.1,Offline,66.6,209.8,75.9,B,0
4513,96.7,9.6,33.6,1.2,Offline,96.1,579.3,22.6,A,0
4514,80.6,4.2,36.5,18.7,Offline,81.2,247.1,41.9,D,1
4515,63.8,2.9,36.3,4.0,Offline,64.1,176.6,41.9,D,1
4516,72.3,6.0,61.0,6.7,Offline,72.2,358.7,55.3,D,0
4517,89.8,4.4,36.2,9.8,Offline,89.7,269.0,46.2,D,0
4518,93.9,3.0,64.8,0.6,Offline,94.2,179.2,63.8,D,0
4519,62.9,4.6,63.1,2.5,Offline,62.9,273.3,57.5,C,0
4520,86.8,5.5,77.6,1.5,Offline,87.0,329.1,50.0,B,0
4521,84.7,11.3,41.3,21.1,Offline,85.0,677.7,19.4,B,0
4522,83.7,3.4,63.9,33.0,Offline,83.9,202.0,39.2,A,0
4523,62.2,4.8,67.0,6.8,Offline,62.6,288.2,57.9,B,0
4524,94.3,9.2,27.2,7.1,Offline,95.1,551.0,55.5,A,0
4525,68.7,4.1,53.5,0.5,Offline,69.0,247.2,47.1,D,1
4526,58.5,4.8,65.5,4.4,Offline,58.6,284.5,60.2,A,1
4527,100.0,3.3,47.2,17.5,Offline,100.0,196.5,45.6,C,1
4528,82.0,5.3,70.6,0.6,Offline,82.9,311.6,52.2,A,0
4529,83.3,6.4,62.3,2.4,Offline,83.6,386.4,41.6,B,0
4530,100.0,3.7,98.8,2.7,Offline,100.1,221.7,58.0,D,0
4531,49.1,9.5,41.8,6.2,Offline,48.6,569.6,43.0,C,1
4532,64.0,2.3,62.9,2.9,Offline,63.6,131.8,47.5,D,1
4533,45.2,4.6,61.5,15.6,Offline,45.5,278.2,50.1,A,0
4534,68.6,4.4,38.0,5.9,Offline,68.1,265.1,44.9,B,0
4535,100.0,5.2,57.8,2.8,Online,100.0,308.6,53.1,B,0
4536,82.7,1.8,82.7,12.1,Offline,82.9,105.4,77.6,B,0
4537,86.7,3.4,41.4,3.3,Offline,86.5,205.5,50.0,A,0
4538,64.8,5.1,82.6,12.6,Offline,64.3,302.6,45.8,A,1
4539,62.8,7.8,50.4,21.8,Offline,63.2,468.6,52.8,A,1
4540,62.1,6.9,42.6,23.1,Offline,61.7,413.9,39.6,A,1
4541,100.0,5.3,45.3,0.3,Offline,100.3,318.7,57.1,A,0
4542,76.8,5.2,47.8,2.5,Offline,76.1,317.7,40.8,A,1
4543,86.2,10.0,56.3,2.1,Offline,86.2,603.9,58.4,D,0
4544,46.8,5.4,50.0,11.4,Offline,47.2,321.2,51.3,B,0
4545,83.6,6.2,65.7,10.5,Offline,83.0,371.2,57.2,D,1
4546,52.0,6.1,62.1,17.3,Offline,50.6,362.6,52.2,B,0
4547,72.0,6.5,69.2,1.3,Offline,73.4,394.0,52.8,B,0
4548,84.8,6.8,66.5,11.4,Offline,84.7,408.4,61.2,A,0
4549,81.8,5.5,73.2,12.2,Online,81.9,335.7,52.3,C,0
4550,85.9,8.5,57.3,1.6,Offline,84.7,502.4,70.5,B,1
4551,63.5,7.9,36.5,3.2,Offline,63.4,471.2,50.4,B,0
4552,62.0,6.6,53.5,7.0,Offline,61.8,393.2,60.4,D,0
4553,82.0,10.6,70.4,1.4,Offline,82.2,638.6,48.1,B,0
4554,94.4,3.0,90.1,20.2,Offline,93.8,179.0,61.0,B,0
4555,74.2,6.3,31.7,3.5,Offline,73.8,381.0,45.0,C,0
4556,76.1,7.8,68.8,0.5,Offline,76.6,471.7,52.7,D,0
4557,76.9,4.0,83.6,35.2,Offline,76.7,236.5,42.5,B,0
4558,70.2,7.2,74.2,12.6,Offline,69.8,433.0,65.6,B,0
4559,77.8,5.4,51.5,10.2,Offline,77.2,321.7,47.5,B,0
4560,66.2,3.1,64.8,17.1,Offline,66.3,191.5,50.5,A,0
4561,71.6,7.7,49.1,15.8,Offline,72.1,467.0,53.1,A,1
4562,84.8,3.5,53.7,18.9,Offline,85.0,208.7,43.3,B,1
4563,57.0,4.4,71.6,11.0,Offline,56.6,261.2,45.6,C,1
4564,72.4,5.3,69.7,11.5,Offline,72.3,316.6,54.2,B,0
4565,73.6,4.4,63.2,14.3,Offline,73.9,261.7,57.4,C,0
4566,75.1,4.2,55.8,1.9,Offline,74.8,258.9,44.7,B,0
4567,65.3,5.0,57.3,7.9,Offline,65.3,303.5,46.9,D,0
4568,76.3,4.6,48.0,2.9,Offline,76.3,279.1,62.4,C,0
4569,83.7,8.6,44.3,6.0,Offline,84.0,513.4,56.2,C,0
4570,89.8,5.6,53.6,19.1,Offline,89.7,337.2,49.8,A,0
4571,45.9,9.6,74.9,2.1,Offline,45.9,575.4,49.9,D,0
4572,79.8,5.0,80.8,19.5,Offline,80.5,305.9,81.7,B,0
4573,68.2,8.5,66.2,4.6,Offline,68.2,510.8,60.7,B,0
4574,95.4,4.2,58.1,3.6,Offline,95.1,246.7,42.0,D,0
4575,58.5,2.1,72.6,1.8,Offline,59.1,122.6,39.4,C,0
4576,68.2,5.6,63.8,0.4,Offline,68.3,334.5,77.4,D,0
4577,78.4,1.1,67.6,7.3,Offline,77.9,70.1,38.6,A,0
4578,43.7,8.7,42.5,0.2,Offline,44.3,518.9,40.6,D,1
4579,100.0,7.2,72.7,6.0,Offline,99.5,428.2,73.4,D,0
4580,87.7,6.6,78.9,5.6,Offline,87.4,401.7,49.9,C,0
4581,68.7,4.9,45.0,5.2,Offline,69.9,300.6,62.2,A,0
4582,53.0,6.0,48.4,0.9,Offline,52.8,355.0,41.3,D,0
4583,77.8,5.0,87.2,1.7,Offline,77.6,307.9,54.1,C,0
4584,83.5,10.1,77.6,6.9,Offline,83.4,610.2,52.1,D,0
4585,83.8,7.0,63.1,3.6,Offline,83.4,416.4,51.4,A,0
4586,83.8,4.5,72.6,8.3,Offline,83.7,262.3,50.9,C,0
4587,92.2,3.9,49.9,12.0,Offline,91.7,239.8,48.3,A,0
4588,88.7,8.2,66.9,14.6,Offline,88.7,486.6,48.7,B,0
4589,29.4,5.9,43.8,22.2,Offline,28.8,355.2,60.1,D,0
4590,100.0,8.6,86.8,8.8,Offline,100.7,509.3,54.8,B,0
4591,91.8,6.4,45.3,4.3,Offline,92.0,376.7,47.6,A,0
4592,66.1,8.1,48.1,4.9,Offline,65.8,483.0,50.0,C,0
4593,75.6,0.2,48.2,0.9,Offline,75.4,10.2,59.0,C,0
4594,88.3,7.1,41.4,21.6,Offline,88.1,427.9,54.4,D,0
4595,55.1,4.0,64.6,21.9,Offline,54.4,239.3,48.1,C,1
4596,100.0,8.1,42.9,8.1,Offline,99.8,484.9,51.2,A,1
4597,69.0,8.3,99.0,31.7,Offline,69.7,498.1,47.3,A,0
4598,75.4,7.3,54.5,3.2,Offline,76.1,438.8,73.0,A,1
4599,60.3,6.0,54.1,16.4,Offline,61.3,363.2,34.5,A,0
4600,78.3,6.1,82.1,0.0,Offline,79.2,364.8,42.9,C,0
4601,100.0,6.3,93.7,28.1,Offline,99.2,378.9,58.2,C,0
4602,94.6,6.3,68.5,11.4,Offline,94.2,377.5,70.0,C,0
4603,72.2,2.6,40.2,0.6,Offline,72.7,154.7,50.6,D,0
4604,43.0,7.2,56.2,4.9,Offline,42.2,430.6,26.0,D,1
4605,69.9,6.4,75.5,13.0,Offline,70.1,380.2,55.9,C,0
4606,62.9,4.8,54.9,11.4,Offline,62.9,285.3,61.2,C,1
4607,73.9,9.1,57.2,47.7,Offline,73.9,538.6,54.7,B,0
4608,56.2,5.1,73.7,25.7,Offline,56.1,300.4,62.8,B,1
4609,96.8,7.5,67.4,21.6,Offline,96.9,445.5,46.4,D,0
4610,82.4,8.7,90.8,2.2,Offline,82.9,519.5,50.5,C,0
4611,70.5,11.1,70.1,16.2,Offline,70.5,670.2,54.9,C,1
4612,70.5,6.1,55.2,17.2,Offline,70.0,366.9,59.2,C,0
4613,76.7,7.8,73.9,3.0,Offline,76.1,464.5,64.5,D,1
4614,87.6,2.0,54.0,1.3,Offline,87.5,118.6,38.1,C,0
4615,57.6,5.8,57.3,16.2,Offline,57.3,349.3,61.7,B,1
4616,66.7,4.8,73.1,3.2,Offline,67.5,288.5,44.9,B,0
4617,74.4,6.8,80.8,9.4,Offline,73.9,404.9,57.2,C,0
4618,70.5,1.9,58.0,2.0,Offline,70.5,111.5,47.8,C,0
4619,86.6,7.8,71.1,15.6,Offline,87.1,469.5,65.9,A,0
4620,73.7,7.2,53.8,15.0,Offline,74.2,436.4,58.2,A,1
4621,91.4,9.0,61.7,2.6,Offline,91.2,538.7,49.8,D,0
4622,64.8,6.2,68.6,3.8,Offline,65.5,371.7,52.9,D,0
4623,57.0,5.9,51.4,10.4,Offline,56.2,353.5,54.5,B,1
4624,70.8,6.2,77.5,26.8,Offline,71.2,369.5,50.1,D,0
4625,38.9,7.6,48.5,11.6,Offline,39.7,452.9,63.5,C,1
4626,65.1,2.4,40.4,6.6,Offline,65.4,139.6,50.1,C,0
4627,86.3,9.0,65.9,25.2,Offline,85.9,539.7,43.3,B,0
4628,96.6,5.1,66.5,2.2,Offline,96.1,306.4,54.9,A,1
4629,55.4,1.5,67.3,2.2,Offline,54.5,89.0,63.6,C,0
4630,72.5,6.9,42.8,1.1,Offline,72.6,415.5,51.2,C,0
4631,81.5,10.9,84.1,13.1,Offline,81.2,654.3,67.2,D,0
4632,47.4,4.5,57.0,48.2,Offline,48.0,268.8,60.2,C,0
4633,87.9,3.4,72.5,6.1,Offline,86.9,211.8,29.4,B,0
4634,84.7,0.0,36.6,0.8,Offline,84.9,3.5,55.1,A,0
4635,90.9,1.6,65.1,2.8,Offline,90.2,96.4,43.8,D,0
4636,89.5,6.8,60.8,14.5,Offline,89.6,414.0,66.6,C,0
4637,64.3,4.2,72.7,18.0,Offline,64.3,250.4,43.5,A,1
4638,55.4,7.3,65.2,0.7,Offline,55.4,435.5,45.7,A,0
4639,78.6,4.4,44.9,11.2,Offline,78.3,263.8,63.1,D,0
4640,80.5,7.6,50.3,0.0,Offline,80.0,454.5,44.7,D,0
4641,100.0,4.1,66.7,32.7,Offline,100.1,248.5,46.8,B,0
4642,55.3,9.2,69.2,9.4,Offline,55.6,555.4,60.1,C,1
4643,57.8,4.5,99.0,0.1,Offline,58.0,264.2,50.0,C,0
4644,75.3,11.5,53.2,1.6,Offline,74.8,691.0,45.6,B,0
4645,66.5,4.8,55.5,28.0,Offline,67.2,281.2,44.3,A,1
4646,53.0,4.9,39.3,2.0,Offline,53.7,290.7,53.2,A,1
4647,61.8,9.3,42.3,0.3,Offline,62.2,557.9,55.3,C,1
4648,90.5,10.3,55.7,14.3,Online,90.8,612.7,45.8,C,1
4649,73.8,3.4,49.7,4.1,Offline,74.3,206.9,52.5,D,0
4650,85.7,1.9,76.5,10.6,Offline,85.1,116.3,32.6,D,0
4651,75.8,9.2,69.3,25.1,Offline,76.1,547.9,50.6,B,1
4652,100.0,4.8,54.8,1.4,Offline,99.3,285.9,61.0,C,0
4653,67.3,2.9,41.8,2.6,Offline,68.2,171.2,29.6,C,1
4654,84.5,9.2,61.1,20.7,Offline,84.0,551.5,46.9,B,1
4655,66.8,2.1,48.9,4.5,Offline,66.5,128.8,65.7,B,1
4656,61.7,6.0,71.0,0.3,Offline,62.5,363.8,32.0,A,0
4657,59.0,7.3,64.3,2.1,Offline,58.5,439.2,49.6,A,0
4658,56.4,8.2,41.5,18.7,Offline,57.3,494.2,43.7,D,1
4659,65.8,8.7,62.8,20.8,Offline,66.7,520.5,57.9,B,1
4660,65.1,3.7,86.7,3.1,Offline,65.1,219.1,49.1,B,0
4661,57.2,7.1,32.7,1.4,Offline,57.6,426.8,56.8,D,1
4662,61.9,7.1,56.8,0.3,Offline,61.5,424.7,41.2,D,0
4663,81.0,10.0,60.8,3.0,Offline,81.3,601.3,61.2,C,0
4664,57.2,7.4,69.4,6.6,Offline,57.3,443.7,44.1,A,0
4665,91.6,3.2,53.8,29.5,Offline,90.8,193.7,51.4,A,0
4666,86.9,2.8,50.9,10.3,Offline,87.8,167.6,49.8,D,0
4667,75.9,4.7,67.4,15.0,Online,74.5,280.7,43.9,B,0
4668,71.1,11.9,65.8,32.1,Offline,71.8,709.0,52.8,A,0
4669,95.0,5.7,75.0,10.6,Offline,95.1,345.9,54.2,C,0
4670,95.3,3.5,58.8,2.5,Offline,94.9,203.6,56.2,A,0
4671,100.0,6.5,82.0,11.0,Offline,100.1,392.3,62.4,B,0
4672,98.2,8.6,55.1,7.4,Offline,99.1,514.3,48.7,C,1
4673,77.9,7.0,56.2,13.1,Offline,77.7,417.0,64.6,A,0
4674,58.3,5.4,58.9,13.4,Offline,59.4,324.5,44.4,C,0
4675,67.7,10.4,56.3,3.2,Offline,68.4,620.6,34.3,D,0
4676,46.8,8.8,50.9,15.2,Offline,46.8,530.2,63.4,D,1
4677,69.7,9.1,39.5,40.8,Offline,69.4,543.6,31.6,D,0
4678,70.4,3.5,85.6,30.9,Offline,70.6,212.5,53.0,D,0
4679,83.9,4.2,48.6,2.9,Offline,83.7,251.2,52.6,C,0
4680,65.2,4.3,60.4,4.2,Offline,64.9,257.2,35.5,B,1
4681,89.5,5.8,68.9,4.4,Offline,89.5,343.6,46.2,D,0
4682,85.1,6.3,79.5,2.5,Offline,85.3,379.5,38.9,A,0
4683,69.4,2.3,76.3,5.9,Offline,70.2,137.3,52.7,C,1
4684,74.8,3.3,58.4,0.3,Offline,74.5,190.0,48.8,B,0
4685,69.6,6.4,55.2,3.7,Offline,70.5,390.7,57.2,D,0
4686,72.4,7.0,65.5,10.6,Offline,71.3,417.3,48.3,A,0
4687,66.8,10.6,82.3,26.9,Offline,66.6,641.8,73.1,C,0
4688,59.8,6.2,40.0,9.2,Offline,59.7,368.8,83.3,C,0
4689,65.2,8.6,52.5,28.0,Offline,66.2,514.0,49.3,B,1
4690,82.1,1.1,53.1,1.1,Offline,82.7,65.0,43.5,B,0
4691,59.6,7.1,54.1,2.0,Online,59.2,422.8,42.8,C,0
4692,60.4,2.2,34.4,7.9,Online,59.9,131.1,41.3,C,1
4693,71.9,3.8,48.8,12.5,Offline,71.2,232.0,53.8,D,1
4694,100.0,6.3,74.4,3.5,Online,100.1,382.8,34.8,D,0
4695,83.2,6.3,80.1,16.7,Offline,82.6,377.6,59.6,B,0
4696,73.7,4.3,96.0,0.8,Offline,73.4,262.9,26.4,B,1
4697,87.7,7.8,61.1,5.4,Online,88.0,464.2,52.3,C,0
4698,80.6,1.6,34.9,10.3,Offline,80.5,99.2,44.5,B,0
4699,35.1,4.7,70.3,10.7,Offline,35.4,281.8,63.4,C,1
4700,76.5,6.5,56.8,12.8,Offline,76.7,389.7,67.0,D,1
4701,85.1,4.7,65.4,7.3,Offline,85.0,278.3,47.9,A,0
4702,90.4,6.5,33.5,15.0,Offline,91.2,392.3,69.3,C,0
4703,86.6,11.0,64.4,30.5,Offline,86.1,662.6,62.5,B,1
4704,86.9,4.6,62.3,23.7,Offline,86.5,281.2,48.1,D,0
4705,49.5,5.7,37.4,7.6,Offline,49.5,337.5,57.1,A,0
4706,67.3,3.6,60.3,2.7,Offline,67.4,220.3,70.7,A,1
4707,76.3,2.8,84.6,20.7,Offline,75.8,169.0,53.2,A,1
4708,100.0,5.5,55.2,4.4,Offline,99.9,326.8,55.7,A,0
4709,64.1,8.4,58.7,6.1,Offline,64.3,508.0,50.8,A,0
4710,88.3,3.9,56.5,7.2,Offline,88.8,233.7,53.2,A,1
4711,91.2,8.7,61.4,8.8,Offline,92.2,525.6,47.8,D,0
4712,100.0,6.7,74.4,11.5,Offline,100.8,405.1,54.7,D,0
4713,87.0,3.0,66.2,0.2,Offline,87.6,180.8,45.8,A,0
4714,97.5,2.4,64.7,2.4,Online,97.8,151.0,65.6,B,1
4715,80.5,2.8,36.9,7.2,Offline,80.6,170.1,55.0,C,0
4716,60.4,6.8,76.7,0.4,Offline,60.6,408.5,36.7,C,1
4717,54.8,5.3,68.7,1.5,Offline,54.3,317.3,54.9,C,0
4718,85.0,8.9,52.2,29.9,Offline,84.4,536.6,51.4,D,1
4719,56.9,5.5,52.3,11.6,Offline,58.3,330.2,47.8,C,1
4720,100.0,6.6,60.5,11.0,Offline,100.0,399.1,66.5,B,0
4721,90.4,8.1,72.9,2.3,Offline,89.7,487.1,45.0,C,0
4722,81.5,11.0,36.9,12.6,Offline,81.6,654.2,41.2,B,1
4723,70.8,2.3,62.5,11.5,Offline,70.8,138.4,32.8,A,0
4724,75.4,8.8,59.3,13.0,Offline,76.1,525.1,46.5,C,0
4725,89.6,6.1,83.3,0.4,Offline,88.7,360.1,45.6,D,0
4726,81.1,8.1,62.8,3.4,Offline,81.6,477.1,62.6,A,0
4727,59.5,5.1,63.3,6.8,Offline,60.2,302.4,38.6,B,1
4728,99.2,9.4,46.8,32.7,Offline,99.2,563.3,58.4,D,0
4729,73.9,4.0,33.5,6.9,Offline,73.5,245.8,61.5,C,0
4730,68.0,7.1,58.4,16.6,Offline,67.5,430.7,49.8,C,0
4731,76.8,7.2,67.7,5.7,Offline,77.0,433.2,43.2,A,0
4732,74.4,8.6,85.2,22.7,Offline,74.3,517.6,56.2,C,0
4733,98.1,3.0,79.2,5.5,Offline,98.3,176.6,65.6,D,0
4734,78.4,1.9,71.0,33.7,Offline,78.8,109.0,52.6,B,0
4735,70.2,10.5,57.0,0.5,Offline,70.2,630.1,45.3,C,0
4736,76.0,9.2,63.0,6.6,Offline,75.9,552.0,57.0,D,0
4737,79.4,5.4,68.9,3.1,Offline,79.3,327.6,57.8,B,0
4738,59.6,6.0,59.6,0.6,Offline,60.2,358.1,59.0,C,0
4739,50.7,3.0,76.3,2.4,Offline,50.6,175.9,52.9,A,1
4740,66.1,10.4,70.3,2.8,Offline,65.2,621.0,44.6,C,0
4741,75.5,2.2,48.1,14.1,Offline,75.9,129.7,61.5,B,1
4742,49.7,7.3,55.0,12.9,Offline,49.8,437.2,47.8,B,0
4743,51.5,6.0,85.5,6.6,Offline,51.9,361.9,64.8,B,1
4744,67.4,8.7,53.7,3.2,Offline,67.8,523.2,52.7,A,1
4745,76.7,9.0,51.7,3.0,Offline,75.9,536.4,58.4,D,0
4746,81.9,3.3,47.2,26.7,Offline,82.3,195.0,50.0,D,0
4747,59.6,3.7,60.7,8.2,Offline,59.5,225.3,43.3,C,0
4748,86.5,6.8,71.1,6.2,Offline,86.8,407.6,29.0,A,0
4749,49.2,2.0,46.8,2.1,Offline,49.1,120.3,60.0,D,1
4750,69.1,8.6,69.6,8.5,Offline,69.2,517.1,39.2,C,0
4751,71.8,7.5,37.1,3.8,Offline,72.6,448.3,49.2,C,1
4752,100.0,1.1,56.3,5.2,Offline,100.2,70.2,53.2,B,0
4753,87.6,10.5,63.0,1.3,Offline,87.5,627.7,56.9,B,0
4754,55.9,4.0,58.0,6.2,Offline,55.0,240.5,49.0,D,0
4755,84.7,8.3,87.0,1.4,Offline,84.8,497.5,45.6,A,0
4756,70.2,3.6,57.9,1.0,Offline,70.6,215.9,57.5,D,0
4757,75.0,9.8,67.9,14.6,Offline,75.0,595.1,48.1,B,0
4758,90.9,5.4,41.6,0.9,Offline,90.9,321.5,46.8,B,1
4759,70.7,4.0,76.4,5.4,Offline,71.4,246.0,49.0,D,0
4760,58.7,8.8,64.2,15.8,Offline,58.5,522.9,54.0,C,0
4761,72.4,5.1,62.7,5.3,Offline,72.5,303.5,37.3,C,0
4762,79.0,3.6,58.9,20.0,Offline,77.9,219.0,61.5,A,1
4763,73.9,3.8,68.8,9.4,Offline,74.1,224.3,41.6,C,1
4764,61.7,6.6,54.9,1.0,Offline,61.3,394.2,58.9,A,1
4765,68.6,7.0,57.4,2.2,Offline,68.9,426.6,68.3,C,0
4766,70.5,4.9,72.3,17.9,Offline,69.6,294.4,62.9,B,1
4767,72.8,4.8,50.1,3.3,Offline,73.1,283.9,45.3,C,1
4768,85.5,5.9,56.1,1.6,Offline,85.3,355.2,62.9,C,0
4769,91.3,4.2,52.3,34.7,Offline,91.6,254.8,54.7,A,0
4770,69.7,9.1,93.5,23.7,Offline,70.4,540.0,34.7,B,0
4771,56.3,9.1,71.5,7.6,Offline,56.4,540.3,59.2,A,0
4772,80.8,3.8,66.2,37.8,Offline,80.1,233.9,38.7,B,0
4773,63.0,4.5,88.5,2.4,Offline,63.4,268.4,37.5,A,0
4774,94.5,12.5,50.3,7.6,Offline,94.6,750.1,40.0,B,0
4775,79.3,7.6,52.4,9.3,Offline,79.0,456.9,48.7,B,0
4776,83.7,3.7,71.5,9.0,Offline,83.4,214.8,46.2,A,0
4777,39.9,6.6,74.6,1.7,Offline,39.4,397.5,39.4,B,0
4778,71.0,4.7,64.7,31.8,Offline,70.7,284.0,61.2,A,1
4779,83.1,5.3,67.2,5.5,Offline,83.8,318.6,54.0,D,0
4780,52.1,8.9,79.1,12.7,Offline,52.5,533.2,44.0,A,1
4781,71.3,4.4,69.6,2.2,Offline,71.1,265.4,56.2,B,0
4782,91.0,4.6,61.8,26.1,Offline,91.2,276.9,56.7,D,1
4783,82.7,5.5,56.3,17.1,Offline,82.0,328.8,47.4,B,0
4784,57.3,7.0,63.0,6.1,Offline,57.2,419.7,61.4,C,1
4785,86.1,5.3,72.0,4.2,Offline,85.9,322.8,51.3,D,0
4786,83.9,10.9,45.7,23.3,Offline,84.0,656.5,50.6,C,0
4787,83.8,4.2,32.3,13.2,Offline,83.8,255.7,53.2,B,0
4788,77.9,8.6,54.8,6.9,Offline,77.6,508.6,50.9,D,0
4789,77.2,3.4,59.0,1.2,Offline,77.4,204.5,48.2,A,0
4790,68.9,2.7,51.9,0.3,Offline,69.1,165.4,45.3,D,0
4791,63.5,5.5,71.9,6.3,Offline,63.3,334.3,56.3,A,1
4792,47.1,5.4,58.4,5.8,Offline,47.5,324.4,40.0,D,1
4793,80.0,1.0,64.1,1.8,Offline,79.6,61.4,52.7,C,0
4794,77.6,3.1,52.0,2.0,Offline,78.0,187.2,50.2,A,0
4795,71.9,8.1,63.8,4.7,Online,71.6,481.5,42.7,A,0
4796,79.6,9.4,56.6,30.2,Offline,78.9,567.8,50.9,A,0
4797,81.7,10.6,69.1,11.6,Offline,80.7,633.8,56.0,A,0
4798,60.9,9.5,51.9,5.7,Offline,60.5,570.3,57.6,A,0
4799,72.4,4.3,73.0,26.0,Offline,72.9,255.4,50.9,B,1
4800,80.9,6.7,70.5,9.4,Offline,80.6,404.6,37.6,D,0
4801,96.5,6.4,54.5,3.7,Offline,96.4,385.8,39.6,A,0
4802,68.9,4.7,81.4,2.2,Offline,68.9,278.7,51.5,D,0
4803,76.7,8.1,63.6,5.1,Offline,76.5,486.3,52.6,D,1
4804,64.7,6.0,55.5,10.5,Offline,64.1,358.2,63.7,D,0
4805,64.6,8.7,67.7,26.0,Offline,64.9,524.0,65.1,A,0
4806,93.4,8.3,58.9,0.6,Offline,93.4,496.8,55.4,D,0
4807,38.4,8.8,71.8,8.2,Offline,38.2,532.6,48.1,A,1
4808,89.0,7.5,47.1,4.3,Offline,87.9,450.6,58.8,B,0
4809,63.5,4.3,75.9,35.4,Offline,63.1,257.1,67.3,B,1
4810,67.2,3.9,69.4,14.7,Offline,67.2,228.9,40.5,D,0
4811,74.5,6.8,59.1,9.4,Offline,74.5,416.3,58.3,D,0
4812,76.1,6.0,71.1,17.6,Offline,76.0,366.8,40.8,C,0
4813,84.5,8.8,75.0,4.8,Offline,84.4,526.5,61.3,A,1
4814,89.1,2.8,78.8,53.3,Offline,88.8,162.1,43.9,A,0
4815,90.4,8.4,53.6,16.8,Offline,90.0,498.9,61.8,D,1
4816,50.7,6.4,34.3,16.9,Offline,51.5,387.1,50.0,B,0
4817,74.2,2.3,53.0,2.0,Offline,73.2,143.5,59.7,C,0
4818,79.3,8.2,54.9,47.8,Offline,79.3,497.7,63.1,A,1
4819,80.3,6.8,44.5,35.6,Offline,80.0,409.5,57.8,D,0
4820,52.5,4.8,51.0,21.0,Offline,52.1,285.6,53.9,A,0
4821,96.4,4.2,56.5,21.9,Offline,96.0,252.9,51.7,D,0
4822,88.2,8.7,35.7,16.6,Offline,88.3,526.6,37.5,B,1
4823,73.1,4.1,84.5,7.9,Offline,73.8,242.5,54.0,A,0
4824,100.0,10.1,95.1,17.5,Offline,100.1,602.7,54.9,B,0
4825,58.2,5.4,54.7,18.6,Offline,58.4,326.7,56.0,C,1
4826,70.0,7.2,75.1,16.0,Offline,70.6,426.7,61.7,D,1
4827,71.3,6.5,62.7,26.1,Offline,71.4,389.2,74.3,B,0
4828,83.0,6.3,47.0,1.7,Offline,82.4,385.2,51.5,C,0
4829,64.2,7.0,59.9,32.4,Offline,63.6,413.2,64.2,C,0
4830,64.6,3.5,42.0,12.9,Offline,65.1,213.5,56.6,A,0
4831,91.5,9.6,99.0,8.0,Offline,91.7,579.7,55.4,B,0
4832,71.3,8.0,48.2,7.6,Offline,71.8,485.0,40.0,B,1
4833,88.9,7.4,44.9,5.1,Offline,88.9,444.5,51.2,A,0
4834,95.5,6.2,57.0,1.3,Offline,95.4,373.9,61.3,C,0
4835,70.7,6.0,57.2,0.3,Offline,71.1,362.1,46.8,D,1
4836,60.9,9.3,67.6,9.9,Offline,60.0,560.2,61.4,D,1
4837,67.7,5.8,76.7,5.3,Offline,68.3,349.2,45.1,D,0
4838,82.5,5.0,62.9,3.5,Offline,82.8,288.4,57.7,C,0
4839,91.9,3.8,57.6,2.1,Offline,91.1,226.5,38.6,C,1
4840,79.7,2.5,43.2,18.6,Online,79.6,149.1,27.6,A,1
4841,56.8,8.1,72.3,6.1,Offline,56.3,487.8,47.2,C,0
4842,79.1,6.9,37.0,7.2,Offline,79.5,412.9,54.2,A,0
4843,100.0,2.5,41.3,27.0,Offline,100.4,152.5,53.5,C,0
4844,98.9,6.1,51.9,0.8,Offline,98.8,365.2,38.2,A,0
4845,65.1,6.6,80.1,3.0,Offline,64.4,398.2,48.9,C,1
4846,79.2,9.8,47.3,5.2,Offline,79.2,585.8,65.7,A,1
4847,81.2,6.9,68.4,6.8,Offline,81.0,412.9,43.2,D,0
4848,51.8,8.3,57.9,5.7,Offline,52.0,508.3,39.1,D,1
4849,81.3,12.9,65.1,3.6,Offline,81.6,773.6,45.2,A,1
4850,49.1,2.3,94.5,2.2,Offline,49.0,139.4,50.9,B,0
4851,51.0,10.4,40.9,1.0,Offline,51.1,620.0,31.3,D,1
4852,61.7,7.4,42.4,6.3,Offline,61.4,448.2,34.0,C,1
4853,52.2,6.7,72.3,5.8,Offline,52.3,407.9,39.9,A,0
4854,76.0,4.0,58.3,8.7,Offline,75.3,242.9,40.1,B,0
4855,79.8,5.4,70.7,22.1,Offline,79.2,321.3,51.1,B,0
4856,64.9,8.3,80.8,75.4,Offline,64.4,502.0,58.4,C,1
4857,69.4,3.5,40.4,2.1,Offline,70.1,204.9,47.9,A,0
4858,85.4,3.1,60.3,1.1,Offline,84.7,187.1,9.3,C,1
4859,78.7,9.1,55.0,7.9,Offline,79.3,547.8,50.0,B,0
4860,100.0,5.6,47.7,1.5,Offline,100.4,340.6,54.5,D,0
4861,94.7,5.4,31.6,1.8,Offline,94.7,328.1,48.5,C,0
4862,47.5,2.6,72.9,14.8,Offline,47.4,156.9,58.1,D,1
4863,70.0,5.6,67.8,3.1,Offline,69.5,340.8,45.7,B,0
4864,61.7,5.6,62.4,17.1,Offline,61.1,340.5,59.9,A,0
4865,54.0,5.5,72.2,4.9,Offline,53.4,337.3,54.5,B,0
4866,90.4,5.4,61.6,2.8,Offline,90.1,320.8,50.0,C,0
4867,74.5,6.3,68.0,27.9,Offline,75.0,383.9,43.0,C,0
4868,56.7,8.0,75.8,13.9,Offline,56.8,481.6,60.9,C,0
4869,97.7,3.1,62.5,2.2,Offline,97.7,182.9,52.1,C,0
4870,97.3,5.9,67.9,2.9,Offline,97.9,357.1,56.0,D,0
4871,71.0,6.5,53.1,0.2,Offline,71.0,394.7,56.7,B,0
4872,83.7,4.7,59.2,11.6,Offline,83.9,283.9,42.3,C,0
4873,66.6,5.1,42.6,22.3,Offline,67.5,304.8,47.5,B,1
4874,74.5,2.3,38.6,2.3,Offline,74.8,136.7,47.2,C,1
4875,51.3,2.0,58.2,7.9,Offline,51.6,125.5,45.1,A,1
4876,69.2,4.4,79.1,13.7,Offline,69.0,264.1,41.6,D,1
4877,78.0,5.8,32.2,20.5,Offline,77.9,344.3,50.8,A,1
4878,62.7,7.4,42.6,1.9,Offline,61.8,441.1,58.7,B,1
4879,96.6,10.5,31.9,11.3,Offline,96.4,634.1,31.0,A,1
4880,59.3,7.2,47.7,2.0,Offline,59.1,427.4,60.6,B,0
4881,79.0,8.9,80.4,0.3,Offline,79.2,531.1,59.8,A,0
4882,78.2,4.4,74.1,21.2,Offline,78.5,271.8,39.2,A,0
4883,50.7,5.4,73.0,12.4,Offline,50.6,320.5,56.3,C,0
4884,92.5,4.7,59.6,22.7,Offline,92.4,286.2,47.4,B,0
4885,77.5,3.8,67.5,3.0,Offline,77.0,228.1,48.5,B,1
4886,90.5,9.5,67.6,2.9,Offline,90.1,566.4,50.7,C,0
4887,77.6,4.6,61.1,5.9,Offline,77.5,265.9,48.0,B,1
4888,80.1,5.5,81.7,7.2,Offline,79.9,329.4,53.1,D,0
4889,100.0,8.8,42.5,1.2,Offline,99.8,534.5,56.2,C,0
4890,75.0,5.1,58.2,23.2,Offline,75.1,302.3,59.1,D,0
4891,80.0,6.9,63.8,10.6,Offline,79.6,413.3,57.4,A,0
4892,66.5,8.1,37.6,1.3,Offline,66.5,486.3,59.5,D,1
4893,78.9,8.9,58.1,5.7,Offline,78.5,538.3,47.6,B,0
4894,72.6,7.0,48.3,28.1,Offline,72.7,421.0,43.4,B,1
4895,74.5,4.0,77.7,18.1,Offline,73.2,239.3,72.7,A,0
4896,94.1,5.1,52.5,16.2,Offline,93.3,308.0,34.1,D,0
4897,67.1,6.2,43.7,13.1,Offline,67.3,371.6,51.7,C,0
4898,75.4,4.5,57.3,4.1,Offline,74.9,272.1,36.7,D,0
4899,69.0,3.4,72.1,1.9,Offline,69.6,198.9,54.0,D,0
4900,100.0,8.2,61.0,4.3,Offline,99.6,483.1,56.7,D,0
