customer_id,credit_score,annual_income,debt_to_income_ratio,employment_years,num_late_payments_12m,num_credit_lines,loan_amount,age,has_mortgage,num_dependents,monthly_expenses,savings_balance,num_previous_loans,avg_previous_loan_amount,region,credit_score_copy,random_noise_1,random_noise_2,random_noise_3,default
3,659,28200.0,0.542,10.1,1,4,7800.0,46,1,1,300.0,4450.0,1,19720.0,East,656.0,53.47,32.86,X,1
880,607,40800.0,0.313,5.0,0,13,12500.0,40,0,2,2770.0,1270.0,3,3250.0,North,605.0,63.99,50.93,Y,0
58,584,96600.0,0.375,2.3,1,6,5500.0,21,1,0,1400.0,11080.0,2,2580.0,South,590.0,41.51,74.38,Z,1
497,757,85600.0,0.33,15.6,0,9,6400.0,42,0,1,2900.0,19570.0,0,4010.0,North,753.0,50.57,20.02,X,0
612,659,62600.0,0.416,4.4,0,3,13300.0,41,0,1,1710.0,22300.0,0,6810.0,East,659.0,40.36,19.48,Z,0
46,569,71300.0,0.459,1.8,0,10,11900.0,50,0,2,2070.0,2800.0,2,5570.0,North,572.0,54.37,16.14,Z,1
201,554,55900.0,0.456,1.7,3,6,7300.0,35,1,0,3670.0,21610.0,2,14100.0,South,558.0,60.4,54.16,X,1
666,736,43600.0,0.334,9.4,1,3,11800.0,21,0,0,3630.0,6080.0,1,19690.0,West,739.0,43.06,13.17,Z,0
604,531,41200.0,0.281,16.8,0,6,3100.0,46,0,2,2620.0,2170.0,2,18780.0,South,532.0,52.66,46.67,Y,1
300,539,65600.0,0.405,6.8,0,9,16100.0,38,0,2,2470.0,2250.0,1,10680.0,North,541.0,47.19,0.88,X,0
214,721,101000.0,0.267,4.0,0,4,10800.0,46,1,1,1970.0,2660.0,0,3300.0,West,721.0,43.22,78.77,Z,0
66,644,101600.0,0.147,1.0,1,6,7400.0,24,0,1,1940.0,4390.0,3,6790.0,North,638.0,47.06,0.57,X,1
451,713,78600.0,0.401,0.8,1,7,27300.0,40,1,0,1910.0,3540.0,1,9620.0,North,711.0,61.75,77.08,Y,0
129,661,73200.0,0.351,6.5,3,8,6200.0,44,0,2,2160.0,1570.0,4,6890.0,West,663.0,52.28,55.15,X,0
99,814,41400.0,0.135,3.7,1,10,10600.0,42,0,1,2050.0,3780.0,4,10640.0,West,812.0,52.41,25.25,X,0
857,654,77200.0,0.324,2.4,0,10,7600.0,44,0,3,3370.0,3280.0,2,22830.0,South,655.0,35.49,5.48,X,0
149,580,24700.0,0.343,10.5,3,7,8500.0,31,0,0,2300.0,5670.0,2,3520.0,West,584.0,47.34,46.5,Y,1
698,706,109500.0,0.296,3.9,0,6,11800.0,65,1,2,3450.0,5240.0,2,6680.0,East,708.0,69.26,60.75,X,0
11,711,48200.0,0.325,8.5,0,6,11300.0,48,0,3,2240.0,260.0,0,6220.0,South,706.0,50.72,3.26,X,0
917,798,33200.0,0.5,8.0,1,9,12300.0,51,0,1,2520.0,6080.0,2,8220.0,North,800.0,50.83,36.35,Z,0
515,628,52300.0,0.12,1.2,0,7,9400.0,33,0,1,2430.0,4940.0,7,6060.0,North,626.0,66.47,61.96,X,0
835,660,68600.0,0.201,12.0,1,9,16500.0,55,0,0,2510.0,16350.0,4,5410.0,South,659.0,53.19,83.29,Z,0
250,820,76800.0,0.21,4.2,0,10,2700.0,21,1,2,2710.0,1700.0,1,2590.0,East,820.0,62.8,17.89,Y,0
505,588,58100.0,0.124,4.9,0,10,7500.0,32,0,1,2530.0,1880.0,2,4740.0,East,592.0,40.57,96.46,X,0
581,650,52100.0,0.403,7.5,1,10,9600.0,43,0,2,1480.0,3840.0,1,3870.0,South,645.0,42.13,77.87,Y,1
256,700,40200.0,0.181,7.6,1,7,8400.0,33,1,2,3950.0,1420.0,2,11270.0,East,697.0,46.19,37.01,Y,1
370,687,72200.0,0.264,4.4,1,12,10500.0,51,0,0,1470.0,19900.0,4,13540.0,East,681.0,42.21,60.64,Z,0
377,685,55400.0,0.386,1.7,1,10,3300.0,42,0,0,4170.0,14410.0,1,6240.0,North,688.0,33.94,76.09,X,0
133,697,19800.0,0.093,4.2,0,8,4900.0,22,1,1,2340.0,21810.0,2,4110.0,South,694.0,33.42,37.69,Z,0
317,658,66100.0,0.114,9.4,0,10,14300.0,62,1,0,2720.0,630.0,0,7090.0,North,662.0,49.23,11.09,Z,0
995,672,37900.0,0.147,19.6,2,14,11100.0,40,1,0,1370.0,8810.0,3,13050.0,South,674.0,51.91,25.84,Z,0
713,736,94700.0,0.428,6.1,0,5,15000.0,33,0,0,1980.0,4060.0,2,4910.0,South,740.0,34.96,14.42,Y,0
724,682,123300.0,0.194,1.7,0,3,7800.0,21,1,0,2650.0,400.0,2,18380.0,South,684.0,53.25,32.35,Z,0
281,562,65600.0,0.167,1.0,1,5,9200.0,46,1,2,2270.0,2340.0,4,7430.0,West,559.0,49.03,62.44,X,0
559,693,92700.0,0.462,1.1,1,6,27000.0,38,0,1,3530.0,10730.0,3,7570.0,South,692.0,44.43,77.21,Z,0
768,729,80400.0,0.119,11.9,0,10,14800.0,53,0,0,310.0,2510.0,1,3310.0,East,727.0,56.53,96.41,Y,0
521,725,98500.0,0.432,4.8,0,11,10700.0,36,1,0,820.0,1810.0,1,3250.0,West,723.0,35.89,19.45,Z,1
452,749,60800.0,0.275,3.7,0,3,16900.0,21,1,2,3910.0,38310.0,1,24960.0,South,748.0,50.72,5.7,X,0
769,756,30200.0,0.153,1.2,1,11,8500.0,49,0,2,3520.0,2440.0,0,10510.0,South,757.0,60.29,85.12,Z,0
605,656,50900.0,0.387,1.9,1,4,23100.0,35,0,3,2200.0,9040.0,1,4930.0,West,660.0,60.1,82.18,X,0
762,698,27700.0,0.428,10.2,1,3,6500.0,35,1,2,1250.0,3310.0,2,3140.0,West,695.0,37.64,18.92,Z,0
422,603,32000.0,0.395,7.8,0,10,8400.0,43,1,1,300.0,5540.0,1,2880.0,West,605.0,49.12,28.12,Y,0
394,599,52700.0,0.159,0.5,3,10,7700.0,28,1,1,1990.0,800.0,4,24700.0,East,602.0,51.89,46.89,Z,0
344,620,59400.0,0.234,1.2,0,6,20400.0,45,1,0,3170.0,2540.0,0,4460.0,East,628.0,50.3,95.77,X,0
841,595,50800.0,0.232,16.0,1,8,13600.0,27,1,0,1660.0,1700.0,1,3770.0,South,596.0,55.51,45.61,Z,0
800,708,84100.0,0.487,3.5,0,4,7300.0,25,1,2,2100.0,3740.0,1,8600.0,East,712.0,35.71,99.19,Y,0
121,697,57300.0,0.249,7.0,0,5,7400.0,52,0,1,1970.0,12940.0,2,9120.0,East,701.0,26.76,5.8,X,0
347,565,104700.0,0.4,2.5,0,8,9100.0,39,1,0,1000.0,72500.0,4,6450.0,East,566.0,54.94,2.46,Y,0
1000,646,115400.0,0.305,2.0,1,4,3200.0,50,0,1,2030.0,25740.0,2,17980.0,North,649.0,48.51,81.0,Y,1
913,552,106900.0,0.567,2.5,2,13,5200.0,46,1,1,1700.0,2470.0,3,13080.0,North,550.0,52.31,0.94,X,0
827,663,31000.0,0.457,15.3,0,5,9200.0,42,0,0,2150.0,4750.0,4,11250.0,West,663.0,54.07,0.67,Z,0
117,618,100800.0,0.126,16.2,0,10,15200.0,40,1,0,2190.0,2280.0,2,7310.0,West,620.0,41.35,65.1,Z,0
346,685,53300.0,0.338,8.6,0,6,7300.0,46,0,1,4010.0,14660.0,1,2580.0,North,689.0,52.8,28.71,Y,0
667,684,42500.0,0.39,3.9,0,4,4800.0,21,1,1,2390.0,7100.0,1,2730.0,East,685.0,52.56,81.3,Y,0
564,668,72000.0,0.276,1.7,1,10,6600.0,43,0,1,1450.0,72810.0,5,11160.0,West,665.0,39.87,41.22,X,1
737,700,52500.0,0.361,1.5,0,9,11800.0,49,0,2,1900.0,8250.0,2,15640.0,West,698.0,33.52,32.32,X,0
997,636,23300.0,0.252,33.2,1,8,10200.0,53,0,0,380.0,47710.0,3,2640.0,South,634.0,46.98,37.91,X,0
549,712,32200.0,0.206,0.6,1,11,19200.0,41,0,1,1450.0,3600.0,3,11790.0,East,710.0,53.53,89.83,X,0
528,713,45300.0,0.206,7.8,0,11,5200.0,32,1,0,1970.0,27000.0,1,5160.0,East,713.0,53.96,15.06,Y,0
305,773,72000.0,0.273,28.6,0,5,6600.0,43,0,0,2320.0,1790.0,0,4780.0,North,776.0,56.69,89.59,X,0
969,606,25100.0,0.433,3.9,2,6,8700.0,58,0,2,3850.0,1610.0,0,7480.0,East,611.0,74.1,61.68,X,1
165,649,76600.0,0.149,35.0,0,5,15800.0,44,1,0,1170.0,2150.0,1,14520.0,South,648.0,68.58,66.28,Y,0
795,665,36300.0,0.501,2.2,0,9,24500.0,46,0,1,2520.0,113420.0,2,8390.0,West,664.0,54.69,86.54,Z,0
310,750,56600.0,0.517,10.3,0,10,8500.0,57,0,3,1080.0,61070.0,1,13800.0,North,745.0,60.08,50.99,Y,0
543,732,40300.0,0.541,1.8,0,9,26500.0,52,0,2,1620.0,4930.0,1,8440.0,South,735.0,51.18,35.68,Z,0
270,723,144300.0,0.296,11.7,0,5,5600.0,60,0,3,790.0,2360.0,3,22890.0,South,719.0,36.45,62.21,X,0
842,699,44300.0,0.383,5.6,3,8,12100.0,21,0,2,2070.0,16740.0,3,6010.0,North,703.0,55.54,69.58,Z,1
808,745,41300.0,0.042,8.1,0,3,6300.0,42,1,0,4030.0,2300.0,2,3620.0,West,742.0,53.42,3.76,Y,0
430,666,34100.0,0.171,13.6,0,8,14000.0,45,1,1,300.0,31970.0,3,5380.0,South,662.0,45.68,63.05,Y,0
863,656,45100.0,0.541,2.0,0,11,7500.0,34,0,0,2910.0,6750.0,1,8370.0,West,659.0,61.3,91.08,Z,0
73,761,35900.0,0.099,10.8,2,4,5600.0,34,0,1,2940.0,23120.0,4,10950.0,West,760.0,53.95,82.11,X,0
573,648,66000.0,0.567,4.7,2,5,8400.0,33,0,1,870.0,28240.0,0,8660.0,South,651.0,46.62,68.54,Y,0
609,782,87300.0,0.457,16.0,1,5,6300.0,49,1,3,2590.0,4710.0,2,1190.0,West,780.0,45.19,71.88,Y,1
845,634,71800.0,0.392,7.4,0,4,13200.0,37,0,2,800.0,7420.0,0,3340.0,North,631.0,64.53,39.21,Y,0
268,651,25000.0,0.406,11.5,0,5,8200.0,42,1,0,3120.0,1170.0,1,6710.0,South,651.0,45.09,80.98,Z,0
963,821,105300.0,0.264,9.9,0,5,19000.0,36,1,1,1420.0,37730.0,4,7450.0,South,818.0,60.0,70.34,X,0
463,708,39100.0,0.327,1.3,1,6,5100.0,47,1,2,3260.0,19390.0,1,5000.0,North,707.0,35.21,71.88,X,1
194,590,54900.0,0.359,5.9,1,2,15100.0,33,0,0,2550.0,8200.0,4,10170.0,East,588.0,41.08,61.02,Y,1
858,728,41800.0,0.405,0.4,0,11,8300.0,55,1,2,2930.0,4240.0,0,8280.0,West,727.0,48.65,99.16,Y,0
601,797,42000.0,0.273,1.5,0,3,10900.0,48,0,1,1550.0,2770.0,2,8070.0,East,796.0,31.61,66.57,X,0
585,721,59000.0,0.424,3.5,0,9,11400.0,25,1,2,2540.0,1340.0,2,17440.0,North,726.0,66.21,17.14,Z,0
252,632,33700.0,0.398,12.1,0,6,12900.0,43,0,1,3130.0,3250.0,5,8270.0,South,634.0,53.27,74.07,Y,0
651,684,73100.0,0.154,12.9,1,5,24300.0,21,0,0,1880.0,24540.0,1,6880.0,West,680.0,46.65,96.47,X,0
885,692,39000.0,0.458,4.2,0,10,6900.0,49,1,0,2090.0,4720.0,1,5750.0,East,688.0,42.05,14.46,Y,0
794,692,66200.0,0.307,8.0,0,7,20800.0,21,1,0,1490.0,3270.0,0,4530.0,North,693.0,58.12,59.15,Z,0
483,767,44800.0,0.462,2.5,1,9,15800.0,27,0,2,1060.0,1130.0,1,11460.0,East,765.0,44.74,79.92,Y,0
915,714,108800.0,0.301,8.2,0,6,6100.0,66,1,0,1460.0,11410.0,3,8620.0,South,716.0,42.75,70.22,Y,1
312,698,32500.0,0.348,0.8,0,3,8300.0,24,0,2,1600.0,1850.0,1,4610.0,East,695.0,54.37,29.34,Y,0
331,603,37900.0,0.162,3.7,2,5,13100.0,51,1,0,2980.0,2180.0,0,7650.0,South,602.0,43.28,17.46,X,0
247,661,32500.0,0.535,7.3,0,7,11300.0,48,0,0,3270.0,8670.0,0,7670.0,West,659.0,36.14,22.4,Y,0
63,565,60700.0,0.256,1.7,0,13,5900.0,57,0,2,1710.0,4480.0,1,4860.0,West,563.0,37.92,82.04,Z,0
490,598,91100.0,0.26,3.5,1,10,16100.0,51,0,0,2490.0,8490.0,2,16370.0,South,596.0,57.15,76.45,Z,0
41,761,45600.0,0.338,0.5,1,6,23800.0,38,0,1,2240.0,5830.0,2,5360.0,North,759.0,69.67,71.08,X,0
496,742,82400.0,0.632,3.4,0,8,8400.0,39,1,3,3220.0,360.0,4,6340.0,South,736.0,37.81,56.05,Z,0
399,596,127500.0,0.268,4.4,0,4,8900.0,41,1,2,2730.0,38390.0,1,8830.0,North,597.0,36.11,10.02,Y,0
112,719,32400.0,0.291,5.8,1,10,28100.0,47,1,2,2100.0,8820.0,2,4730.0,East,725.0,45.14,49.63,Z,0
345,733,45300.0,0.369,0.2,1,9,26600.0,52,0,1,2550.0,17420.0,0,17750.0,West,731.0,42.98,58.61,Z,0
56,708,47800.0,0.48,26.2,1,8,13900.0,39,0,1,3100.0,800.0,6,3590.0,North,707.0,53.58,16.03,Y,0
918,695,151000.0,0.328,4.8,1,9,5700.0,38,0,1,3230.0,13240.0,3,8590.0,East,699.0,68.67,41.82,Y,1
760,604,50100.0,0.368,8.2,0,6,9700.0,48,0,1,1460.0,23300.0,5,12850.0,West,606.0,46.35,38.38,X,0
212,597,13800.0,0.222,11.2,0,8,11900.0,43,1,1,1730.0,8380.0,2,5100.0,East,597.0,69.84,45.55,Y,0
17,758,49400.0,0.249,6.0,0,8,5700.0,31,1,2,1920.0,30960.0,2,16570.0,North,759.0,53.5,24.23,Z,0
565,673,31200.0,0.297,16.8,1,9,14500.0,36,1,0,2200.0,2060.0,0,3440.0,East,677.0,49.46,50.25,Y,0
92,602,93800.0,0.192,2.2,0,6,6600.0,42,1,2,2370.0,16350.0,5,7060.0,South,603.0,38.66,67.71,Y,0
343,686,41900.0,0.288,16.8,0,4,6400.0,33,1,0,2620.0,3120.0,2,7070.0,South,683.0,47.69,59.41,Y,0
123,723,51600.0,0.237,4.9,0,5,13600.0,44,1,2,3080.0,6600.0,3,8360.0,East,722.0,46.42,40.55,Y,0
725,748,47900.0,0.345,2.3,0,3,25000.0,37,1,1,3240.0,1520.0,4,6550.0,North,748.0,58.42,29.35,Y,0
782,755,39700.0,0.096,5.1,0,4,9500.0,36,0,1,3550.0,6430.0,2,5350.0,South,751.0,46.29,96.28,Z,0
520,735,69500.0,0.325,10.0,1,11,8200.0,26,1,0,920.0,13260.0,2,2740.0,South,734.0,63.26,56.61,X,0
260,677,86200.0,0.333,11.4,1,8,6900.0,25,1,0,2180.0,13410.0,1,2570.0,North,674.0,54.86,66.37,X,0
285,805,87300.0,0.07,7.2,1,4,7000.0,21,0,1,2960.0,7450.0,2,6830.0,North,803.0,63.21,77.02,Y,0
454,585,29500.0,0.329,0.6,0,7,9800.0,22,1,0,1960.0,2820.0,1,3770.0,South,586.0,44.08,35.01,Z,1
40,780,97000.0,0.273,0.0,0,12,9300.0,36,1,1,2460.0,1720.0,2,6390.0,South,785.0,48.8,13.51,X,0
890,680,133000.0,0.348,6.0,1,6,5200.0,46,0,0,2180.0,11990.0,0,13170.0,South,675.0,52.79,63.76,Y,0
104,691,41400.0,0.151,0.6,1,8,13400.0,33,0,1,2210.0,810.0,4,2650.0,West,689.0,50.87,13.2,X,0
19,589,65600.0,0.483,11.3,0,4,23200.0,51,0,1,3730.0,28810.0,0,3070.0,South,590.0,44.9,79.4,Y,0
986,645,60000.0,0.435,1.0,0,7,6400.0,28,0,0,2960.0,40470.0,2,8370.0,West,645.0,24.07,79.83,X,0
125,704,67700.0,0.315,1.3,0,4,6900.0,34,0,2,1400.0,39290.0,4,3290.0,North,702.0,53.61,97.57,Y,0
409,616,47600.0,0.384,5.3,1,6,12700.0,31,0,1,3250.0,7440.0,3,4850.0,North,617.0,55.38,7.72,X,0
238,614,133200.0,0.468,13.8,0,10,13000.0,21,1,4,2250.0,7130.0,0,4060.0,West,618.0,28.14,50.07,X,0
629,589,36100.0,0.319,1.0,1,8,13500.0,27,0,0,2970.0,1470.0,2,3490.0,North,588.0,53.31,25.76,Y,0
587,760,134700.0,0.08,0.7,1,3,4700.0,41,0,1,1430.0,5540.0,2,3520.0,South,760.0,46.26,25.85,X,0
561,664,67800.0,0.344,1.8,1,6,11500.0,33,0,2,1200.0,1520.0,2,9830.0,West,664.0,45.2,0.7,Z,1
25,570,55900.0,0.103,3.1,0,10,6000.0,26,0,2,2700.0,2850.0,2,12460.0,West,570.0,79.08,75.77,X,0
534,650,14200.0,0.416,5.9,3,4,8800.0,38,1,2,1720.0,1880.0,1,6080.0,North,644.0,44.93,23.4,Y,1
645,640,98200.0,0.494,1.9,3,10,10000.0,33,0,2,2520.0,3010.0,2,15380.0,East,644.0,39.9,6.64,X,1
846,699,16000.0,0.448,4.4,0,6,5700.0,23,0,0,2880.0,2710.0,4,4620.0,South,692.0,35.57,87.11,Y,0
749,560,216400.0,0.277,24.6,1,8,8300.0,40,1,1,3800.0,11720.0,0,5290.0,North,562.0,41.03,80.91,Z,0
381,676,75000.0,0.19,3.5,0,6,7800.0,46,1,2,2420.0,3480.0,3,10650.0,East,681.0,57.39,82.52,Y,0
45,756,70900.0,0.319,1.4,1,10,6000.0,47,1,1,2700.0,18020.0,1,8870.0,West,755.0,69.07,90.71,X,0
31,802,116200.0,0.503,4.1,0,4,12600.0,39,1,2,1500.0,4540.0,3,5220.0,West,807.0,48.57,63.78,Y,0
570,749,32700.0,0.61,6.9,0,10,8700.0,29,1,0,1510.0,940.0,2,3980.0,South,750.0,55.33,87.07,Y,0
413,699,111500.0,0.44,4.3,2,8,10800.0,63,0,0,3620.0,5650.0,1,12910.0,West,700.0,41.86,28.66,Z,0
603,667,146900.0,0.351,35.0,0,7,9900.0,43,1,0,2190.0,2530.0,0,2970.0,South,663.0,65.9,35.4,X,0
61,633,72100.0,0.463,0.6,0,7,8100.0,21,0,0,2160.0,6920.0,0,4500.0,South,636.0,53.09,49.57,Z,0
907,617,50200.0,0.609,0.7,0,10,4700.0,21,0,0,320.0,3880.0,2,5800.0,East,621.0,45.04,4.45,Z,0
301,661,107700.0,0.362,0.4,1,7,23100.0,54,0,3,3300.0,1160.0,1,29120.0,South,664.0,47.85,76.02,Z,0
78,697,38200.0,0.273,2.8,1,8,9900.0,39,0,1,2690.0,510.0,4,7620.0,East,699.0,63.85,91.33,Z,0
18,683,30400.0,0.43,8.0,0,8,12300.0,33,0,0,3560.0,9470.0,1,2840.0,West,684.0,55.65,12.74,Y,0
730,648,33000.0,0.368,7.7,2,6,2600.0,55,0,1,1430.0,6220.0,4,5360.0,West,649.0,52.17,40.75,Z,0
229,551,38000.0,0.345,3.7,1,9,15200.0,43,1,2,1280.0,2030.0,1,12990.0,West,543.0,65.11,88.65,Z,1
55,568,50600.0,0.462,8.8,0,8,8400.0,47,0,1,2680.0,7760.0,3,5740.0,South,571.0,45.97,22.93,Z,0
336,682,74200.0,0.517,0.4,1,8,23600.0,26,1,2,320.0,360.0,6,12080.0,North,682.0,52.01,9.85,Y,0
705,561,93700.0,0.273,5.0,1,12,5600.0,58,0,4,2290.0,1350.0,4,6170.0,West,564.0,42.82,12.27,Y,0
69,761,44000.0,0.082,4.3,0,6,3800.0,28,1,1,2660.0,2720.0,4,8530.0,South,760.0,46.24,40.47,Z,0
326,682,60800.0,0.368,1.3,0,9,3600.0,65,0,2,2730.0,2080.0,1,5130.0,East,678.0,47.63,90.07,X,0
335,667,42100.0,0.301,10.8,1,6,5900.0,54,0,2,3200.0,5070.0,0,12790.0,West,670.0,47.96,94.8,X,1
745,688,60700.0,0.48,0.7,3,5,12800.0,34,1,2,1340.0,15320.0,1,13170.0,South,684.0,33.79,49.96,Z,0
445,496,56400.0,0.281,4.9,1,6,26000.0,33,0,1,2900.0,1960.0,3,9490.0,West,494.0,36.6,83.68,Z,1
945,664,22500.0,0.178,2.3,2,4,11700.0,38,0,1,910.0,8240.0,2,2930.0,West,668.0,67.03,34.46,Y,1
33,770,72500.0,0.335,2.8,0,4,6300.0,45,0,4,1560.0,9620.0,2,11520.0,West,773.0,45.54,50.71,X,0
610,714,35700.0,0.402,6.4,2,9,6500.0,39,0,1,3740.0,2560.0,1,8220.0,West,719.0,54.94,37.38,Z,0
280,716,33300.0,0.515,0.5,0,5,5700.0,31,1,0,2630.0,1350.0,1,13770.0,North,712.0,49.31,5.44,X,0
48,526,40000.0,0.469,12.5,0,4,5700.0,24,1,0,3810.0,4180.0,1,10720.0,North,527.0,48.41,97.88,X,0
577,696,99900.0,0.447,6.8,0,10,6000.0,59,0,4,1610.0,1050.0,3,3390.0,North,702.0,50.58,85.65,X,0
844,792,45100.0,0.519,0.1,0,5,6300.0,29,1,0,2240.0,5200.0,1,1130.0,West,790.0,59.57,63.25,X,0
765,650,49500.0,0.216,2.2,1,13,13000.0,39,1,0,3110.0,37830.0,3,5620.0,East,649.0,38.32,83.86,Z,0
866,752,45200.0,0.036,0.3,0,6,5200.0,47,0,2,720.0,2650.0,3,17630.0,West,749.0,53.34,2.69,Y,0
371,697,26500.0,0.449,7.9,0,11,10400.0,40,0,0,2240.0,6630.0,4,7930.0,East,703.0,39.57,65.93,X,0
812,685,63500.0,0.576,1.6,2,7,11900.0,46,1,0,490.0,1740.0,0,17510.0,West,687.0,65.43,10.12,Y,1
922,680,31800.0,0.373,5.9,1,10,18000.0,62,0,0,3150.0,25730.0,3,3290.0,West,676.0,46.26,70.3,Y,0
935,681,73300.0,0.321,11.1,0,8,12000.0,31,0,3,2390.0,1780.0,0,5230.0,South,677.0,50.16,84.06,Y,0
661,597,44900.0,0.074,4.1,0,4,10200.0,39,1,1,2190.0,7960.0,3,19570.0,North,599.0,62.41,36.05,X,0
805,631,47200.0,0.397,1.8,0,7,17000.0,36,0,1,2630.0,16480.0,1,6120.0,South,631.0,60.92,15.92,X,0
977,737,82100.0,0.269,5.0,1,10,16900.0,42,0,1,2640.0,670.0,2,5620.0,North,738.0,62.93,33.4,Y,0
707,686,94900.0,0.456,3.6,1,8,10100.0,54,0,2,2050.0,2990.0,3,4530.0,North,681.0,31.2,14.79,X,0
190,576,24200.0,0.474,4.5,0,5,10100.0,49,1,0,2890.0,6610.0,2,12960.0,North,573.0,57.4,6.62,X,0
144,690,56400.0,0.26,2.9,1,9,9400.0,53,1,0,4030.0,1650.0,1,13190.0,West,694.0,50.87,11.49,Z,0
676,548,34200.0,0.486,10.9,0,10,5900.0,29,0,1,3270.0,12470.0,2,10620.0,South,549.0,47.89,18.89,X,0
990,686,88100.0,0.27,0.2,0,9,11300.0,21,1,3,2650.0,5250.0,2,3900.0,North,688.0,35.18,17.26,Y,0
658,593,48200.0,0.322,5.3,0,3,4700.0,49,1,0,2510.0,2440.0,4,21270.0,East,588.0,57.33,37.11,X,0
151,705,60500.0,0.178,9.0,1,8,29900.0,52,1,0,1550.0,34820.0,3,2490.0,North,711.0,53.6,19.3,Z,1
438,619,45100.0,0.365,1.7,2,8,9000.0,36,0,2,1700.0,6760.0,3,9880.0,North,613.0,45.51,38.41,Z,1
717,586,25900.0,0.425,4.3,0,3,10400.0,45,1,0,3170.0,2320.0,3,1570.0,North,586.0,54.02,80.44,X,0
563,596,119400.0,0.396,3.0,0,3,25100.0,35,0,0,2640.0,2000.0,1,4270.0,East,596.0,65.0,12.7,Z,1
772,707,41600.0,0.128,2.2,1,9,2800.0,45,0,0,2230.0,3590.0,0,9150.0,East,707.0,63.21,75.15,X,0
766,659,48400.0,0.147,35.0,2,8,6000.0,35,1,1,490.0,3710.0,1,8280.0,West,666.0,29.72,1.53,X,0
411,798,117700.0,0.408,0.1,0,7,9200.0,45,1,0,1450.0,6210.0,0,5140.0,East,795.0,50.25,99.67,Z,1
636,748,101900.0,0.386,15.1,0,7,9800.0,50,1,1,1530.0,6050.0,2,6900.0,East,746.0,30.95,76.65,Z,0
656,618,33300.0,0.5,2.3,2,10,18300.0,43,0,2,3900.0,1230.0,2,5710.0,South,619.0,76.0,8.59,X,0
211,750,31100.0,0.278,0.7,0,9,21000.0,44,0,0,3740.0,5400.0,4,3260.0,South,749.0,58.61,81.23,X,1
373,672,59900.0,0.373,1.9,1,2,29100.0,25,1,0,950.0,2400.0,4,2030.0,East,668.0,55.16,52.55,Y,0
160,550,60900.0,0.203,6.2,1,5,8700.0,37,0,1,3780.0,28410.0,1,3270.0,South,548.0,49.07,33.83,Z,0
363,780,64400.0,0.421,17.7,1,7,13100.0,30,0,1,300.0,1890.0,3,6520.0,East,780.0,44.14,59.23,X,0
946,725,57700.0,0.164,10.7,1,6,25700.0,33,0,3,1070.0,4060.0,2,6440.0,North,724.0,61.19,46.32,Y,0
510,651,93600.0,0.29,10.5,0,5,6800.0,33,0,0,4060.0,18110.0,2,5660.0,North,647.0,45.99,67.39,Y,0
674,602,199300.0,0.134,0.1,1,14,10000.0,30,0,2,2230.0,3130.0,2,1830.0,South,604.0,44.07,4.92,Y,0
446,680,54900.0,0.141,3.7,1,5,22300.0,48,1,0,1790.0,15490.0,2,22380.0,East,683.0,47.17,68.07,X,0
924,660,118200.0,0.428,3.5,0,5,5200.0,34,0,0,2230.0,5830.0,0,3350.0,South,659.0,41.35,1.71,Z,0
552,619,42700.0,0.288,5.2,0,10,3700.0,29,1,1,1770.0,3250.0,1,11960.0,West,618.0,60.04,23.2,X,0
912,778,40400.0,0.239,14.6,1,4,10200.0,26,1,1,3410.0,4100.0,0,8070.0,South,777.0,53.53,59.76,Z,0
28,705,25500.0,0.342,9.6,0,4,3200.0,52,1,0,2580.0,2010.0,1,17460.0,South,706.0,45.58,71.23,Z,0
82,535,100100.0,0.437,11.3,0,4,4900.0,50,1,2,2610.0,20620.0,3,7280.0,East,537.0,32.99,83.66,Y,1
736,684,105600.0,0.129,4.6,3,7,13300.0,32,1,0,2610.0,3130.0,2,6730.0,West,681.0,59.65,75.0,X,0
296,581,63000.0,0.25,1.9,0,11,4700.0,36,0,1,2610.0,2630.0,1,7460.0,East,580.0,50.38,7.26,X,0
988,643,87000.0,0.119,2.1,1,8,4700.0,47,1,0,2410.0,2040.0,2,9490.0,South,644.0,43.62,93.12,Z,0
442,672,46000.0,0.4,1.9,0,10,24500.0,32,1,2,2410.0,1710.0,3,3390.0,West,670.0,34.15,62.48,Y,0
685,655,47100.0,0.385,1.9,0,7,2800.0,39,0,1,3570.0,6240.0,1,4480.0,South,654.0,49.65,44.06,Y,0
583,693,26000.0,0.288,1.8,0,6,8600.0,33,1,0,2660.0,29970.0,1,19800.0,West,692.0,52.81,21.87,Z,0
504,695,69000.0,0.34,0.4,2,5,16100.0,41,0,2,3250.0,670.0,3,3610.0,South,695.0,47.66,7.82,X,0
982,753,34600.0,0.303,3.1,0,1,7400.0,38,1,2,2550.0,42740.0,0,6620.0,East,750.0,57.19,18.04,Y,0
830,631,58100.0,0.232,0.9,0,8,17600.0,43,0,0,2310.0,12420.0,1,15370.0,East,627.0,43.85,4.7,Y,0
635,754,132500.0,0.296,5.0,0,7,23500.0,33,1,1,3650.0,10490.0,2,5250.0,West,752.0,40.6,50.9,Y,0
98,793,60700.0,0.406,0.7,1,7,38300.0,36,1,2,630.0,4390.0,1,3700.0,North,788.0,49.63,77.04,Z,0
837,646,22400.0,0.416,4.6,1,6,12000.0,47,1,0,3590.0,4180.0,3,7240.0,West,645.0,38.61,67.8,Y,0
622,632,146100.0,0.109,1.0,1,9,3200.0,31,1,1,2600.0,15030.0,3,12990.0,East,630.0,55.09,61.97,Z,0
323,734,32500.0,0.381,6.9,0,6,3400.0,25,0,0,990.0,7060.0,1,3660.0,South,733.0,56.46,41.9,X,0
673,693,40000.0,0.17,2.3,1,7,5700.0,42,1,2,2440.0,2170.0,5,8200.0,East,693.0,27.39,88.61,Z,0
142,820,55300.0,0.333,2.4,1,8,15600.0,37,1,0,1140.0,18450.0,2,4220.0,West,819.0,35.48,60.56,Z,0
613,688,29700.0,0.45,16.2,1,2,9100.0,36,0,0,2770.0,8930.0,3,5200.0,East,689.0,49.34,30.1,Z,0
693,666,19900.0,0.303,0.7,1,3,9100.0,34,0,1,660.0,6860.0,4,10850.0,North,662.0,42.23,42.17,X,0
447,669,60400.0,0.167,1.3,0,8,6800.0,21,1,0,1550.0,4100.0,2,6570.0,North,671.0,57.05,69.88,Y,0
608,592,48700.0,0.209,4.8,0,10,15300.0,36,1,1,3040.0,14470.0,1,12130.0,West,596.0,33.47,10.08,X,0
353,597,56900.0,0.41,2.7,0,11,8100.0,21,1,1,570.0,3870.0,3,4680.0,South,596.0,57.18,74.16,Z,0
462,689,33100.0,0.293,0.6,0,7,9300.0,43,0,3,1700.0,5760.0,2,8080.0,East,691.0,38.82,20.42,X,0
849,709,89100.0,0.439,7.5,0,3,7500.0,39,0,1,1750.0,1340.0,3,10790.0,South,711.0,59.47,85.74,Z,0
171,752,81000.0,0.434,3.2,0,10,11400.0,38,0,0,850.0,2280.0,4,2000.0,South,751.0,32.99,25.4,Y,0
530,847,65300.0,0.306,4.5,0,7,13300.0,44,0,3,2090.0,430.0,3,6090.0,North,851.0,68.93,17.86,Z,0
663,708,34600.0,0.388,11.9,0,3,6500.0,29,1,1,2420.0,13910.0,5,8110.0,East,703.0,56.36,99.9,Z,0
410,591,343000.0,0.587,6.9,0,8,12300.0,27,0,1,2500.0,3800.0,2,7220.0,South,593.0,64.63,76.83,Z,0
838,715,65200.0,0.344,8.1,2,7,6900.0,26,1,3,1520.0,3710.0,3,9300.0,South,715.0,40.39,65.74,X,0
282,651,118300.0,0.408,4.1,1,8,14500.0,48,1,1,2730.0,12540.0,0,7990.0,East,658.0,53.38,63.13,Z,0
914,664,52000.0,0.495,7.0,2,6,16700.0,44,1,0,3190.0,6790.0,2,5310.0,East,664.0,53.41,94.37,X,0
788,693,49200.0,0.43,9.9,0,5,8800.0,23,0,1,1590.0,2510.0,3,6450.0,South,693.0,64.28,80.05,X,0
826,657,54800.0,0.34,6.9,1,4,11200.0,49,1,2,400.0,3030.0,5,7900.0,West,651.0,60.68,42.77,Y,0
110,602,39800.0,0.02,3.6,0,9,5500.0,47,1,3,2300.0,10520.0,4,2450.0,South,604.0,34.24,28.76,Y,0
783,716,48100.0,0.461,6.0,0,6,8200.0,43,1,2,2720.0,43830.0,1,17770.0,South,717.0,54.64,24.47,Z,0
991,819,69400.0,0.183,1.2,1,9,9000.0,24,1,1,300.0,1990.0,0,4480.0,North,824.0,57.91,39.11,Y,0
714,785,28500.0,0.557,7.6,0,6,7000.0,50,0,2,2720.0,39060.0,2,3640.0,South,786.0,64.9,47.3,X,0
272,727,54100.0,0.342,2.1,1,10,13700.0,55,0,0,1430.0,2880.0,3,6480.0,East,733.0,46.98,2.62,Y,0
708,803,73000.0,0.348,9.7,0,7,1200.0,38,0,1,2430.0,10190.0,0,5720.0,East,801.0,55.75,70.77,Z,0
649,674,24400.0,0.364,0.6,0,5,9300.0,32,1,1,2470.0,9240.0,4,3910.0,East,674.0,52.52,8.47,Y,0
131,637,41900.0,0.226,7.4,1,5,9300.0,45,1,1,2440.0,3530.0,4,6970.0,North,637.0,40.95,15.51,X,0
648,752,63100.0,0.301,1.6,1,7,5000.0,23,0,0,2030.0,1310.0,0,8230.0,South,752.0,40.0,10.05,X,0
928,765,57700.0,0.397,8.8,1,4,12100.0,48,1,1,2900.0,9400.0,3,10420.0,East,764.0,54.48,79.83,Z,0
879,781,49800.0,0.466,8.2,1,8,5600.0,54,0,3,3490.0,800.0,2,5030.0,East,777.0,41.77,95.77,X,0
200,641,31100.0,0.269,10.1,0,8,12100.0,50,0,0,1700.0,1480.0,2,3490.0,North,643.0,57.47,22.18,Y,0
659,637,36400.0,0.277,0.5,0,6,10100.0,58,1,3,1270.0,580.0,2,8630.0,North,636.0,44.76,13.52,Z,0
562,726,67100.0,0.311,10.2,2,12,7800.0,47,1,3,2700.0,4320.0,5,6050.0,South,721.0,52.26,82.15,X,0
507,679,99700.0,0.533,21.2,0,3,11100.0,40,0,2,2750.0,1450.0,1,9340.0,North,683.0,53.73,65.46,Y,0
26,599,24500.0,0.12,1.1,1,4,8300.0,44,1,1,2170.0,8710.0,3,6800.0,West,600.0,42.47,54.5,X,1
100,836,59500.0,0.295,1.4,0,10,7700.0,39,0,3,2330.0,700.0,4,7230.0,East,843.0,46.55,86.44,Y,0
614,739,26500.0,0.483,3.3,1,7,5700.0,34,0,0,1800.0,9550.0,5,3970.0,North,735.0,40.87,78.06,Y,1
5,593,21500.0,0.506,4.3,2,7,12900.0,34,1,3,2910.0,19900.0,2,2670.0,South,592.0,45.4,22.47,Y,1
889,803,48400.0,0.233,22.1,0,7,13100.0,53,0,3,720.0,26200.0,3,4840.0,South,805.0,58.22,89.38,Y,0
42,591,61500.0,0.136,0.2,2,7,4100.0,41,0,0,2350.0,380.0,3,7280.0,North,589.0,49.6,8.27,Z,0
426,639,42500.0,0.15,19.6,1,7,22500.0,41,1,0,2630.0,6830.0,1,2650.0,West,642.0,62.61,51.21,Z,0
107,654,30400.0,0.379,1.8,0,13,10600.0,29,0,1,1320.0,15810.0,3,9300.0,West,657.0,49.94,75.1,Z,0
81,792,23200.0,0.291,1.5,0,10,15500.0,48,1,0,2250.0,800.0,1,9670.0,North,789.0,63.24,49.01,Y,0
472,747,44700.0,0.278,4.6,0,8,10300.0,52,0,1,2190.0,24360.0,1,13420.0,South,748.0,44.09,96.83,X,0
4,781,94800.0,0.571,13.2,0,6,6500.0,26,1,0,2580.0,12200.0,2,7660.0,North,778.0,56.56,90.91,Z,0
816,567,33700.0,0.47,13.2,0,8,8900.0,67,0,2,1600.0,5130.0,3,10150.0,West,571.0,53.52,48.51,Z,1
902,653,87000.0,0.346,18.5,1,2,9400.0,36,0,2,1920.0,13780.0,3,9130.0,West,651.0,50.76,52.66,X,0
153,597,27500.0,0.336,4.7,1,5,16300.0,29,1,1,2340.0,24270.0,0,7530.0,East,597.0,48.35,0.97,Z,0
978,639,61600.0,0.247,4.0,1,5,12700.0,36,1,1,2510.0,34200.0,3,2870.0,West,637.0,43.88,8.72,Y,0
325,667,77000.0,0.264,15.1,1,10,8400.0,27,1,1,1470.0,2980.0,1,7590.0,East,670.0,64.4,13.62,Y,0
147,665,169500.0,0.505,3.3,0,7,8400.0,43,0,1,1630.0,2580.0,1,6660.0,West,664.0,40.99,87.71,X,0
746,712,116300.0,0.225,1.1,1,10,15700.0,40,0,2,1680.0,18950.0,1,6270.0,South,714.0,57.05,11.98,X,0
91,668,133600.0,0.239,5.8,0,6,18100.0,44,0,1,2300.0,35860.0,1,11290.0,West,666.0,45.28,8.24,Y,0
628,781,107200.0,0.207,1.5,1,7,14000.0,47,0,0,3490.0,2820.0,6,5340.0,North,781.0,40.18,18.38,Z,0
195,607,53500.0,0.395,7.6,0,5,7700.0,50,1,3,2520.0,1350.0,2,3170.0,West,606.0,58.96,22.5,Z,0
852,618,32200.0,0.169,4.5,0,4,5200.0,33,1,1,1180.0,12190.0,0,22650.0,East,612.0,54.93,32.47,Z,0
495,831,36600.0,0.494,7.0,0,7,16200.0,32,1,1,810.0,4220.0,1,8120.0,North,836.0,51.81,41.14,Z,0
786,721,108900.0,0.314,15.9,0,5,8300.0,21,0,0,2050.0,2320.0,1,13640.0,North,725.0,41.14,89.03,X,0
789,690,95300.0,0.02,5.7,1,9,6000.0,44,0,1,1660.0,1640.0,0,3000.0,West,688.0,63.86,24.43,Y,0
38,692,21900.0,0.329,1.1,0,6,6500.0,24,0,1,3400.0,12150.0,2,4880.0,North,694.0,47.19,66.32,X,0
88,758,59800.0,0.257,8.2,1,9,21600.0,38,0,1,2220.0,4990.0,1,17400.0,South,756.0,38.18,13.96,Y,0
619,734,49300.0,0.186,8.1,0,7,5400.0,46,0,1,2600.0,1220.0,4,10490.0,North,728.0,68.1,96.17,X,0
591,758,66900.0,0.423,3.4,2,8,14200.0,41,1,1,2770.0,2210.0,5,5310.0,North,755.0,60.26,34.54,X,0
551,626,101800.0,0.121,3.5,0,7,23500.0,47,0,4,3150.0,3570.0,1,3040.0,South,628.0,50.25,93.17,X,0
132,650,68500.0,0.314,0.6,0,7,9600.0,39,0,1,2810.0,53630.0,4,7570.0,South,652.0,57.66,60.71,Y,0
901,676,57300.0,0.399,7.4,1,7,8200.0,42,0,0,2620.0,6340.0,2,8280.0,West,675.0,54.26,59.3,Y,0
255,658,35400.0,0.303,21.1,1,5,3000.0,36,0,2,1970.0,12060.0,0,3470.0,North,656.0,36.71,68.23,Z,0
369,654,36300.0,0.184,6.6,0,5,6700.0,42,0,4,1800.0,5090.0,6,6380.0,South,659.0,42.29,0.53,X,0
547,666,104700.0,0.326,2.2,1,7,12700.0,26,0,3,3290.0,2580.0,1,10100.0,West,667.0,51.44,53.72,Z,0
324,631,91000.0,0.035,3.9,0,8,8200.0,40,0,2,3060.0,4500.0,1,3120.0,North,628.0,47.23,11.08,Y,0
364,712,36700.0,0.404,6.2,2,6,19500.0,62,0,1,1850.0,2870.0,5,8520.0,West,717.0,59.14,2.64,Y,0
197,811,43700.0,0.457,6.2,0,10,8000.0,57,0,0,1630.0,8110.0,4,8390.0,South,804.0,63.03,50.53,X,0
450,704,88600.0,0.463,3.1,0,4,3400.0,24,1,3,2280.0,6450.0,2,10400.0,West,703.0,47.67,22.84,Z,1
35,769,50700.0,0.415,5.8,0,9,17000.0,39,0,1,3060.0,2950.0,2,11330.0,West,772.0,56.34,93.51,Y,0
192,736,49200.0,0.179,0.0,0,7,7000.0,37,1,2,2550.0,8470.0,0,2050.0,East,737.0,40.47,25.06,Z,0
15,713,24200.0,0.293,2.8,0,5,20800.0,43,1,4,2820.0,940.0,2,4880.0,South,717.0,53.23,57.63,Z,0
22,657,71500.0,0.205,7.1,0,11,7200.0,52,0,2,3000.0,4050.0,3,3950.0,East,661.0,47.09,4.32,Z,0
607,675,28600.0,0.422,4.6,1,7,10600.0,48,0,1,2170.0,5220.0,1,2310.0,East,676.0,60.91,54.34,Y,0
775,700,24600.0,0.48,1.1,0,6,4100.0,33,1,1,1740.0,2340.0,2,12840.0,West,702.0,48.63,26.1,X,0
873,641,45700.0,0.387,2.2,1,3,7200.0,44,0,3,2240.0,35900.0,0,5720.0,West,643.0,41.68,47.77,Y,0
781,663,96900.0,0.458,0.4,1,11,5200.0,28,1,0,1380.0,5610.0,1,13150.0,North,664.0,53.8,77.95,Y,0
802,652,55900.0,0.383,1.1,0,10,18300.0,26,1,1,870.0,7520.0,1,3000.0,West,651.0,53.26,31.31,X,0
875,570,59300.0,0.203,12.5,2,5,13600.0,39,0,2,4330.0,770.0,2,12660.0,South,574.0,71.31,82.52,X,0
90,660,66200.0,0.262,6.3,1,10,7800.0,28,1,0,2730.0,37590.0,4,4880.0,North,662.0,42.47,16.04,X,0
592,638,25200.0,0.306,16.8,2,5,7600.0,45,0,1,1620.0,10590.0,4,4300.0,West,633.0,48.16,29.58,X,0
832,663,72600.0,0.451,7.7,0,10,8100.0,35,1,2,2470.0,5270.0,0,6410.0,North,658.0,61.69,35.04,Y,0
958,811,236200.0,0.309,15.0,1,4,14300.0,40,0,2,2350.0,10030.0,1,10470.0,North,815.0,36.33,90.6,X,0
288,688,69200.0,0.525,5.3,2,6,8500.0,44,0,0,950.0,5380.0,4,7710.0,North,683.0,42.2,10.67,X,0
7,785,46600.0,0.241,0.9,0,7,13600.0,27,1,1,3110.0,7670.0,2,17110.0,North,786.0,66.01,70.94,Z,1
101,676,62800.0,0.361,0.1,0,6,9300.0,37,0,2,2250.0,4270.0,4,16680.0,East,681.0,48.12,55.66,Y,0
962,680,43200.0,0.262,5.5,0,9,11500.0,45,0,1,3180.0,1400.0,1,3850.0,West,684.0,33.83,13.57,X,0
182,637,68600.0,0.408,2.4,1,8,16600.0,33,1,1,1800.0,10580.0,2,3670.0,South,638.0,53.61,23.33,X,1
284,736,113900.0,0.043,5.0,2,5,11800.0,52,1,0,580.0,6190.0,2,15840.0,East,742.0,39.38,22.08,X,0
481,610,43900.0,0.397,10.2,1,10,18200.0,35,1,3,2300.0,26440.0,3,7560.0,East,610.0,39.32,9.01,Y,1
776,721,39400.0,0.279,4.5,0,9,16200.0,21,1,1,2820.0,18690.0,1,7070.0,East,725.0,55.87,38.82,Z,0
976,612,114100.0,0.285,4.0,2,5,5800.0,34,1,0,2590.0,11060.0,0,2460.0,East,617.0,57.34,82.91,Z,0
896,769,48600.0,0.106,4.6,0,8,11600.0,43,1,2,3460.0,6700.0,1,4750.0,North,772.0,40.75,11.18,Y,0
338,682,23900.0,0.516,0.0,0,3,12300.0,43,1,1,2370.0,4720.0,1,10350.0,South,681.0,66.17,44.06,X,0
12,794,41500.0,0.437,1.9,2,12,14900.0,46,1,3,2310.0,1530.0,0,6680.0,East,788.0,49.3,72.3,Z,0
680,634,96600.0,0.214,14.5,0,10,13800.0,61,0,1,3040.0,2770.0,1,8660.0,North,635.0,54.42,0.53,Z,0
193,647,44200.0,0.559,12.4,0,8,12700.0,59,1,0,3690.0,4420.0,1,9140.0,North,646.0,33.14,69.45,Z,0
177,738,27400.0,0.079,9.5,1,2,11100.0,36,1,4,3610.0,1610.0,1,5300.0,West,740.0,69.61,74.04,Y,0
322,652,38800.0,0.354,16.1,0,8,13700.0,49,1,3,1020.0,4440.0,0,5990.0,North,654.0,46.51,28.75,Z,0
744,644,55300.0,0.401,13.2,1,7,10600.0,31,1,0,2610.0,5700.0,2,5540.0,North,650.0,40.67,35.48,X,0
829,630,114100.0,0.398,2.9,1,10,21700.0,53,1,1,1590.0,21710.0,1,1690.0,West,631.0,55.8,98.52,X,0
71,715,58700.0,0.232,0.6,0,10,12000.0,29,1,1,550.0,1230.0,2,4080.0,East,716.0,61.37,46.12,Y,0
778,661,71500.0,0.511,7.7,0,8,4300.0,54,1,2,3200.0,1750.0,1,4730.0,West,662.0,40.89,74.27,Z,1
175,586,15700.0,0.414,12.4,0,7,7300.0,40,1,1,2100.0,2860.0,0,6430.0,West,589.0,54.32,68.1,X,0
499,574,54400.0,0.41,2.2,1,3,3700.0,31,1,0,1780.0,4250.0,4,6320.0,East,569.0,51.43,86.0,Y,0
449,768,49300.0,0.231,2.3,0,6,8500.0,33,1,2,1130.0,2960.0,0,8610.0,South,764.0,44.76,0.76,Z,0
743,570,27100.0,0.06,6.0,0,7,12800.0,39,0,1,1480.0,42250.0,2,11780.0,West,570.0,51.92,7.38,Z,1
954,711,55500.0,0.369,4.7,0,8,13400.0,62,0,0,2410.0,1140.0,0,5330.0,North,711.0,50.83,12.09,Z,1
416,709,53900.0,0.434,18.0,1,8,12100.0,36,1,2,3300.0,5100.0,1,5960.0,North,707.0,53.69,97.46,X,0
888,704,27600.0,0.247,7.9,0,2,4500.0,34,0,1,1200.0,490.0,6,3120.0,South,707.0,49.85,31.87,Y,0
434,603,39500.0,0.117,4.0,0,6,8000.0,37,1,0,1890.0,43270.0,1,14190.0,South,599.0,40.04,54.1,Z,0
820,575,31400.0,0.529,0.6,0,9,3900.0,57,1,4,2020.0,13770.0,1,3720.0,East,575.0,19.15,9.66,Z,1
419,673,41200.0,0.416,1.4,0,3,19300.0,47,0,4,2380.0,3680.0,1,22530.0,West,674.0,53.05,28.51,Y,0
21,727,93800.0,0.148,3.7,0,7,7400.0,54,1,0,1800.0,11620.0,2,5900.0,East,730.0,57.03,79.64,X,0
959,631,47300.0,0.218,0.1,0,4,13500.0,47,1,0,1740.0,3430.0,0,19620.0,East,629.0,49.38,31.57,X,0
584,720,31500.0,0.346,1.7,1,7,22000.0,25,1,0,1870.0,9100.0,2,3970.0,South,722.0,51.88,65.26,Y,0
836,614,31200.0,0.324,2.7,0,4,2800.0,28,1,0,510.0,7290.0,3,2350.0,North,621.0,58.09,65.03,Y,1
815,752,31700.0,0.494,5.3,1,6,10300.0,36,0,1,2400.0,2030.0,2,8040.0,West,744.0,53.79,10.1,Z,0
936,687,59300.0,0.125,2.7,0,9,8400.0,38,1,1,1690.0,14860.0,5,14250.0,East,690.0,59.38,35.25,Z,0
855,702,80200.0,0.339,4.5,0,9,30600.0,47,0,0,1850.0,6670.0,5,3750.0,South,701.0,43.54,65.55,Y,0
731,689,111800.0,0.317,9.4,2,8,7800.0,42,0,2,1560.0,4820.0,2,6100.0,North,684.0,34.61,63.63,X,1
955,632,39900.0,0.353,4.4,0,5,13300.0,42,0,1,2910.0,5560.0,6,2430.0,North,631.0,52.4,25.22,Y,0
908,721,47000.0,0.465,2.4,0,10,4800.0,44,1,0,830.0,520.0,3,7920.0,West,723.0,51.1,36.24,Z,0
258,770,20900.0,0.354,10.3,1,5,13100.0,63,1,1,3040.0,9590.0,1,4630.0,East,774.0,40.01,55.8,Y,0
295,639,54900.0,0.341,19.0,0,10,13200.0,36,0,0,2850.0,7250.0,4,10050.0,North,639.0,49.08,28.03,X,0
152,604,59900.0,0.241,2.5,1,10,10200.0,21,0,1,1160.0,14150.0,2,9180.0,South,605.0,60.41,33.24,X,0
751,665,130400.0,0.153,3.0,2,6,5100.0,50,0,3,3230.0,10560.0,1,5130.0,West,665.0,56.85,25.46,X,0
785,732,34900.0,0.181,7.5,1,8,10500.0,33,0,3,1390.0,2070.0,2,7900.0,North,730.0,31.75,31.52,X,0
368,512,55800.0,0.216,1.5,0,7,10600.0,37,0,0,2160.0,650.0,0,6750.0,South,515.0,40.72,78.15,Z,0
385,584,13200.0,0.347,16.1,0,10,9400.0,60,1,1,1160.0,4000.0,1,17840.0,West,582.0,41.24,19.43,Y,0
222,729,99800.0,0.146,4.3,1,8,24900.0,50,1,1,2820.0,11840.0,3,4150.0,East,731.0,55.93,52.47,Z,0
706,644,86100.0,0.361,12.3,1,5,10200.0,52,0,0,3320.0,14170.0,2,7570.0,South,645.0,46.17,96.27,X,0
352,539,43600.0,0.264,12.4,1,8,12300.0,36,0,1,560.0,14300.0,2,3860.0,South,535.0,64.34,38.63,X,1
814,746,91300.0,0.375,0.1,0,10,6600.0,47,0,3,1870.0,1820.0,6,11200.0,East,747.0,54.05,44.06,Y,0
595,587,57600.0,0.353,7.9,1,5,9000.0,28,0,0,2530.0,20370.0,2,7820.0,East,583.0,27.7,11.04,Y,0
289,707,41400.0,0.459,2.6,0,5,17200.0,47,1,0,2770.0,2750.0,2,2630.0,West,710.0,56.29,19.07,Y,0
328,690,121000.0,0.412,0.6,1,9,5300.0,21,0,2,2360.0,1650.0,0,5010.0,South,687.0,50.6,88.89,Y,0
758,754,30300.0,0.339,0.4,0,8,7300.0,39,1,1,2670.0,4090.0,4,1880.0,West,750.0,46.83,4.01,Z,0
571,544,59800.0,0.42,13.4,1,8,9400.0,33,0,0,2370.0,1060.0,4,4510.0,North,546.0,35.57,43.34,Z,1
722,710,93900.0,0.26,7.4,0,7,19400.0,35,0,0,1930.0,2660.0,2,12940.0,North,712.0,25.22,72.37,Y,0
95,702,30100.0,0.327,4.9,1,7,14000.0,24,1,2,1590.0,850.0,1,2830.0,East,696.0,51.49,8.15,X,0
72,677,68500.0,0.321,4.1,0,6,5600.0,46,0,1,4240.0,4380.0,1,13870.0,South,674.0,41.83,40.55,X,0
927,677,35600.0,0.552,2.3,0,9,3100.0,36,1,0,2810.0,27200.0,2,18270.0,North,678.0,43.11,43.15,Y,1
261,723,113600.0,0.379,6.6,0,9,14100.0,57,1,0,1160.0,12880.0,5,4130.0,North,720.0,47.24,13.96,Z,0
259,702,50000.0,0.167,9.5,1,7,15100.0,47,1,2,3140.0,24940.0,3,4230.0,North,709.0,57.56,85.58,Y,0
179,664,28700.0,0.328,4.5,0,7,20200.0,21,0,2,2980.0,3200.0,0,6980.0,North,661.0,38.71,35.16,Y,0
127,757,24600.0,0.219,10.6,1,6,13700.0,38,1,3,2070.0,10310.0,5,6720.0,North,759.0,69.61,52.66,Y,0
741,683,83100.0,0.395,1.7,1,9,7500.0,52,1,1,1330.0,15800.0,2,3450.0,East,687.0,64.36,50.69,Z,0
642,588,69800.0,0.121,4.3,0,9,9700.0,45,1,3,300.0,48900.0,5,3030.0,South,586.0,60.47,87.82,Z,0
395,637,56600.0,0.36,3.2,0,4,9500.0,55,1,1,2960.0,13210.0,1,5560.0,South,636.0,65.09,57.93,Z,0
796,702,45100.0,0.306,12.2,1,4,3900.0,21,0,1,1750.0,4580.0,2,6520.0,East,703.0,40.9,84.09,X,0
460,682,30300.0,0.552,12.0,1,0,11500.0,54,0,1,3280.0,6060.0,2,6800.0,South,684.0,52.26,48.58,X,0
733,788,72400.0,0.217,1.9,0,5,5100.0,45,0,3,3210.0,2340.0,7,17480.0,West,788.0,49.56,9.16,Z,0
965,626,129700.0,0.345,30.7,1,13,11400.0,46,1,1,3540.0,10730.0,1,5530.0,South,623.0,37.72,39.45,X,0
617,677,47100.0,0.259,4.9,2,10,18900.0,38,0,1,1780.0,2330.0,3,6890.0,North,672.0,57.46,88.53,Z,0
579,805,37500.0,0.382,0.2,0,7,6500.0,46,0,0,1440.0,3840.0,0,12270.0,South,808.0,50.29,49.02,Z,0
921,744,164500.0,0.365,9.3,0,6,5100.0,22,0,1,3640.0,8570.0,6,5800.0,South,741.0,63.4,39.54,X,0
113,606,22400.0,0.278,0.8,0,6,6600.0,27,0,2,2700.0,5740.0,2,7880.0,East,601.0,47.32,27.56,X,0
984,684,35100.0,0.154,10.3,0,5,5300.0,22,1,0,2760.0,4690.0,1,5670.0,North,684.0,59.01,72.74,X,0
479,730,69100.0,0.221,1.3,1,8,5600.0,46,1,1,2660.0,2930.0,0,4000.0,North,735.0,55.59,95.75,Y,0
467,688,44700.0,0.384,20.8,1,5,7300.0,54,1,2,1980.0,8000.0,2,8300.0,South,692.0,36.21,38.21,Z,0
196,695,125100.0,0.189,8.0,1,6,5700.0,53,1,0,3100.0,13320.0,1,15330.0,North,694.0,57.3,87.54,X,0
486,617,39800.0,0.368,4.1,1,4,6100.0,21,0,2,2270.0,2060.0,3,12410.0,South,617.0,49.45,1.7,Z,1
998,777,37100.0,0.289,0.4,0,9,6300.0,21,1,0,1690.0,880.0,3,5930.0,East,779.0,59.9,47.34,X,0
455,805,57300.0,0.224,8.8,0,4,36900.0,59,0,0,1770.0,15180.0,1,12640.0,West,810.0,48.64,46.77,Z,0
393,685,75700.0,0.218,10.0,1,11,7600.0,46,0,2,2470.0,8710.0,2,11600.0,East,686.0,27.77,53.1,X,0
198,663,23600.0,0.23,1.7,1,8,7400.0,26,1,1,3020.0,10560.0,3,2930.0,East,668.0,54.33,39.97,X,0
185,649,94600.0,0.254,1.4,0,6,16900.0,33,1,2,1400.0,13670.0,3,3990.0,East,642.0,37.76,82.32,Z,0
716,612,58800.0,0.49,3.5,1,5,14400.0,46,0,2,2780.0,1220.0,5,5190.0,West,610.0,29.66,2.27,Z,1
440,582,65000.0,0.236,7.7,2,7,37400.0,55,1,1,1970.0,26980.0,2,8250.0,South,582.0,45.89,85.45,X,0
679,722,47200.0,0.076,11.8,0,8,8800.0,41,1,2,3650.0,3340.0,5,3400.0,East,722.0,55.8,95.33,X,0
950,774,26500.0,0.305,5.5,1,7,14800.0,32,0,1,1770.0,27190.0,3,6800.0,South,776.0,50.41,22.16,X,0
384,614,29800.0,0.472,6.4,0,8,26500.0,32,0,3,2130.0,3740.0,5,5910.0,North,615.0,51.87,53.51,X,0
465,643,39000.0,0.267,2.0,2,4,20600.0,42,1,3,2660.0,13020.0,5,6900.0,South,644.0,63.01,41.8,Y,0
266,623,54100.0,0.325,1.8,0,8,6200.0,34,0,2,3460.0,2980.0,4,7300.0,North,628.0,39.86,61.05,X,0
219,589,27300.0,0.185,12.6,0,4,15600.0,56,0,1,3440.0,600.0,3,5300.0,West,589.0,35.07,78.92,Y,0
459,823,47700.0,0.344,3.2,2,5,16700.0,37,1,2,1860.0,5660.0,0,5710.0,North,823.0,57.38,70.32,Y,0
374,644,28800.0,0.303,9.1,1,9,2800.0,27,0,0,1970.0,1270.0,0,6080.0,East,640.0,62.55,34.31,X,0
166,698,93100.0,0.273,7.3,2,6,4400.0,55,0,1,1940.0,1240.0,3,8120.0,North,699.0,36.2,68.05,Z,0
822,742,92700.0,0.158,2.0,2,8,7700.0,43,1,1,1540.0,540.0,2,6860.0,West,737.0,56.84,52.86,X,0
412,588,33300.0,0.279,1.4,0,6,8200.0,33,1,0,3360.0,16350.0,2,6560.0,North,597.0,71.21,52.71,Y,0
146,673,30500.0,0.292,9.4,0,4,14700.0,40,1,2,3660.0,2080.0,3,6490.0,North,673.0,60.26,89.4,X,0
290,677,75000.0,0.167,2.9,0,5,6500.0,41,0,1,2690.0,6580.0,0,1580.0,South,677.0,47.02,40.1,Z,0
526,603,26500.0,0.344,1.0,0,4,11700.0,52,1,6,2540.0,1090.0,2,19040.0,East,601.0,43.13,91.38,Y,0
691,608,49100.0,0.353,3.1,0,8,4900.0,49,0,1,2460.0,8020.0,1,4000.0,North,612.0,68.98,48.24,Y,1
869,786,82800.0,0.298,9.7,0,7,13100.0,23,1,1,3030.0,3450.0,1,6610.0,West,785.0,71.0,94.38,X,0
89,566,70300.0,0.519,11.2,0,3,5800.0,22,1,1,1930.0,6540.0,1,3890.0,North,567.0,38.84,94.31,Z,1
278,618,47700.0,0.353,3.4,1,11,6300.0,34,1,0,2150.0,1770.0,1,9790.0,North,615.0,68.76,51.5,X,0
881,699,40800.0,0.412,7.3,0,8,15900.0,64,1,3,2750.0,1860.0,3,2330.0,North,697.0,34.06,48.05,Y,0
575,603,129500.0,0.254,12.3,1,14,6000.0,67,1,1,650.0,23270.0,5,3910.0,North,608.0,49.21,55.95,Z,1
477,608,20300.0,0.142,3.3,2,10,7500.0,34,1,0,3850.0,2310.0,3,4920.0,West,616.0,34.88,97.16,Z,0
949,712,109600.0,0.376,6.4,0,5,6100.0,27,1,2,2740.0,2880.0,1,10170.0,West,710.0,44.85,84.05,X,0
43,826,36700.0,0.566,1.9,0,7,8100.0,55,1,3,1830.0,16760.0,3,1480.0,North,826.0,46.79,29.68,X,0
174,480,78300.0,0.121,5.6,1,13,36200.0,45,1,1,970.0,3800.0,4,10060.0,North,478.0,45.4,66.59,X,1
108,696,37200.0,0.372,3.0,2,4,10500.0,25,0,0,2670.0,92050.0,3,4970.0,East,695.0,72.04,38.02,Z,1
253,735,28000.0,0.475,2.1,0,5,18400.0,23,1,0,1390.0,1810.0,3,6080.0,East,731.0,50.62,89.4,X,0
135,556,59200.0,0.351,11.9,0,10,13200.0,21,1,2,2630.0,390.0,2,10490.0,North,560.0,40.77,64.07,X,0
360,698,83000.0,0.362,0.2,0,5,12300.0,40,1,1,3510.0,11790.0,2,8320.0,West,695.0,61.04,56.21,Y,0
51,706,41100.0,0.31,0.3,0,4,15800.0,41,1,1,3080.0,2070.0,4,7970.0,South,709.0,35.35,59.32,X,0
234,571,50700.0,0.337,7.3,1,10,11600.0,48,0,0,2940.0,1690.0,2,3780.0,East,569.0,60.44,65.26,X,0
269,591,28400.0,0.301,1.3,0,5,12200.0,23,0,2,1900.0,1560.0,1,4060.0,West,591.0,46.45,15.69,Y,0
403,734,50000.0,0.148,4.6,1,7,13000.0,38,1,1,2490.0,17340.0,1,3630.0,South,735.0,41.86,46.12,Y,0
994,760,63500.0,0.495,0.2,0,6,18000.0,37,0,2,1930.0,7550.0,3,10000.0,East,758.0,38.72,46.41,X,0
37,664,251400.0,0.457,3.5,1,8,7800.0,41,1,0,890.0,4660.0,2,5840.0,West,664.0,45.95,67.5,Z,0
398,742,42400.0,0.272,7.7,0,4,4200.0,37,0,1,1210.0,7030.0,2,3910.0,North,745.0,24.99,14.9,Z,0
274,686,57000.0,0.172,0.2,0,6,11400.0,42,0,1,2010.0,1630.0,3,2770.0,East,687.0,51.99,47.31,Z,0
544,549,161800.0,0.266,3.1,0,6,25900.0,26,0,0,1030.0,5720.0,2,7560.0,West,547.0,58.58,44.75,Z,0
682,727,40500.0,0.442,0.3,2,7,12800.0,28,1,0,2610.0,26230.0,1,8450.0,South,730.0,49.74,18.19,Y,0
790,651,44900.0,0.298,1.5,1,7,6300.0,34,1,2,3410.0,5200.0,1,13390.0,North,652.0,45.08,15.32,X,1
342,754,13000.0,0.214,1.0,0,7,25800.0,52,0,1,320.0,2740.0,1,8450.0,East,756.0,59.97,69.69,Z,0
876,653,20000.0,0.276,3.2,0,10,12700.0,32,0,0,2770.0,19010.0,1,7290.0,North,654.0,52.43,90.21,X,1
970,614,93400.0,0.213,4.9,0,3,5300.0,25,1,2,2050.0,3100.0,2,6740.0,North,616.0,40.8,63.67,X,0
432,696,25600.0,0.294,20.2,0,4,8600.0,57,0,0,1150.0,450.0,3,7760.0,North,697.0,43.76,60.04,X,0
314,686,16200.0,0.117,1.9,1,6,3700.0,52,0,1,2200.0,5180.0,1,4990.0,South,685.0,27.35,80.94,Z,0
415,676,29400.0,0.297,0.9,1,4,12700.0,41,0,1,1750.0,3820.0,2,13700.0,South,678.0,45.52,2.75,Z,0
52,620,114900.0,0.369,11.0,0,4,22700.0,49,1,0,2510.0,2330.0,3,2050.0,North,625.0,55.15,28.75,X,1
904,572,152600.0,0.183,18.5,0,10,14500.0,41,0,1,1990.0,4860.0,2,8070.0,North,568.0,60.2,13.44,X,0
181,741,53100.0,0.553,1.0,0,8,7800.0,39,0,2,1900.0,4480.0,0,4660.0,East,742.0,51.67,80.32,Y,0
366,782,51200.0,0.284,19.2,2,8,13500.0,32,1,0,4610.0,2840.0,1,8030.0,East,783.0,30.28,16.48,X,0
443,611,120200.0,0.681,1.8,1,7,26900.0,28,0,0,3170.0,12980.0,3,7390.0,South,614.0,55.51,13.34,Z,1
494,623,67900.0,0.445,18.1,0,10,10200.0,46,0,1,2050.0,6570.0,5,9500.0,South,625.0,44.25,49.53,X,0
948,683,49400.0,0.418,1.6,0,3,6200.0,34,0,2,1940.0,2790.0,3,8280.0,South,686.0,63.55,43.04,X,0
224,739,196800.0,0.407,2.6,0,9,3900.0,39,0,1,2070.0,12810.0,1,7920.0,West,738.0,60.85,74.75,Z,0
590,801,20400.0,0.25,0.8,0,10,38000.0,50,0,1,3370.0,7200.0,2,7670.0,North,805.0,56.4,84.32,X,0
688,609,90200.0,0.508,0.5,0,7,15600.0,54,1,1,2860.0,5550.0,1,9820.0,South,609.0,35.88,71.54,Z,0
615,599,28600.0,0.265,13.5,4,7,8400.0,61,0,1,3830.0,6530.0,2,4920.0,East,592.0,64.77,12.8,Y,0
39,831,41100.0,0.102,0.5,0,6,21200.0,35,1,1,2840.0,680.0,2,2940.0,West,833.0,47.09,9.06,Z,0
650,730,90700.0,0.619,3.0,0,12,23900.0,28,1,1,1990.0,5000.0,1,15680.0,North,731.0,47.44,93.81,Y,0
700,687,62200.0,0.328,3.2,0,5,2300.0,35,0,3,1360.0,16640.0,0,6460.0,North,689.0,60.25,66.51,Y,0
380,681,68000.0,0.484,1.5,2,5,6300.0,29,0,1,300.0,6310.0,3,7250.0,East,680.0,57.91,76.28,Y,0
124,622,38100.0,0.117,5.6,1,6,6400.0,37,1,1,3330.0,10010.0,2,9400.0,East,623.0,39.84,95.05,Z,0
257,763,61300.0,0.181,6.1,1,8,8300.0,52,0,0,1810.0,1310.0,6,2270.0,South,764.0,48.02,72.8,Y,0
662,619,33600.0,0.432,7.7,0,6,37300.0,31,1,1,2460.0,2230.0,4,5070.0,North,618.0,51.14,99.06,X,0
856,633,88800.0,0.464,17.7,1,3,6400.0,48,1,1,740.0,21630.0,1,4770.0,North,633.0,47.72,31.87,Y,0
513,781,77400.0,0.374,10.1,0,4,13300.0,42,0,2,2120.0,1810.0,2,13010.0,South,781.0,55.55,52.75,X,0
208,660,48600.0,0.243,3.7,0,7,6400.0,39,1,1,2620.0,2240.0,3,21770.0,West,661.0,64.07,81.73,Z,0
491,779,58200.0,0.269,1.1,2,6,11300.0,45,1,0,1300.0,1500.0,2,7150.0,South,777.0,53.98,87.41,X,0
793,703,97700.0,0.365,0.0,0,7,10000.0,55,1,1,1950.0,2330.0,3,3160.0,North,703.0,51.55,28.48,Z,0
566,680,28500.0,0.427,8.4,1,8,8700.0,29,1,1,3180.0,3660.0,1,20510.0,East,684.0,47.31,26.81,X,0
864,618,36000.0,0.302,10.8,0,10,19800.0,25,0,1,2030.0,830.0,3,10680.0,West,619.0,49.63,84.93,Z,1
839,759,12000.0,0.259,2.4,1,5,5700.0,39,0,2,1000.0,1500.0,1,3340.0,East,761.0,42.84,75.19,Z,0
397,654,42500.0,0.674,6.4,0,8,8700.0,43,0,0,2700.0,3140.0,3,11230.0,West,650.0,28.39,45.15,Y,0
74,740,40600.0,0.03,4.6,0,10,4800.0,50,0,1,2820.0,1790.0,4,10600.0,East,733.0,41.76,11.04,Z,0
251,827,35900.0,0.357,0.8,0,8,10300.0,39,0,1,1550.0,11440.0,4,6820.0,East,829.0,53.07,47.07,Y,0
729,675,65800.0,0.605,4.7,1,6,11300.0,49,1,0,1460.0,17100.0,2,10030.0,North,675.0,60.97,37.64,Z,0
756,657,86500.0,0.333,24.5,0,11,6900.0,21,0,0,3820.0,180.0,2,5150.0,North,654.0,57.98,7.94,X,0
742,562,64600.0,0.394,1.6,2,3,18100.0,49,0,1,1320.0,6140.0,2,5960.0,East,557.0,50.64,84.88,Y,0
14,651,33600.0,0.162,2.1,1,4,10100.0,29,0,0,1690.0,26820.0,1,5360.0,South,656.0,51.7,0.81,Z,1
911,695,47300.0,0.027,7.9,0,6,11000.0,44,0,1,1110.0,1750.0,0,6120.0,West,690.0,52.56,13.04,X,0
942,652,37900.0,0.534,4.0,1,8,5900.0,62,1,0,2600.0,49270.0,4,16540.0,North,657.0,45.5,4.15,Z,1
669,773,37800.0,0.342,4.8,0,4,2800.0,40,1,2,1420.0,4710.0,0,3630.0,East,775.0,56.57,3.6,X,0
545,720,42400.0,0.248,4.1,0,1,5200.0,51,0,0,2150.0,3390.0,4,13170.0,East,723.0,52.01,89.06,X,1
799,668,32000.0,0.356,2.5,1,6,11900.0,44,0,2,2710.0,11120.0,0,4810.0,East,670.0,55.57,87.81,Y,0
598,682,22500.0,0.25,2.6,1,4,5800.0,48,0,1,2200.0,7150.0,2,2270.0,North,682.0,44.42,30.12,X,0
931,664,143300.0,0.273,19.0,1,8,6200.0,26,0,2,3550.0,5460.0,2,4410.0,West,665.0,63.35,45.66,Y,0
519,624,77800.0,0.254,13.2,1,6,9000.0,36,0,1,3190.0,4270.0,3,8360.0,South,624.0,62.82,48.16,X,0
862,552,79000.0,0.287,4.5,1,8,21100.0,47,0,1,2940.0,2580.0,1,5060.0,West,555.0,59.71,62.28,X,1
569,720,51000.0,0.253,0.1,1,4,16300.0,40,0,1,2150.0,8320.0,1,3260.0,South,725.0,33.08,48.71,Z,1
518,768,23700.0,0.252,12.6,0,4,4800.0,39,0,0,1640.0,11470.0,0,4830.0,South,769.0,33.2,9.09,Z,0
176,738,37800.0,0.393,5.1,0,12,11100.0,53,0,2,2300.0,2890.0,2,12850.0,South,738.0,63.17,32.74,Z,0
476,584,49800.0,0.241,19.1,1,13,8400.0,29,0,1,1250.0,1330.0,6,7030.0,West,579.0,50.08,49.21,Z,0
755,725,48100.0,0.317,3.1,1,6,11600.0,42,1,1,800.0,3060.0,3,5610.0,North,726.0,36.47,59.03,X,0
672,788,34700.0,0.313,0.8,1,5,14000.0,42,0,1,1170.0,8650.0,2,5310.0,South,785.0,46.09,19.45,Z,0
823,671,34600.0,0.193,3.0,0,6,5100.0,37,0,0,1490.0,5750.0,2,14270.0,South,667.0,61.27,50.42,X,0
480,771,61700.0,0.323,15.6,0,6,4700.0,27,1,1,3640.0,1760.0,2,11190.0,South,770.0,27.95,84.03,Y,0
309,645,32400.0,0.395,9.7,0,5,15600.0,42,0,2,1860.0,950.0,1,9880.0,South,643.0,53.37,21.47,Z,0
139,585,24500.0,0.304,0.0,0,9,6400.0,40,1,0,780.0,8450.0,3,5810.0,South,585.0,56.72,38.05,Z,1
517,749,63100.0,0.396,21.3,3,6,8300.0,47,1,1,2440.0,12660.0,3,10780.0,South,749.0,22.19,14.25,Z,0
64,718,56200.0,0.282,7.6,0,8,14100.0,45,1,1,1520.0,6200.0,1,5010.0,East,713.0,54.9,73.15,Y,0
568,686,176400.0,0.286,1.7,0,6,10700.0,44,1,2,910.0,12350.0,4,15440.0,East,689.0,49.18,97.0,Z,0
602,772,60200.0,0.505,5.1,0,2,4600.0,51,0,0,3310.0,2220.0,3,7260.0,North,777.0,62.52,44.63,X,0
186,744,91500.0,0.323,3.3,1,6,54400.0,21,1,0,3820.0,30160.0,3,16150.0,East,745.0,30.82,67.74,Z,0
85,674,37000.0,0.178,8.1,1,7,19400.0,36,0,1,840.0,2560.0,2,7600.0,West,673.0,42.52,15.09,Y,1
423,663,42700.0,0.245,0.3,2,6,8400.0,47,0,2,2720.0,8830.0,2,12210.0,South,658.0,36.46,14.12,Z,0
148,649,40700.0,0.242,0.4,0,2,16600.0,33,0,1,3540.0,2230.0,0,8100.0,North,647.0,40.92,34.46,Z,0
784,597,41900.0,0.174,1.9,0,5,9200.0,42,0,3,1520.0,43560.0,3,5820.0,East,597.0,49.87,41.69,Y,0
692,612,48000.0,0.126,0.5,2,7,9300.0,63,0,0,1860.0,2620.0,2,7420.0,South,612.0,43.66,49.55,Y,0
232,704,39000.0,0.275,3.5,0,11,26400.0,39,0,0,1270.0,750.0,5,1620.0,South,704.0,45.37,43.81,Y,0
500,718,55400.0,0.293,1.3,0,7,20800.0,42,0,6,1780.0,1210.0,2,4150.0,North,716.0,44.67,39.01,X,1
923,684,95700.0,0.225,3.6,1,6,14400.0,60,0,0,1420.0,5170.0,1,7100.0,South,688.0,37.05,80.92,Y,0
362,677,14200.0,0.265,4.0,1,7,13600.0,73,1,2,1910.0,1070.0,2,16000.0,South,677.0,55.5,74.66,Y,0
536,716,63900.0,0.346,2.1,1,7,3200.0,45,0,1,3170.0,9620.0,2,8330.0,East,718.0,39.16,20.55,X,0
503,678,27600.0,0.358,15.6,0,11,15600.0,60,0,3,1670.0,2490.0,2,4560.0,South,674.0,58.0,99.82,Z,0
303,710,66300.0,0.121,7.8,0,10,14400.0,44,0,0,2280.0,2320.0,0,10410.0,West,710.0,68.57,60.77,X,0
909,595,22600.0,0.19,18.1,0,5,9000.0,35,0,2,1510.0,5570.0,4,8830.0,North,600.0,58.47,94.27,X,1
407,654,37600.0,0.296,3.7,1,7,26400.0,49,0,2,2930.0,1580.0,1,8420.0,North,655.0,40.47,98.14,Z,1
140,754,43600.0,0.156,4.3,0,15,33700.0,25,0,0,3500.0,540.0,2,7940.0,East,755.0,61.73,69.17,Y,0
75,672,80100.0,0.264,4.5,0,6,17400.0,29,0,2,890.0,2670.0,1,6050.0,East,673.0,41.8,43.81,X,0
167,627,27700.0,0.175,1.0,2,8,5700.0,29,0,2,3360.0,8530.0,2,3140.0,North,629.0,52.42,61.85,Y,1
488,585,83600.0,0.146,0.2,0,8,8400.0,38,0,2,2240.0,16880.0,5,7560.0,North,589.0,33.05,36.81,Y,1
933,620,96700.0,0.379,1.1,1,1,12900.0,48,0,0,3430.0,6670.0,6,4960.0,North,623.0,64.81,58.24,Y,1
217,819,50600.0,0.277,1.5,0,8,3700.0,41,1,0,1340.0,4920.0,2,11880.0,West,818.0,40.61,77.76,Z,0
120,675,37100.0,0.109,0.8,1,8,7900.0,52,1,1,1680.0,3550.0,4,2110.0,North,673.0,49.65,83.14,Z,0
391,635,49100.0,0.193,7.5,0,7,3800.0,43,0,1,790.0,3510.0,0,4730.0,South,641.0,51.69,66.04,Y,0
228,704,51100.0,0.45,1.6,1,5,20700.0,37,0,0,2470.0,1860.0,2,8820.0,North,702.0,52.4,8.15,Z,1
156,782,125100.0,0.334,1.2,1,4,6900.0,21,0,2,300.0,18980.0,2,6360.0,South,781.0,56.67,60.62,Z,0
594,742,57700.0,0.25,9.7,1,5,7600.0,48,0,2,580.0,6990.0,2,10920.0,South,745.0,16.84,48.44,X,0
828,717,43500.0,0.093,4.3,2,3,6400.0,21,1,1,3240.0,6440.0,2,6710.0,West,721.0,46.85,87.29,Y,0
298,671,94300.0,0.341,0.0,2,1,4900.0,40,1,1,2670.0,23650.0,1,6550.0,North,674.0,45.1,91.05,Z,1
640,706,129600.0,0.175,9.0,0,6,4600.0,35,0,3,2740.0,5040.0,1,5630.0,East,706.0,59.82,9.31,Z,0
550,731,23700.0,0.403,3.8,0,2,3900.0,50,0,0,1700.0,4190.0,3,5970.0,South,729.0,37.2,99.28,X,0
675,646,74400.0,0.304,11.1,2,6,8600.0,37,1,0,1780.0,5760.0,1,13090.0,South,646.0,50.58,55.69,Y,1
580,739,38700.0,0.486,12.7,1,6,4300.0,30,0,1,2350.0,910.0,3,9040.0,South,741.0,52.51,99.25,Y,0
318,678,85600.0,0.361,9.0,0,9,7600.0,38,0,1,2610.0,12360.0,0,9710.0,South,676.0,36.1,27.18,X,0
428,657,46700.0,0.376,9.9,0,7,20100.0,39,1,1,2040.0,720.0,0,6520.0,North,650.0,51.62,99.26,Y,0
277,669,106100.0,0.34,3.6,0,8,4800.0,26,0,1,2700.0,3330.0,5,6440.0,South,670.0,68.99,44.21,X,0
803,688,21100.0,0.428,7.7,3,8,8000.0,33,0,0,2230.0,18380.0,4,4580.0,East,686.0,52.05,26.37,Y,1
817,676,60100.0,0.223,2.8,1,6,14400.0,21,0,0,3240.0,1480.0,3,1750.0,North,674.0,56.3,35.29,Z,0
27,770,75200.0,0.28,0.3,1,8,5100.0,32,1,3,2420.0,17050.0,2,8110.0,South,769.0,57.17,38.91,Y,0
115,650,37800.0,0.139,15.2,0,9,15700.0,43,1,1,1010.0,14710.0,1,6730.0,North,649.0,50.8,74.74,Y,0
652,849,20500.0,0.167,4.1,2,6,11400.0,45,1,3,2420.0,26850.0,5,19560.0,West,848.0,48.54,5.1,Z,0
886,752,27300.0,0.295,0.4,0,3,11300.0,36,1,0,1540.0,6100.0,2,4190.0,North,748.0,43.91,29.59,X,0
767,670,58000.0,0.186,0.5,1,5,12900.0,21,0,2,2370.0,16920.0,1,2040.0,West,670.0,67.8,79.13,Y,0
161,733,136500.0,0.356,17.6,2,7,1400.0,34,0,0,1880.0,6350.0,2,4080.0,East,736.0,47.94,4.36,Z,0
350,703,29400.0,0.296,0.8,1,6,3700.0,37,1,4,3250.0,15210.0,2,6990.0,East,705.0,45.28,40.67,Y,0
216,649,55100.0,0.389,0.3,3,11,25200.0,41,0,1,890.0,3440.0,3,10890.0,East,655.0,70.28,94.94,Z,1
956,659,33600.0,0.457,10.1,0,7,3700.0,41,1,0,2350.0,1930.0,1,16310.0,North,663.0,64.46,41.11,Z,0
106,507,72300.0,0.42,11.8,0,6,2300.0,64,0,1,2870.0,7470.0,2,4810.0,South,509.0,45.99,28.52,Y,0
560,639,34100.0,0.357,8.9,2,8,7700.0,21,1,1,2420.0,6540.0,6,8750.0,North,644.0,29.33,72.99,Z,0
539,623,39100.0,0.461,3.6,0,4,15200.0,41,0,1,2090.0,4790.0,2,980.0,East,622.0,43.87,67.16,Z,0
720,806,42900.0,0.287,7.4,0,7,9900.0,41,0,1,2560.0,45440.0,1,4410.0,South,809.0,67.24,64.01,Z,0
968,748,83300.0,0.371,3.2,0,9,7800.0,45,0,1,3470.0,2220.0,1,8430.0,North,748.0,67.47,59.35,Z,0
330,646,44900.0,0.656,28.9,1,4,15700.0,46,1,0,2230.0,2580.0,2,5040.0,West,644.0,45.53,33.15,X,0
94,725,44900.0,0.217,13.4,1,3,3500.0,33,0,1,2020.0,2680.0,3,3720.0,South,728.0,51.99,7.06,X,0
847,709,45500.0,0.257,3.4,0,5,10200.0,46,1,0,3090.0,1200.0,2,2410.0,North,708.0,54.13,20.97,Y,0
29,769,43300.0,0.368,9.2,0,4,15200.0,26,1,1,2270.0,9300.0,1,6090.0,West,770.0,68.53,5.29,X,0
848,572,49500.0,0.508,9.0,1,6,6600.0,35,0,1,2640.0,340.0,2,12960.0,East,571.0,41.38,60.73,Z,1
388,683,72200.0,0.38,0.7,1,6,11200.0,27,0,3,3100.0,6660.0,1,4730.0,East,681.0,48.54,51.51,X,0
332,650,87200.0,0.345,0.5,1,9,8800.0,37,1,0,1310.0,4850.0,1,4720.0,West,651.0,52.6,3.87,X,0
293,671,14300.0,0.362,13.1,0,8,20600.0,21,0,0,2340.0,2680.0,3,5670.0,West,671.0,65.75,82.67,Z,1
646,578,31800.0,0.21,7.2,0,4,30000.0,29,1,2,2750.0,20530.0,3,4550.0,East,582.0,49.08,82.15,X,0
531,559,145700.0,0.387,3.0,0,6,9900.0,25,0,0,3140.0,4840.0,3,1670.0,West,558.0,50.17,7.76,Z,1
84,622,79200.0,0.534,1.6,1,6,18100.0,49,0,0,2770.0,2850.0,2,7050.0,West,625.0,37.42,85.34,Y,1
475,640,24800.0,0.288,1.0,0,8,9600.0,35,1,0,2180.0,1990.0,2,10720.0,North,641.0,49.77,83.2,Y,0
461,698,75400.0,0.084,5.6,0,10,48900.0,40,1,1,3150.0,6710.0,1,19930.0,West,698.0,29.53,54.05,Z,0
96,748,73800.0,0.275,4.8,1,7,9100.0,46,0,2,1880.0,8510.0,2,7020.0,South,752.0,39.84,47.69,Z,0
213,761,25400.0,0.32,2.4,1,7,9300.0,42,0,2,1590.0,5130.0,3,3180.0,South,763.0,49.59,49.83,Y,1
429,629,58800.0,0.383,3.4,1,8,13900.0,49,0,2,1250.0,5390.0,0,9730.0,North,629.0,41.87,75.87,Z,0
557,689,70800.0,0.389,4.7,1,6,5400.0,31,1,3,2180.0,1250.0,3,56040.0,West,688.0,31.94,58.56,Y,0
16,579,42000.0,0.17,8.9,0,13,3800.0,30,0,2,3160.0,2540.0,2,5100.0,East,584.0,51.0,24.15,Y,1
678,658,41600.0,0.169,10.4,1,5,5100.0,47,1,2,2930.0,10970.0,1,3800.0,West,659.0,51.73,69.7,X,0
172,597,35800.0,0.074,4.8,0,6,8400.0,47,1,0,300.0,13000.0,2,18240.0,North,596.0,68.54,79.8,Z,0
757,680,32600.0,0.397,5.5,2,6,3500.0,25,0,3,1520.0,29110.0,3,5380.0,East,680.0,36.97,37.93,X,0
24,706,55800.0,0.452,4.0,0,5,25100.0,35,1,1,2540.0,10350.0,3,4230.0,East,707.0,62.75,16.97,Y,0
425,735,36800.0,0.221,4.1,0,5,7200.0,54,0,0,2640.0,13740.0,3,2540.0,North,736.0,47.67,85.79,X,0
618,659,97000.0,0.276,2.4,0,7,11500.0,45,1,2,2780.0,4540.0,2,4420.0,North,660.0,58.66,5.3,Y,0
582,577,57500.0,0.336,13.6,0,4,9500.0,25,1,0,2220.0,5200.0,3,3350.0,East,577.0,58.71,68.21,Z,1
567,635,42000.0,0.234,1.3,0,7,16100.0,34,1,0,3540.0,11120.0,3,10780.0,North,637.0,49.79,51.64,Y,0
748,733,86600.0,0.203,5.1,1,3,16200.0,49,1,0,3050.0,9850.0,4,5090.0,South,734.0,42.19,91.73,Z,0
694,815,30600.0,0.219,0.5,1,8,14000.0,59,0,0,2630.0,72650.0,3,2250.0,North,817.0,40.63,83.65,Y,0
168,712,82400.0,0.242,3.9,0,11,19500.0,53,0,0,1210.0,2930.0,1,6330.0,North,713.0,36.19,84.63,X,0
882,695,35200.0,0.45,11.6,0,7,11100.0,58,0,1,1700.0,510.0,1,15760.0,North,696.0,64.1,82.95,Z,0
489,777,53400.0,0.255,3.8,1,8,6000.0,35,1,0,2050.0,18250.0,0,6880.0,North,776.0,52.13,38.25,Z,0
271,643,31500.0,0.321,2.8,1,10,3000.0,30,1,2,1210.0,8480.0,2,7280.0,South,640.0,50.74,3.72,Y,0
759,660,99900.0,0.136,0.3,0,7,22400.0,38,1,1,2170.0,47660.0,2,3170.0,North,662.0,51.36,30.39,Z,1
900,850,83500.0,0.326,8.6,1,9,7600.0,39,1,1,1610.0,5950.0,2,5430.0,West,847.0,51.98,79.45,Y,1
870,784,64700.0,0.344,0.7,1,8,7100.0,29,0,1,3730.0,4840.0,1,6860.0,North,788.0,47.32,32.4,Y,0
710,742,35300.0,0.239,0.8,0,10,13900.0,34,1,0,2670.0,3450.0,0,9650.0,West,739.0,44.65,48.47,Y,0
337,691,36800.0,0.159,6.7,0,10,15000.0,39,0,1,3240.0,3210.0,3,4900.0,East,687.0,44.73,0.13,X,0
77,627,48800.0,0.247,3.1,1,10,15900.0,34,0,1,1980.0,4460.0,1,11210.0,North,624.0,58.43,97.95,Y,0
906,611,48200.0,0.082,5.3,0,6,13400.0,37,0,3,2830.0,4490.0,1,5220.0,East,618.0,45.57,94.49,Y,0
596,813,38800.0,0.291,2.5,0,9,27800.0,38,0,1,2270.0,10800.0,1,6760.0,East,806.0,47.83,63.85,X,0
76,696,136500.0,0.273,1.4,0,5,7500.0,43,0,3,1840.0,5100.0,0,10120.0,North,698.0,64.28,35.19,Z,0
593,683,34800.0,0.355,10.9,0,1,8700.0,35,1,1,2490.0,12420.0,1,25750.0,East,691.0,58.68,66.06,Y,0
141,647,188700.0,0.268,1.6,0,8,8500.0,36,0,2,2210.0,17340.0,1,7810.0,South,647.0,53.95,78.93,Z,0
111,812,39000.0,0.22,12.9,0,6,12300.0,26,1,0,2480.0,3360.0,2,4730.0,South,809.0,35.07,67.82,Z,0
236,652,42300.0,0.374,7.5,0,7,30400.0,24,0,1,3310.0,26000.0,0,4470.0,South,649.0,44.21,44.42,Y,0
932,641,35800.0,0.338,7.2,0,5,6900.0,31,1,0,3570.0,13680.0,2,14160.0,West,642.0,52.56,24.87,Y,1
308,685,52700.0,0.308,1.3,1,6,9900.0,24,1,2,3230.0,2230.0,4,2210.0,West,679.0,56.41,45.36,X,0
379,707,82200.0,0.43,2.6,0,7,25400.0,29,0,0,1440.0,1380.0,0,3980.0,East,708.0,43.84,17.02,Z,0
10,813,154200.0,0.407,2.2,1,7,14200.0,35,0,1,2160.0,5140.0,3,9300.0,East,814.0,52.64,80.48,Y,0
801,781,129900.0,0.374,2.9,0,7,15900.0,24,0,4,3150.0,650.0,3,9450.0,East,781.0,42.29,36.84,Z,0
703,734,82500.0,0.063,1.6,1,6,10800.0,48,0,0,2410.0,11270.0,3,21900.0,North,735.0,40.82,19.09,Y,0
750,652,25800.0,0.306,1.1,1,4,16900.0,52,1,3,1190.0,39920.0,1,5240.0,East,650.0,47.41,35.85,Z,0
32,610,32400.0,0.083,5.9,1,7,6000.0,31,0,0,2550.0,4590.0,6,4490.0,North,617.0,47.27,76.21,Y,0
357,652,238300.0,0.525,12.5,0,9,10700.0,41,1,1,1130.0,4100.0,4,15220.0,South,655.0,51.08,74.72,Y,0
424,707,103000.0,0.472,2.1,0,7,7300.0,33,0,1,990.0,5760.0,2,13250.0,South,712.0,45.33,60.32,Z,0
457,539,36100.0,0.358,3.3,0,6,10900.0,54,1,1,1440.0,4510.0,2,3890.0,East,543.0,68.66,8.68,X,1
365,663,63100.0,0.348,9.0,0,8,8600.0,33,1,2,2290.0,980.0,2,3190.0,South,664.0,44.5,61.62,Z,0
690,713,28200.0,0.304,2.2,0,7,46100.0,21,0,0,3100.0,2960.0,0,5150.0,West,712.0,54.21,73.81,Y,0
218,708,38000.0,0.258,0.9,0,8,16100.0,30,1,1,2420.0,3690.0,1,16880.0,North,708.0,53.64,92.85,Y,0
611,659,93700.0,0.312,28.3,2,3,10200.0,41,0,0,3050.0,2160.0,0,8440.0,South,658.0,48.52,35.36,Y,0
771,593,60200.0,0.338,9.8,3,10,8100.0,26,1,2,2840.0,5350.0,1,2600.0,East,596.0,45.48,29.08,X,1
102,631,57900.0,0.418,1.2,1,5,10600.0,50,1,0,1820.0,24750.0,2,5460.0,North,634.0,53.61,66.06,Y,0
555,676,24900.0,0.554,1.3,0,9,18000.0,39,1,1,2090.0,480.0,0,5230.0,West,674.0,57.87,44.0,X,0
616,641,64100.0,0.097,4.5,1,8,13100.0,32,0,0,1260.0,1920.0,6,12290.0,North,642.0,49.53,39.21,Y,1
221,652,39000.0,0.333,4.1,1,8,8400.0,48,0,0,1660.0,2920.0,3,6660.0,West,655.0,30.5,35.0,Z,0
732,677,80700.0,0.209,1.7,1,4,3800.0,31,1,1,1670.0,1830.0,3,6130.0,East,675.0,50.32,93.37,Y,0
70,850,62600.0,0.448,11.6,0,9,12000.0,33,1,1,2480.0,14370.0,3,25260.0,North,849.0,44.3,88.14,Y,0
173,785,42400.0,0.283,14.9,1,5,8200.0,25,0,1,2630.0,9430.0,6,2930.0,North,786.0,61.72,1.27,X,0
433,717,41100.0,0.428,0.3,1,8,2300.0,56,0,1,530.0,5500.0,3,5400.0,East,714.0,49.0,72.22,Z,0
150,645,45200.0,0.429,3.5,1,7,12300.0,56,1,1,1150.0,3210.0,3,14830.0,North,646.0,55.41,63.75,Y,1
237,739,58600.0,0.321,13.1,1,11,3900.0,35,1,1,1330.0,7760.0,0,5120.0,West,739.0,26.31,85.48,Y,0
482,675,54100.0,0.489,3.6,0,11,15600.0,40,1,1,3320.0,6630.0,4,3370.0,East,679.0,45.47,57.6,Y,0
671,821,99800.0,0.26,25.0,1,6,8800.0,34,1,1,1410.0,16030.0,1,17870.0,South,827.0,45.7,56.29,Z,0
386,694,21900.0,0.429,5.5,0,7,4100.0,32,1,0,1750.0,3260.0,1,10020.0,West,696.0,51.14,32.1,X,0
952,701,81200.0,0.425,1.6,2,7,8300.0,33,1,2,2110.0,1220.0,2,4290.0,West,702.0,40.47,77.01,X,0
894,669,47000.0,0.368,5.6,0,17,4700.0,54,1,0,3050.0,860.0,2,9390.0,West,669.0,42.85,62.37,Y,0
341,688,114400.0,0.192,0.1,1,6,5900.0,42,0,0,2640.0,520.0,2,4710.0,North,686.0,49.73,62.92,X,0
804,632,183700.0,0.02,11.0,1,2,13800.0,38,1,0,3600.0,3730.0,3,10720.0,East,633.0,57.46,20.03,Z,0
128,731,86400.0,0.334,0.3,2,6,5200.0,34,1,1,950.0,10110.0,0,2830.0,East,732.0,43.28,34.11,X,0
777,516,51700.0,0.275,0.7,0,2,11400.0,37,1,0,2730.0,500.0,1,14290.0,West,522.0,58.99,68.31,Z,0
702,752,41800.0,0.249,3.3,1,9,9300.0,49,1,0,1350.0,5080.0,3,3590.0,North,752.0,57.92,43.0,Z,0
806,766,53900.0,0.284,0.2,0,4,10800.0,31,1,0,1930.0,7830.0,1,4150.0,North,767.0,61.78,56.72,X,0
859,697,35600.0,0.335,11.5,0,8,14500.0,51,1,0,1900.0,11560.0,3,5200.0,West,699.0,40.47,28.84,X,0
637,630,48000.0,0.465,10.7,0,7,18100.0,32,0,0,2350.0,12450.0,1,5590.0,North,628.0,52.31,29.5,X,0
589,467,90400.0,0.311,6.4,0,5,9500.0,40,1,0,3840.0,4420.0,0,5250.0,West,466.0,57.59,75.21,Y,0
390,661,45900.0,0.553,4.7,2,9,19700.0,40,1,1,2770.0,790.0,1,3130.0,West,659.0,49.45,43.99,Z,0
54,679,81700.0,0.44,7.9,0,9,8100.0,46,0,2,2120.0,19850.0,1,3980.0,South,679.0,46.23,80.1,X,0
230,691,56900.0,0.456,1.8,1,6,22800.0,46,0,0,2600.0,7350.0,4,4540.0,West,687.0,43.09,91.07,X,0
36,801,25200.0,0.321,10.3,0,5,10300.0,38,1,1,2940.0,11060.0,1,4960.0,East,804.0,36.88,82.15,Z,0
668,662,52700.0,0.457,1.0,1,7,13300.0,54,0,0,2430.0,2660.0,2,4160.0,West,662.0,54.43,51.65,Y,0
623,596,26100.0,0.533,10.4,0,9,6100.0,40,1,1,1430.0,4950.0,3,11890.0,South,591.0,54.67,22.4,X,0
315,659,38900.0,0.114,5.6,1,6,8000.0,40,1,2,3370.0,5260.0,0,9360.0,North,653.0,59.38,74.73,Z,0
8,598,71000.0,0.315,11.9,0,5,5400.0,53,0,1,2020.0,11440.0,3,7680.0,West,598.0,42.73,77.17,X,1
538,632,70300.0,0.316,11.2,0,9,12900.0,40,1,3,4130.0,2230.0,2,20710.0,South,632.0,53.78,60.15,Z,0
684,679,65700.0,0.317,6.8,0,5,5500.0,36,1,2,2570.0,3130.0,1,4620.0,South,684.0,55.63,42.1,X,0
319,673,48100.0,0.347,1.6,0,7,5900.0,41,1,2,2840.0,790.0,2,5430.0,North,670.0,52.04,52.74,Y,0
311,762,75100.0,0.334,1.8,1,8,16200.0,29,0,0,2670.0,45550.0,4,4020.0,East,764.0,41.16,53.49,X,0
687,642,38000.0,0.33,2.5,0,4,5900.0,53,1,3,3290.0,5060.0,4,2000.0,East,641.0,45.94,79.38,Y,0
302,770,37500.0,0.601,2.9,0,3,11700.0,44,1,0,2200.0,710.0,2,3040.0,South,771.0,69.5,92.41,Z,0
405,801,45400.0,0.455,12.4,1,2,15600.0,22,0,2,3510.0,35270.0,2,10500.0,North,798.0,48.86,17.29,Z,0
709,629,38600.0,0.3,1.8,1,9,6300.0,42,0,2,2220.0,33470.0,4,2880.0,North,629.0,56.5,60.33,Z,1
853,574,56900.0,0.353,1.4,2,10,3800.0,25,0,1,1070.0,6980.0,1,2760.0,South,571.0,53.28,3.61,Z,0
533,541,32200.0,0.486,0.2,1,6,24100.0,38,1,2,3990.0,27320.0,3,4400.0,South,545.0,29.88,6.02,Y,1
996,679,88200.0,0.363,5.8,1,10,15900.0,45,0,0,2650.0,970.0,1,6620.0,North,678.0,54.74,10.21,Z,0
522,721,56100.0,0.12,10.5,0,7,8500.0,71,0,0,1250.0,19730.0,5,9220.0,South,720.0,31.63,47.42,Z,0
87,655,56900.0,0.261,2.4,0,12,13600.0,33,0,0,1560.0,1520.0,1,7940.0,North,658.0,39.74,67.28,Z,0
943,779,65600.0,0.168,2.9,0,8,17700.0,41,1,1,2410.0,1550.0,1,5670.0,East,781.0,65.28,55.15,Z,0
62,552,92900.0,0.546,6.0,0,4,12600.0,56,0,1,2940.0,45570.0,0,7170.0,South,553.0,56.24,35.37,Y,0
453,630,136200.0,0.162,0.8,1,6,11000.0,37,0,0,2910.0,8920.0,1,2930.0,West,629.0,50.5,36.13,X,0
512,642,55400.0,0.445,32.0,0,11,7100.0,51,1,2,2940.0,9600.0,6,6860.0,East,642.0,51.44,30.0,X,0
631,710,68900.0,0.666,35.0,0,8,4300.0,32,1,2,2490.0,12550.0,4,7240.0,East,710.0,73.37,32.56,Y,0
189,781,77600.0,0.08,2.8,0,9,13900.0,44,0,0,900.0,9760.0,2,12230.0,South,780.0,42.11,55.68,X,0
163,848,83600.0,0.249,17.6,0,6,13200.0,44,1,0,1390.0,5020.0,1,6020.0,East,846.0,50.98,40.12,Y,0
243,492,26400.0,0.454,6.3,0,9,9600.0,52,1,0,1860.0,650.0,4,5020.0,North,488.0,68.39,51.72,Y,0
701,727,59100.0,0.52,8.1,2,9,10700.0,45,0,0,1690.0,8860.0,3,5950.0,West,727.0,62.68,19.57,Y,0
532,629,39900.0,0.538,0.8,0,6,7100.0,55,1,4,500.0,8290.0,1,15940.0,North,634.0,60.9,47.2,Y,0
916,626,72200.0,0.179,4.8,1,9,4900.0,35,0,1,1260.0,10380.0,3,3630.0,South,623.0,45.91,44.92,Y,1
358,678,38000.0,0.443,1.8,1,8,13900.0,28,0,0,1200.0,5530.0,3,5060.0,East,676.0,46.43,5.01,Y,0
868,595,36100.0,0.346,3.7,1,8,15600.0,48,1,1,1610.0,7560.0,2,8570.0,West,595.0,40.03,25.62,Y,0
807,509,63800.0,0.506,1.8,0,10,15100.0,22,0,2,2400.0,6580.0,1,4840.0,East,508.0,42.43,19.62,Y,1
97,530,53600.0,0.537,7.9,2,4,9200.0,60,1,1,1580.0,2750.0,2,10820.0,North,530.0,38.08,52.94,Y,0
245,602,72900.0,0.399,0.8,0,8,15400.0,48,0,2,630.0,2590.0,1,5790.0,East,602.0,56.06,54.35,X,1
114,806,98800.0,0.328,8.7,0,7,52200.0,44,0,1,2760.0,32940.0,2,7280.0,East,800.0,65.74,36.69,Y,0
887,692,55400.0,0.479,17.3,0,2,25200.0,21,0,1,2810.0,7840.0,2,4070.0,East,695.0,26.03,18.2,X,0
989,677,35200.0,0.283,0.8,1,10,11500.0,40,1,0,1850.0,2310.0,4,10630.0,East,677.0,55.28,60.7,X,0
427,609,31300.0,0.371,4.1,1,7,17100.0,54,1,1,2290.0,9420.0,1,8250.0,East,609.0,39.03,10.83,Y,0
770,655,53400.0,0.115,3.3,0,9,12900.0,23,1,0,2050.0,25300.0,0,78210.0,West,653.0,46.92,85.28,Z,0
818,700,56000.0,0.472,9.4,0,4,3000.0,37,1,2,2230.0,5820.0,2,5350.0,West,698.0,34.82,19.15,Y,0
417,646,39700.0,0.5,7.0,1,3,12300.0,43,1,0,1970.0,3330.0,1,3170.0,West,646.0,44.14,16.09,Z,1
967,699,33000.0,0.173,4.2,0,9,12300.0,45,1,2,2700.0,3670.0,0,5920.0,East,698.0,50.2,74.91,X,0
824,850,27800.0,0.566,17.5,0,7,19300.0,40,1,1,2420.0,3600.0,2,7500.0,South,857.0,43.51,74.4,Y,0
164,728,60900.0,0.157,6.1,0,5,5700.0,21,0,2,1750.0,1390.0,2,8230.0,West,724.0,57.65,46.32,X,0
392,675,60900.0,0.217,2.1,0,10,8200.0,38,1,1,2900.0,4390.0,1,7390.0,East,674.0,55.72,65.7,X,0
797,711,56900.0,0.274,16.8,1,12,11300.0,45,1,1,1320.0,5270.0,3,1930.0,South,704.0,47.18,60.54,Z,0
792,550,82500.0,0.367,18.3,0,6,13300.0,48,0,1,2550.0,6370.0,2,9160.0,West,551.0,60.43,98.11,X,1
287,734,84400.0,0.256,13.3,2,7,11000.0,44,1,1,1440.0,17020.0,1,4260.0,North,729.0,49.7,5.21,Y,0
506,689,42400.0,0.322,2.6,1,7,4700.0,22,0,1,2950.0,10260.0,0,8300.0,East,689.0,50.93,89.78,Z,0
265,657,52200.0,0.33,4.7,0,4,11700.0,47,0,1,4140.0,7110.0,2,19450.0,South,654.0,31.9,96.32,Z,0
283,702,103700.0,0.191,2.2,0,4,6900.0,46,0,1,2230.0,6610.0,3,11900.0,South,711.0,49.98,23.5,Y,0
944,758,51100.0,0.33,1.8,0,7,5700.0,24,0,0,810.0,78990.0,3,5420.0,West,760.0,29.98,88.22,Y,0
294,802,54500.0,0.593,4.9,0,3,5700.0,22,0,0,2550.0,14480.0,5,20000.0,West,806.0,43.71,47.2,X,0
207,589,45200.0,0.397,4.8,1,7,4000.0,35,0,2,2520.0,3740.0,0,9680.0,North,587.0,46.14,59.37,Y,0
233,765,133800.0,0.248,1.7,1,8,13900.0,41,0,0,770.0,7260.0,1,11820.0,North,766.0,56.11,25.71,X,0
910,778,13500.0,0.09,1.7,3,5,8400.0,40,1,1,1340.0,2120.0,1,5100.0,North,776.0,52.62,41.2,Y,0
754,591,36300.0,0.155,1.6,0,10,8300.0,37,0,0,400.0,1870.0,2,19140.0,West,592.0,35.23,47.83,X,0
920,697,60700.0,0.373,1.0,1,12,8600.0,69,1,2,2860.0,4670.0,1,4670.0,South,692.0,68.66,69.24,Y,0
401,692,105600.0,0.612,18.3,2,6,2500.0,39,1,2,3200.0,5080.0,3,1850.0,North,689.0,33.89,41.01,X,0
979,768,68200.0,0.289,1.1,1,7,18100.0,30,1,2,1670.0,3480.0,1,7040.0,West,771.0,54.05,49.32,X,0
840,702,30300.0,0.353,1.2,1,12,3700.0,41,1,3,1710.0,13110.0,4,13480.0,West,702.0,40.69,44.26,Y,0
158,640,125900.0,0.111,4.3,0,9,15700.0,56,1,2,2610.0,1460.0,4,2240.0,North,637.0,38.54,14.71,X,0
941,750,87900.0,0.27,0.5,0,9,8900.0,33,0,0,1850.0,670.0,1,9740.0,South,752.0,72.23,10.86,Y,0
655,642,85900.0,0.413,2.2,2,8,10000.0,46,1,1,2460.0,13690.0,2,1740.0,South,643.0,52.59,80.76,Y,1
492,755,82300.0,0.098,1.2,0,9,8300.0,42,1,1,2110.0,11450.0,4,19780.0,North,756.0,61.53,18.04,Z,0
867,678,57300.0,0.108,2.8,1,2,10000.0,36,0,2,1480.0,5840.0,3,6570.0,North,676.0,64.26,70.67,X,0
833,745,23500.0,0.278,6.8,0,12,6200.0,56,1,2,4340.0,1220.0,3,6540.0,East,747.0,51.35,32.75,Z,0
340,699,41600.0,0.169,5.6,0,6,10800.0,55,1,0,2200.0,830.0,0,2790.0,South,703.0,54.62,83.11,X,0
727,608,60100.0,0.296,0.8,0,9,6100.0,39,1,1,3740.0,13450.0,1,5540.0,South,607.0,50.2,47.78,Z,0
378,610,91300.0,0.169,2.5,2,11,9300.0,50,1,1,2760.0,7180.0,2,18210.0,South,606.0,62.67,19.17,Z,0
402,608,58100.0,0.394,14.2,1,7,8100.0,55,0,1,2870.0,20690.0,2,1260.0,East,612.0,49.69,97.82,X,1
448,523,64000.0,0.283,5.1,1,5,13200.0,40,0,1,2630.0,2790.0,1,3830.0,East,519.0,57.53,62.75,Y,0
884,762,116900.0,0.02,4.0,0,8,3400.0,27,0,3,3040.0,5720.0,0,3620.0,West,759.0,47.7,16.87,Y,0
157,726,48800.0,0.248,6.0,3,8,8200.0,47,0,4,2560.0,5840.0,0,5250.0,West,726.0,54.69,8.84,X,1
387,716,33900.0,0.232,16.8,0,11,9700.0,21,1,3,2220.0,610.0,3,3910.0,South,718.0,46.85,97.85,X,0
180,674,39900.0,0.383,1.4,1,2,3600.0,29,1,3,2130.0,3060.0,2,4610.0,North,676.0,60.39,55.13,Z,0
665,757,66500.0,0.426,12.3,0,6,4500.0,50,1,0,4830.0,33020.0,3,4210.0,South,756.0,57.42,80.36,X,0
664,597,61300.0,0.341,1.8,0,4,19500.0,21,0,0,3170.0,4140.0,1,14200.0,West,600.0,26.74,31.79,Y,0
79,589,77000.0,0.29,13.6,0,5,16200.0,26,1,2,2530.0,26690.0,1,12050.0,East,588.0,48.07,82.21,Z,0
653,644,132500.0,0.427,3.6,0,10,7900.0,48,1,3,3000.0,4820.0,3,6790.0,South,647.0,39.23,91.74,Z,0
891,703,84900.0,0.41,6.3,0,7,23900.0,44,1,4,970.0,18060.0,3,9400.0,West,701.0,69.54,62.81,Z,1
905,786,133900.0,0.215,1.7,0,13,7000.0,37,0,2,2020.0,4720.0,5,2180.0,East,784.0,49.93,3.88,Z,0
780,573,68800.0,0.28,14.8,0,7,6400.0,38,1,2,1940.0,9930.0,2,7490.0,North,571.0,56.82,20.24,X,0
93,610,69700.0,0.272,6.1,0,7,23000.0,34,0,3,3380.0,21740.0,1,6800.0,South,612.0,41.11,70.61,Y,0
695,718,82200.0,0.473,6.4,0,3,8700.0,33,0,1,2600.0,7230.0,0,16800.0,North,714.0,66.38,45.75,Y,0
320,787,40700.0,0.473,2.3,0,7,12200.0,45,1,0,3900.0,2950.0,1,15800.0,South,786.0,44.34,77.84,Y,0
644,682,92700.0,0.249,4.2,2,9,6100.0,34,0,0,1310.0,14900.0,2,4200.0,East,680.0,45.14,31.65,X,0
485,604,65800.0,0.278,7.9,0,7,8000.0,38,1,1,650.0,9900.0,3,2880.0,North,607.0,34.54,80.44,Z,0
696,674,107200.0,0.255,3.7,0,2,3500.0,33,0,2,1390.0,12480.0,0,5270.0,South,678.0,52.73,54.38,Y,0
199,543,27000.0,0.139,4.0,0,9,11900.0,29,1,0,1490.0,14260.0,1,9850.0,South,543.0,47.12,97.91,Z,1
105,750,76700.0,0.256,2.8,1,9,11800.0,30,1,0,1820.0,14600.0,2,4670.0,East,755.0,52.61,20.64,Z,0
525,651,74100.0,0.522,15.6,0,6,4600.0,38,0,2,1530.0,8890.0,4,3890.0,West,648.0,30.96,92.24,Y,0
712,799,54200.0,0.288,3.9,1,2,23700.0,25,0,3,1690.0,530.0,2,4720.0,West,802.0,41.19,11.13,X,0
621,757,82300.0,0.29,13.2,0,5,12600.0,27,1,1,3520.0,2560.0,2,6660.0,South,758.0,43.54,52.6,Y,0
983,691,54700.0,0.309,8.1,0,8,20600.0,33,1,2,1560.0,16870.0,0,5010.0,East,686.0,46.28,56.43,X,0
851,568,33600.0,0.312,0.4,0,8,14400.0,31,1,1,2260.0,2820.0,5,8030.0,North,569.0,53.39,40.05,X,0
439,609,77200.0,0.189,8.4,3,5,11200.0,46,0,2,2000.0,35320.0,5,6090.0,South,610.0,45.25,43.17,X,0
937,779,41900.0,0.279,1.9,0,5,6100.0,46,1,0,2080.0,4360.0,0,10490.0,North,778.0,49.94,55.92,Y,0
134,757,49000.0,0.166,2.4,2,5,13800.0,55,1,1,2140.0,6870.0,4,3940.0,East,762.0,57.29,4.3,Y,0
119,719,104700.0,0.471,2.1,0,1,7500.0,41,1,1,3040.0,3600.0,2,8210.0,West,713.0,62.33,93.52,X,0
647,618,33900.0,0.393,8.8,0,7,17200.0,48,1,1,2470.0,510.0,2,9370.0,East,615.0,37.67,22.75,X,0
542,688,103000.0,0.277,0.5,1,8,11000.0,21,1,0,2830.0,7080.0,3,6460.0,West,694.0,61.63,42.99,Y,0
408,601,34600.0,0.439,4.3,0,6,5700.0,63,1,0,2750.0,4630.0,0,9340.0,North,598.0,47.25,76.17,Z,0
938,727,95400.0,0.328,13.3,0,10,12500.0,48,0,0,2290.0,3580.0,3,10050.0,West,728.0,60.63,23.26,Y,0
6,684,71000.0,0.108,6.2,1,12,2100.0,21,0,3,2220.0,2940.0,5,4380.0,North,682.0,38.4,47.92,Y,0
279,700,152200.0,0.324,3.1,0,6,18800.0,50,0,0,2390.0,2930.0,1,7360.0,South,697.0,50.46,26.5,X,0
681,748,39700.0,0.497,0.1,0,3,13000.0,39,1,1,2980.0,3400.0,3,6350.0,South,747.0,46.06,91.88,X,0
316,691,65000.0,0.329,1.2,0,8,10400.0,48,0,0,4670.0,5040.0,1,3840.0,West,695.0,54.49,90.1,Z,0
116,612,48700.0,0.589,16.8,1,8,8700.0,41,1,1,2390.0,890.0,4,6160.0,West,613.0,62.56,96.97,X,1
735,657,54400.0,0.366,11.6,0,7,9100.0,52,1,2,2920.0,9260.0,1,8030.0,North,655.0,64.06,81.08,Y,0
588,744,56000.0,0.275,13.9,0,5,19700.0,44,1,1,1220.0,2090.0,2,3930.0,East,740.0,44.07,51.14,X,0
821,780,32200.0,0.522,0.0,2,8,22600.0,43,1,1,1930.0,4790.0,2,22550.0,East,779.0,44.36,80.09,Y,0
850,559,71800.0,0.547,1.2,0,5,14600.0,21,0,0,3100.0,25720.0,1,6920.0,West,562.0,52.18,53.5,X,0
334,563,76000.0,0.129,8.7,1,5,15700.0,37,1,1,1690.0,7040.0,0,5850.0,East,562.0,41.05,55.21,X,1
209,661,81500.0,0.198,6.1,0,3,11100.0,35,0,2,3190.0,26670.0,5,13310.0,East,662.0,41.77,59.0,X,0
719,596,63900.0,0.055,7.7,0,13,11800.0,29,0,3,1910.0,4270.0,4,10240.0,South,597.0,39.96,55.88,Y,0
586,721,65900.0,0.196,4.3,0,4,25300.0,37,1,0,3640.0,5650.0,1,5630.0,South,718.0,38.14,48.25,Y,0
9,737,52500.0,0.356,7.8,1,9,9900.0,30,0,0,3490.0,1820.0,0,9230.0,West,736.0,51.87,74.01,X,0
223,629,56900.0,0.366,0.3,0,10,21200.0,23,1,2,2230.0,1230.0,2,3400.0,North,636.0,46.01,15.54,X,0
558,658,84300.0,0.161,0.9,0,10,8500.0,43,0,1,1270.0,2560.0,0,14030.0,North,658.0,49.3,99.4,X,0
469,618,92000.0,0.45,4.5,2,6,26100.0,37,0,1,1780.0,1840.0,4,7830.0,East,617.0,46.08,30.6,X,0
263,766,37900.0,0.477,8.6,0,6,13500.0,65,0,0,1160.0,5530.0,1,19830.0,East,763.0,48.53,75.48,Z,0
540,620,73900.0,0.409,4.3,0,7,13700.0,49,1,2,1540.0,1430.0,3,13410.0,South,621.0,53.68,21.61,X,1
516,667,42200.0,0.465,28.7,1,8,7400.0,37,1,0,3040.0,1260.0,2,7670.0,North,669.0,33.53,52.42,X,0
529,719,21900.0,0.091,4.8,1,10,33600.0,41,0,0,1510.0,5590.0,1,16790.0,North,721.0,57.08,31.74,Z,0
240,791,54700.0,0.256,1.5,0,11,14400.0,50,1,1,1940.0,26020.0,2,9340.0,South,794.0,38.87,90.18,Z,0
554,770,102400.0,0.302,35.0,1,10,10800.0,35,1,0,2270.0,25330.0,3,8070.0,North,775.0,56.21,20.15,Z,0
895,678,108900.0,0.178,0.3,1,8,4500.0,59,0,2,580.0,4680.0,4,4370.0,East,676.0,47.94,55.1,X,0
273,674,23100.0,0.409,1.1,0,10,27200.0,58,1,1,1380.0,4330.0,0,4360.0,East,674.0,47.55,53.53,X,0
985,738,76200.0,0.14,4.4,2,6,7900.0,53,1,2,2980.0,2630.0,1,11020.0,North,739.0,55.78,35.66,X,0
458,535,69500.0,0.159,9.5,1,10,14500.0,22,1,1,2920.0,5890.0,2,3410.0,West,541.0,54.29,58.97,Z,0
420,722,49100.0,0.266,7.5,1,6,3600.0,26,1,2,1710.0,8270.0,1,3090.0,South,718.0,46.98,42.78,Y,0
811,678,86700.0,0.575,10.1,0,13,11600.0,52,0,1,2420.0,12980.0,1,4420.0,North,677.0,50.66,92.32,X,0
80,793,54300.0,0.195,5.7,0,4,3000.0,30,0,2,1350.0,6820.0,0,8510.0,West,791.0,51.34,34.99,Y,0
677,655,60900.0,0.079,5.1,4,11,18600.0,27,1,0,2850.0,160.0,2,2680.0,East,658.0,47.48,91.71,Z,0
60,590,55400.0,0.1,2.4,1,12,8900.0,31,1,1,1750.0,1480.0,3,5760.0,North,585.0,47.25,26.91,X,0
774,771,25900.0,0.564,1.4,0,5,6900.0,25,1,1,2430.0,2980.0,1,5330.0,South,771.0,48.81,14.82,Y,0
431,644,109600.0,0.529,3.3,1,4,8100.0,54,0,1,2160.0,1350.0,4,14300.0,West,650.0,50.69,31.58,X,0
203,720,67400.0,0.431,6.2,0,6,13100.0,26,0,0,1320.0,4450.0,2,3660.0,North,718.0,46.55,79.92,X,0
184,637,106200.0,0.199,0.8,3,8,11700.0,39,0,2,3420.0,20340.0,5,9160.0,West,642.0,52.3,79.45,Z,0
321,565,18200.0,0.158,6.3,2,5,30400.0,32,0,0,4090.0,5610.0,4,6310.0,North,563.0,23.44,9.38,X,0
178,822,39500.0,0.383,6.3,1,11,19900.0,37,0,1,1080.0,10420.0,2,4210.0,West,825.0,41.64,83.53,X,0
898,682,41000.0,0.039,3.5,1,7,8100.0,34,1,2,1960.0,5870.0,1,35170.0,West,688.0,50.65,70.9,Z,0
606,623,33700.0,0.31,0.6,0,8,20900.0,21,1,2,1820.0,6580.0,5,2120.0,North,619.0,50.91,63.71,X,1
169,648,83100.0,0.29,2.3,0,3,20800.0,52,1,2,2300.0,9050.0,1,15080.0,South,649.0,51.32,35.71,Y,0
202,775,83800.0,0.45,4.4,1,6,4100.0,49,0,2,480.0,1540.0,3,5030.0,South,775.0,49.68,39.69,X,0
83,537,49000.0,0.516,9.3,1,5,5700.0,21,0,0,300.0,1940.0,2,3850.0,South,540.0,55.99,48.12,Y,0
999,720,34200.0,0.324,4.9,0,7,7800.0,49,1,2,1580.0,5590.0,4,3270.0,South,725.0,48.46,92.71,X,0
159,753,25800.0,0.099,12.3,0,7,13600.0,59,0,0,2500.0,13450.0,1,5000.0,East,753.0,43.75,34.04,X,0
86,761,23500.0,0.307,8.4,0,6,13500.0,21,1,1,2410.0,17440.0,2,4470.0,South,763.0,39.42,68.93,X,0
704,736,54200.0,0.343,31.6,2,6,13900.0,56,0,0,2790.0,10800.0,4,4730.0,North,741.0,44.09,30.61,Y,0
154,626,66800.0,0.276,2.9,0,8,6400.0,58,1,0,3190.0,22350.0,2,2880.0,South,622.0,63.07,36.87,Y,0
155,803,45600.0,0.323,13.4,0,9,6100.0,50,0,2,4420.0,4890.0,4,7750.0,North,806.0,40.73,36.14,X,0
643,600,54000.0,0.158,0.7,1,8,6000.0,34,1,2,1220.0,6750.0,2,20170.0,North,600.0,31.69,65.79,Z,0
406,762,23000.0,0.276,2.7,0,4,12600.0,26,1,0,2760.0,2840.0,1,12300.0,North,756.0,41.95,22.76,Y,0
634,725,23700.0,0.294,4.0,2,4,15100.0,21,0,0,3560.0,58110.0,4,6460.0,East,727.0,39.69,15.27,Y,0
992,713,18500.0,0.345,3.1,1,7,6000.0,48,0,1,3910.0,6060.0,2,7720.0,North,718.0,55.15,52.11,X,0
523,620,53000.0,0.342,11.2,0,3,7200.0,53,0,0,2310.0,550.0,0,7850.0,East,624.0,52.59,25.26,X,0
599,612,41700.0,0.432,7.5,2,5,31400.0,29,0,3,1440.0,24390.0,5,9370.0,North,616.0,66.54,20.72,Z,0
548,726,128100.0,0.416,1.3,0,7,7000.0,54,0,0,2230.0,11100.0,3,10440.0,North,722.0,64.87,36.25,X,0
947,733,84900.0,0.196,3.1,0,9,20600.0,32,1,3,1520.0,7600.0,1,7150.0,North,728.0,47.5,14.73,Y,0
726,708,68200.0,0.367,6.3,1,12,7700.0,27,1,1,2300.0,21430.0,4,10930.0,West,702.0,44.69,99.02,Y,0
382,691,71300.0,0.22,0.2,0,8,4000.0,24,1,0,2560.0,6640.0,2,9030.0,South,690.0,41.24,86.24,Y,0
541,826,36900.0,0.217,16.2,0,5,42300.0,48,1,4,1300.0,2520.0,4,4060.0,South,824.0,45.89,68.72,Y,0
747,608,65300.0,0.408,3.2,1,8,8400.0,33,0,1,2600.0,1010.0,1,2640.0,West,607.0,58.61,84.04,Y,0
304,620,135800.0,0.247,6.8,0,5,9400.0,45,1,0,490.0,1270.0,2,7280.0,East,620.0,67.55,53.4,X,0
118,633,71400.0,0.413,3.7,0,9,13600.0,56,0,0,1570.0,1250.0,1,7130.0,West,636.0,56.23,61.74,Y,0
620,674,61300.0,0.242,2.0,1,4,9600.0,43,0,2,3280.0,1630.0,3,4520.0,North,677.0,52.77,18.04,Z,0
711,756,63700.0,0.207,6.9,0,6,4500.0,30,1,0,4770.0,11410.0,3,4330.0,East,762.0,49.81,69.33,X,0
638,588,54400.0,0.345,2.1,0,9,7000.0,48,1,2,2350.0,16410.0,4,4400.0,South,584.0,39.56,59.97,X,0
509,673,73000.0,0.308,5.6,0,12,16100.0,26,1,0,1730.0,2230.0,4,7850.0,South,669.0,36.63,4.94,Y,0
739,567,34800.0,0.176,7.8,0,11,3800.0,35,0,1,2070.0,1210.0,3,3240.0,North,565.0,74.89,43.5,Y,0
972,726,32200.0,0.07,4.6,0,7,24000.0,55,1,4,1020.0,1370.0,5,5950.0,South,732.0,54.75,63.89,X,0
354,762,25300.0,0.581,0.2,2,9,4800.0,55,0,3,2250.0,9240.0,3,3290.0,South,758.0,42.47,3.85,X,0
30,697,42800.0,0.223,3.9,1,5,8900.0,43,1,0,1040.0,1770.0,1,8810.0,East,697.0,51.06,83.37,Y,1
436,635,23500.0,0.327,0.3,0,9,6100.0,48,0,1,1630.0,4260.0,6,3900.0,South,634.0,62.13,20.83,X,0
524,770,55900.0,0.314,9.6,2,6,8300.0,28,1,0,3810.0,6690.0,2,7800.0,West,768.0,52.49,10.14,Z,0
143,744,66600.0,0.079,5.9,0,7,9800.0,58,0,1,2970.0,13870.0,3,4910.0,West,752.0,59.52,3.05,Y,0
892,640,38500.0,0.377,5.3,0,6,9200.0,48,0,2,2840.0,4130.0,3,7500.0,North,642.0,61.7,44.84,X,0
834,776,37200.0,0.431,2.8,0,8,6800.0,36,0,2,2220.0,2520.0,1,4630.0,West,774.0,46.53,28.47,Z,0
286,749,58300.0,0.305,8.8,1,12,3400.0,35,1,0,2000.0,8990.0,2,5230.0,South,747.0,57.19,68.38,X,0
738,608,44000.0,0.134,3.4,1,6,10000.0,45,0,1,2390.0,3650.0,1,40620.0,South,604.0,49.57,73.11,Z,1
68,665,45700.0,0.27,2.2,0,7,15400.0,45,1,1,2140.0,1200.0,4,22960.0,West,666.0,45.15,21.39,Z,0
779,718,133400.0,0.242,18.7,0,5,5400.0,38,1,1,1210.0,3480.0,2,8470.0,South,710.0,56.83,34.85,Y,0
484,702,122800.0,0.306,14.0,3,6,15400.0,55,1,1,2270.0,6270.0,1,6190.0,North,703.0,56.06,22.47,Y,0
339,730,65100.0,0.237,19.6,1,13,7600.0,21,0,1,2740.0,2730.0,5,5320.0,North,730.0,43.89,0.44,X,0
376,746,62900.0,0.353,18.5,1,3,19400.0,46,0,0,2350.0,17050.0,2,19980.0,East,748.0,45.53,37.84,X,0
299,754,94300.0,0.263,16.8,0,5,11400.0,47,1,2,2470.0,16360.0,3,1530.0,South,757.0,53.62,46.45,Y,0
249,597,130800.0,0.288,1.9,0,6,12000.0,39,1,1,2310.0,9940.0,6,7430.0,North,601.0,48.72,34.43,Y,1
813,724,50000.0,0.026,8.0,1,7,13400.0,42,1,2,2170.0,5120.0,3,3950.0,North,725.0,42.05,68.62,X,0
264,670,71100.0,0.339,1.2,1,7,10500.0,49,1,1,3570.0,3090.0,3,3290.0,North,671.0,55.29,50.97,X,0
474,715,37500.0,0.311,5.4,0,4,4500.0,45,1,0,3020.0,2600.0,4,7920.0,North,715.0,27.67,48.23,Z,1
306,688,36400.0,0.352,15.4,0,11,12100.0,42,1,1,2270.0,2910.0,6,8160.0,East,687.0,51.24,27.96,X,0
20,759,42100.0,0.424,7.3,0,11,7800.0,30,1,0,2260.0,13130.0,2,5830.0,North,759.0,44.67,92.75,Y,0
819,705,28300.0,0.168,4.0,1,6,15900.0,37,1,0,1610.0,35900.0,1,13960.0,South,706.0,53.37,49.59,Z,0
122,642,93100.0,0.313,5.5,2,11,4900.0,43,0,3,1690.0,27720.0,2,7300.0,South,645.0,46.15,1.3,X,1
546,573,43100.0,0.209,3.4,0,5,10500.0,43,0,2,2700.0,500.0,0,2340.0,South,572.0,53.46,94.43,Z,0
137,735,46300.0,0.36,0.6,1,10,7900.0,35,1,0,870.0,46990.0,1,9030.0,West,741.0,51.7,90.57,X,0
44,726,73600.0,0.079,1.6,1,9,13800.0,41,1,0,2350.0,1640.0,4,18700.0,South,726.0,66.4,54.26,X,0
715,705,86700.0,0.394,1.9,1,9,13300.0,53,0,1,2830.0,28300.0,1,3570.0,East,708.0,60.63,95.69,Y,1
597,652,77000.0,0.399,1.2,0,8,9300.0,21,0,4,3200.0,4080.0,3,2990.0,South,651.0,45.45,19.74,X,0
966,651,60200.0,0.294,2.6,2,6,9000.0,39,0,2,2930.0,1870.0,2,12090.0,East,654.0,54.75,15.99,Y,0
626,634,81800.0,0.451,0.4,0,12,18200.0,37,1,0,2940.0,5340.0,2,5120.0,West,637.0,55.31,61.55,Z,1
964,669,56000.0,0.12,4.5,1,9,10800.0,42,0,0,720.0,4750.0,0,20430.0,North,671.0,48.33,74.99,Y,0
556,685,54600.0,0.302,0.7,1,7,9200.0,46,1,1,890.0,3670.0,1,13650.0,East,680.0,49.3,38.41,Y,0
939,698,26100.0,0.439,5.4,1,5,5700.0,34,0,1,1220.0,11540.0,0,2280.0,North,699.0,46.71,66.7,X,1
974,594,90100.0,0.424,3.9,0,5,9100.0,56,0,0,2900.0,1200.0,2,3570.0,East,594.0,54.48,80.91,X,0
903,688,42500.0,0.584,5.2,0,10,10500.0,27,0,1,1170.0,2850.0,2,6770.0,North,692.0,52.86,2.3,Z,0
878,623,156000.0,0.173,11.6,0,5,18800.0,28,0,1,2220.0,7760.0,2,10390.0,East,625.0,52.01,62.45,Y,0
872,721,89300.0,0.053,10.0,0,7,11600.0,48,1,1,2720.0,3360.0,2,4710.0,South,724.0,33.89,94.3,Y,0
227,756,24400.0,0.27,1.4,0,12,14000.0,35,1,1,2090.0,8320.0,4,3700.0,East,755.0,61.45,34.91,X,0
471,634,110500.0,0.511,1.4,2,10,33900.0,27,0,1,1070.0,1230.0,2,13860.0,East,636.0,42.87,98.62,X,1
292,535,82700.0,0.25,12.9,0,5,6100.0,33,1,2,1690.0,12740.0,2,6010.0,North,540.0,46.3,96.8,X,0
699,494,38300.0,0.425,6.7,2,6,3700.0,27,0,0,2400.0,3780.0,3,8570.0,West,497.0,40.19,29.91,Y,1
624,660,94500.0,0.624,7.6,1,6,11300.0,45,0,2,2330.0,5730.0,1,10620.0,East,659.0,46.57,49.81,Y,1
34,753,50100.0,0.375,4.9,2,12,17800.0,60,0,2,2740.0,1960.0,3,17120.0,South,754.0,48.85,40.17,X,0
686,668,145200.0,0.386,5.9,0,4,6000.0,34,0,1,1870.0,8880.0,3,4580.0,South,665.0,53.49,6.99,X,0
1,739,48300.0,0.384,6.3,1,4,9700.0,49,0,0,2830.0,13630.0,2,18740.0,South,741.0,55.23,47.23,Z,0
136,655,44700.0,0.335,1.6,0,10,9900.0,43,1,1,2300.0,1520.0,0,5160.0,South,655.0,35.94,73.95,Y,1
466,749,37900.0,0.241,1.0,0,2,13800.0,58,1,1,2250.0,7300.0,4,1770.0,West,753.0,48.35,8.42,X,0
809,626,100400.0,0.275,2.0,0,8,8200.0,58,0,2,1670.0,7580.0,1,3110.0,West,630.0,58.8,59.94,X,0
359,753,31900.0,0.246,0.8,1,7,7700.0,55,0,0,1920.0,9960.0,5,3310.0,North,758.0,48.81,8.89,X,0
926,685,113400.0,0.146,0.8,1,6,3400.0,46,1,0,2290.0,12720.0,1,10250.0,South,683.0,61.47,19.37,Z,0
975,558,44800.0,0.187,5.3,0,6,8500.0,38,0,0,4300.0,1200.0,3,10250.0,South,559.0,46.46,78.32,X,0
226,634,64500.0,0.262,0.4,1,8,35200.0,41,1,2,2010.0,3280.0,1,3680.0,West,632.0,63.1,7.78,Y,1
327,672,94900.0,0.209,1.3,1,4,61500.0,28,1,1,1700.0,2280.0,2,3590.0,West,671.0,45.74,8.67,Y,0
514,706,24200.0,0.361,10.1,0,6,5000.0,23,1,0,2190.0,1790.0,3,3770.0,South,711.0,56.16,25.43,Z,0
191,711,41300.0,0.471,1.2,0,4,6400.0,40,1,0,3150.0,18960.0,0,4410.0,South,711.0,72.88,93.92,Y,0
961,760,83500.0,0.235,0.1,0,11,21700.0,49,0,0,2410.0,1690.0,3,8700.0,West,761.0,53.7,56.76,Y,0
798,614,39900.0,0.529,1.7,0,3,7800.0,52,0,0,980.0,1360.0,4,14850.0,West,615.0,50.45,71.21,X,0
861,772,43600.0,0.432,3.8,0,9,7500.0,30,1,0,2260.0,860.0,1,2900.0,South,769.0,34.47,42.06,Z,0
244,596,112600.0,0.568,10.4,0,10,3900.0,39,1,3,1730.0,2200.0,4,15590.0,West,602.0,38.83,67.9,Y,0
267,812,76600.0,0.182,3.6,0,11,5900.0,48,0,2,3150.0,3280.0,0,5350.0,North,816.0,42.45,2.0,Z,0
787,721,40700.0,0.405,1.2,0,7,28100.0,33,1,0,2820.0,2380.0,3,2500.0,South,718.0,62.4,21.21,Y,0
874,678,71800.0,0.054,4.1,1,7,21500.0,34,0,2,3000.0,16250.0,1,6020.0,West,671.0,48.79,93.2,Z,0
49,745,41800.0,0.106,0.9,0,7,14200.0,49,1,1,3420.0,13930.0,3,2790.0,East,741.0,51.54,56.13,Y,0
205,526,70100.0,0.393,15.8,0,6,33000.0,28,0,0,1100.0,2690.0,1,3670.0,North,528.0,38.63,90.12,X,0
103,723,51900.0,0.151,5.7,0,3,4100.0,30,0,0,1700.0,1310.0,6,8570.0,West,724.0,54.63,64.71,X,0
67,668,26300.0,0.242,0.9,2,9,19800.0,34,0,5,350.0,2300.0,2,11410.0,West,665.0,26.33,22.63,X,0
810,644,76400.0,0.216,1.1,0,1,6300.0,55,0,1,2320.0,4820.0,4,10820.0,West,650.0,51.53,25.75,Y,0
23,636,15900.0,0.398,17.7,0,5,10500.0,38,0,1,2160.0,11940.0,0,4900.0,South,639.0,64.25,90.82,Z,0
960,738,62500.0,0.717,26.8,2,8,6100.0,42,0,1,2410.0,5440.0,0,4870.0,West,735.0,62.38,74.65,Y,0
464,815,46800.0,0.401,10.7,1,11,26100.0,46,0,0,2430.0,7400.0,0,3170.0,South,815.0,53.48,83.82,Y,0
511,663,149800.0,0.332,2.9,0,4,8100.0,29,0,2,3020.0,1570.0,3,8180.0,West,658.0,71.55,77.68,Z,0
333,620,172200.0,0.333,1.7,1,7,15200.0,21,0,1,3560.0,2220.0,1,5490.0,East,625.0,45.76,50.47,Z,0
351,658,92200.0,0.117,1.6,1,4,11300.0,39,0,0,1200.0,4850.0,3,4960.0,East,655.0,49.09,79.07,Y,0
753,739,62700.0,0.423,8.3,0,8,9400.0,33,1,1,2270.0,5280.0,2,6960.0,East,739.0,55.32,63.45,X,0
254,819,101600.0,0.283,0.3,0,6,4800.0,34,0,2,1660.0,5770.0,2,7630.0,South,815.0,28.53,93.62,X,0
728,793,58100.0,0.414,2.2,0,4,10200.0,27,0,3,1890.0,34940.0,2,16320.0,North,796.0,50.82,75.66,Z,0
468,641,40800.0,0.37,14.2,0,11,16900.0,54,1,1,1370.0,37890.0,2,3610.0,South,644.0,50.16,82.29,Y,0
854,685,18500.0,0.227,1.1,0,7,7500.0,42,0,0,1390.0,8660.0,1,3590.0,East,684.0,60.11,27.05,Y,0
657,606,115400.0,0.15,1.8,0,7,5400.0,29,1,0,2410.0,2920.0,2,5160.0,East,609.0,49.83,46.78,Y,0
865,582,73900.0,0.315,15.5,0,11,17600.0,24,1,0,2850.0,5670.0,2,6160.0,South,584.0,41.03,17.05,Z,0
470,670,50100.0,0.309,22.7,0,8,4300.0,35,1,1,2100.0,4200.0,1,2360.0,South,669.0,36.98,91.6,X,0
883,566,52900.0,0.315,0.1,0,8,10300.0,31,1,1,3050.0,6850.0,4,18470.0,West,571.0,47.98,17.37,Y,0
162,690,99100.0,0.432,1.8,0,6,20400.0,53,0,0,1650.0,2460.0,1,3350.0,North,690.0,49.77,72.31,Y,0
375,751,73400.0,0.43,24.5,0,4,35300.0,23,0,0,1450.0,16410.0,3,12940.0,East,755.0,34.14,67.52,Z,0
600,696,59700.0,0.411,1.0,1,7,8300.0,41,1,0,1990.0,5550.0,0,9880.0,West,696.0,41.23,72.93,Y,0
877,694,37000.0,0.448,7.8,0,5,7100.0,40,0,1,2030.0,2470.0,1,5440.0,East,689.0,42.52,17.92,Y,0
871,661,28600.0,0.475,4.0,1,14,6700.0,59,1,2,1970.0,4150.0,4,5690.0,North,660.0,39.96,86.85,Z,0
65,850,47600.0,0.351,0.9,0,3,19600.0,26,0,1,1410.0,4920.0,1,3030.0,East,851.0,46.08,27.47,Z,0
421,666,155400.0,0.335,6.9,3,9,13200.0,44,1,0,1090.0,340.0,0,12140.0,North,668.0,31.11,69.07,X,0
723,660,36800.0,0.237,0.1,1,4,14700.0,47,0,1,1780.0,7360.0,4,6510.0,North,661.0,48.45,25.58,X,0
860,821,27900.0,0.306,1.7,0,8,19300.0,34,0,0,1220.0,1250.0,2,5490.0,North,820.0,62.24,28.1,X,0
670,775,99800.0,0.389,2.8,0,9,9900.0,33,0,0,2710.0,1350.0,0,14880.0,West,777.0,44.05,55.02,Y,0
204,716,34200.0,0.243,0.8,1,8,21000.0,48,0,1,3000.0,2020.0,2,6190.0,West,716.0,58.33,81.9,Z,1
527,843,98400.0,0.349,19.4,0,5,7600.0,37,1,0,2450.0,21980.0,3,8420.0,North,838.0,45.75,51.3,X,0
625,512,55000.0,0.274,0.2,1,10,25900.0,40,0,1,3210.0,6500.0,3,17700.0,West,514.0,42.66,17.04,X,1
825,602,24500.0,0.488,5.6,3,7,8200.0,47,1,0,3810.0,4350.0,1,3980.0,South,601.0,35.74,23.82,X,1
899,652,47000.0,0.375,1.0,0,8,9600.0,27,1,1,1410.0,11770.0,0,11910.0,East,651.0,49.49,52.58,Y,0
930,607,50900.0,0.492,4.0,0,5,14200.0,33,0,0,2840.0,42920.0,2,14600.0,South,613.0,64.81,96.28,X,0
993,619,53000.0,0.36,21.5,1,4,8000.0,27,1,2,2220.0,5240.0,2,4700.0,North,621.0,45.12,67.13,Y,0
225,655,97300.0,0.214,10.5,1,9,18200.0,25,1,0,2370.0,2870.0,1,8930.0,West,653.0,44.79,74.7,Z,0
210,636,69200.0,0.241,1.3,1,8,16500.0,33,1,1,1170.0,2570.0,1,5540.0,East,638.0,51.04,4.54,Z,0
689,634,32400.0,0.168,6.5,1,6,10600.0,36,0,1,2730.0,4310.0,2,9700.0,South,634.0,58.14,81.75,Z,1
925,718,79300.0,0.317,20.3,1,6,4900.0,34,1,3,970.0,640.0,1,14140.0,South,715.0,59.68,1.1,Y,0
498,682,70800.0,0.102,5.7,1,3,10300.0,27,1,1,2010.0,1750.0,0,9100.0,South,686.0,47.17,40.18,X,0
307,673,58800.0,0.325,12.9,0,8,8000.0,55,1,1,1330.0,168610.0,1,7640.0,East,672.0,47.51,27.48,X,1
683,654,48600.0,0.432,5.8,1,10,7300.0,44,1,1,920.0,10600.0,2,6300.0,South,652.0,49.44,67.48,Y,0
170,735,38600.0,0.465,15.7,2,8,15300.0,25,0,0,860.0,16230.0,1,13500.0,West,734.0,47.11,62.31,X,0
660,634,94400.0,0.214,6.8,1,7,4600.0,58,1,1,2120.0,12850.0,1,2940.0,East,630.0,67.44,26.9,Z,1
367,595,111000.0,0.296,6.4,1,4,16400.0,39,1,1,3320.0,2990.0,0,6040.0,West,597.0,58.64,46.77,Y,0
574,775,48100.0,0.236,8.2,0,7,7800.0,72,1,2,2620.0,3560.0,4,4400.0,East,775.0,59.2,77.17,Y,0
355,674,29800.0,0.074,1.3,1,8,9300.0,21,0,1,940.0,1140.0,3,6590.0,East,676.0,37.24,10.33,Y,0
940,653,55500.0,0.205,1.6,0,10,19700.0,50,1,2,2390.0,7210.0,1,5470.0,West,651.0,43.13,83.14,Y,0
414,569,37500.0,0.268,0.3,2,5,15700.0,22,1,1,2190.0,5090.0,4,6750.0,West,568.0,53.41,80.16,Z,0
231,678,37800.0,0.418,9.4,1,12,51600.0,52,0,2,1720.0,3080.0,3,1900.0,West,679.0,71.74,42.69,X,1
47,713,39400.0,0.211,18.2,0,7,9100.0,37,0,0,2120.0,1160.0,2,3820.0,North,708.0,44.08,69.56,Y,0
501,730,57300.0,0.367,3.0,0,3,9100.0,34,0,0,1430.0,1550.0,0,14270.0,East,735.0,58.22,31.94,X,0
241,678,43700.0,0.541,1.3,1,10,11000.0,23,1,1,3230.0,760.0,1,9860.0,South,678.0,40.87,91.0,Y,0
400,701,112700.0,0.512,9.0,0,6,7200.0,28,0,0,700.0,11420.0,1,3140.0,South,705.0,48.36,33.9,Y,0
627,733,44900.0,0.344,0.0,0,3,8200.0,38,0,3,1960.0,1220.0,0,4520.0,West,737.0,35.33,69.71,Y,0
248,729,57300.0,0.269,1.0,0,8,22300.0,47,0,1,3000.0,3790.0,5,7260.0,South,726.0,78.9,77.52,Y,0
456,628,77800.0,0.415,0.5,1,8,7500.0,43,1,0,4440.0,700.0,2,5920.0,West,628.0,54.67,63.02,Y,0
206,560,132700.0,0.242,0.6,0,4,16900.0,21,0,2,2990.0,6280.0,1,14670.0,North,561.0,41.78,46.42,X,0
372,572,22400.0,0.5,8.0,0,6,16700.0,29,0,0,1890.0,3900.0,2,4010.0,North,569.0,33.69,37.56,Z,0
109,604,37600.0,0.022,10.3,2,8,24900.0,29,0,1,4650.0,23850.0,2,2190.0,East,601.0,43.52,32.89,Z,0
220,669,41200.0,0.455,19.8,0,7,6200.0,52,1,1,2100.0,840.0,3,11780.0,East,670.0,48.19,88.59,X,0
291,725,94600.0,0.377,0.6,2,5,9900.0,32,1,3,1320.0,3990.0,2,3110.0,North,729.0,49.46,58.17,Y,1
2,472,92200.0,0.146,3.4,1,7,7500.0,33,1,0,3190.0,1310.0,1,6050.0,North,478.0,44.86,99.13,X,0
329,625,84800.0,0.34,7.9,0,11,18300.0,53,0,2,3010.0,5500.0,2,2970.0,West,626.0,57.5,76.5,Z,0
508,708,45200.0,0.278,8.8,0,5,8700.0,36,1,2,1240.0,3600.0,2,7780.0,East,708.0,39.07,69.06,X,0
929,661,67200.0,0.194,7.0,0,8,13200.0,33,0,1,2030.0,5010.0,4,11900.0,West,661.0,48.46,48.09,X,1
553,713,29300.0,0.346,13.2,1,9,7700.0,39,1,1,1470.0,48580.0,5,17490.0,North,709.0,69.08,46.24,Z,0
404,499,35600.0,0.287,1.6,0,7,12900.0,21,1,1,300.0,5460.0,4,6830.0,South,500.0,47.66,57.16,X,0
537,735,37600.0,0.397,1.2,1,8,9000.0,42,0,3,2960.0,1340.0,3,3190.0,North,736.0,34.6,27.89,Z,0
262,677,72200.0,0.3,6.9,0,10,15000.0,39,0,1,2380.0,630.0,1,4630.0,South,676.0,37.77,66.45,Z,0
752,819,71900.0,0.171,0.2,1,11,5300.0,46,1,1,1630.0,18440.0,4,6580.0,South,817.0,51.42,18.57,X,0
389,556,23300.0,0.179,1.2,0,12,11700.0,35,1,1,2630.0,4670.0,2,3880.0,West,556.0,48.15,40.3,Z,1
145,674,76500.0,0.199,16.9,1,7,13300.0,21,1,3,2770.0,790.0,2,2600.0,North,673.0,53.02,18.33,Y,0
441,650,47500.0,0.378,3.9,0,5,22400.0,22,0,1,2150.0,3800.0,0,10620.0,South,646.0,23.15,18.8,Z,0
843,802,16300.0,0.292,6.9,0,5,13600.0,45,0,0,2280.0,5280.0,2,9640.0,West,802.0,48.26,88.4,Z,0
641,850,25500.0,0.426,16.8,0,5,8900.0,38,0,0,3920.0,830.0,0,5760.0,West,852.0,61.3,6.89,Y,0
187,722,43900.0,0.446,20.0,1,5,11400.0,53,0,1,1810.0,4600.0,0,6250.0,North,720.0,68.13,50.75,Z,0
53,711,27900.0,0.452,4.4,1,4,14500.0,47,1,0,790.0,1900.0,1,4390.0,West,709.0,30.33,80.31,X,0
356,683,48200.0,0.396,11.2,0,7,2200.0,44,0,1,1950.0,6380.0,2,2070.0,North,681.0,60.69,76.7,X,0
246,658,62000.0,0.24,6.8,1,6,15600.0,45,0,0,2000.0,14850.0,3,15520.0,South,660.0,49.49,61.1,Z,0
773,624,45100.0,0.179,3.1,1,6,20600.0,66,0,2,3410.0,6050.0,3,2740.0,West,622.0,31.87,5.64,Y,0
987,850,54000.0,0.551,14.2,1,9,6300.0,42,0,0,2210.0,4340.0,1,10800.0,South,852.0,54.81,11.37,Z,0
435,689,46000.0,0.364,1.9,1,5,12400.0,42,0,1,2070.0,3770.0,1,6480.0,East,688.0,55.66,60.14,Y,0
791,626,65000.0,0.387,0.4,1,9,4500.0,33,1,1,1320.0,6800.0,2,9950.0,South,623.0,47.13,75.8,Y,0
576,648,95100.0,0.42,1.1,2,10,6900.0,51,1,1,3300.0,2550.0,0,4330.0,North,645.0,76.91,14.56,X,1
183,720,68700.0,0.36,1.6,1,9,14800.0,50,1,1,2320.0,2260.0,0,4210.0,East,717.0,76.85,60.57,Y,0
493,708,17100.0,0.223,2.8,0,9,12600.0,66,1,1,2150.0,16380.0,4,9090.0,North,709.0,64.01,10.82,Z,0
980,690,45500.0,0.285,3.5,1,6,5200.0,40,0,0,1770.0,15940.0,3,4190.0,South,690.0,42.4,25.58,Z,0
718,727,84900.0,0.4,28.5,0,3,9500.0,44,1,2,2750.0,11880.0,1,10870.0,East,726.0,52.62,28.66,Z,0
981,592,54200.0,0.319,0.7,0,8,6300.0,26,1,1,2450.0,800.0,1,15830.0,South,594.0,39.41,12.83,X,0
59,759,35100.0,0.216,5.9,1,9,5800.0,41,0,0,4200.0,7250.0,2,6180.0,North,759.0,43.6,14.15,Y,0
444,672,48000.0,0.261,16.0,2,5,19800.0,50,0,0,2160.0,1400.0,2,17540.0,East,668.0,61.94,29.19,X,0
654,724,36300.0,0.306,2.9,0,2,18200.0,38,0,1,2060.0,9550.0,3,10300.0,South,727.0,55.71,45.83,X,0
361,647,67600.0,0.226,1.8,0,10,7000.0,34,0,2,1800.0,5080.0,0,4730.0,South,650.0,38.49,96.27,Z,0
50,691,13700.0,0.085,7.1,2,7,5600.0,30,0,2,2850.0,1290.0,0,5590.0,North,691.0,37.2,83.82,Z,0
313,734,75300.0,0.091,9.7,0,6,9300.0,64,0,0,2390.0,45030.0,2,3010.0,South,729.0,42.06,10.53,X,0
721,752,38000.0,0.286,10.7,0,7,9100.0,56,0,3,1490.0,1780.0,1,6090.0,South,753.0,60.88,26.04,X,0
138,594,17800.0,0.16,2.2,1,7,14600.0,44,1,1,3340.0,1460.0,0,2140.0,West,591.0,63.26,27.52,Z,0
632,551,91800.0,0.218,2.0,0,14,18200.0,42,0,1,4090.0,7900.0,2,2040.0,North,548.0,33.28,52.15,Z,0
487,569,35900.0,0.514,0.7,1,5,17400.0,32,0,4,300.0,710.0,1,13120.0,South,568.0,32.53,9.57,X,0
276,705,25200.0,0.155,0.1,0,5,5800.0,28,1,1,3770.0,950.0,4,6070.0,South,710.0,53.93,82.08,Y,0
934,727,54500.0,0.394,3.7,1,3,15900.0,24,0,1,1020.0,4130.0,1,24350.0,West,725.0,56.63,71.05,Y,0
396,611,21800.0,0.172,6.2,0,6,17700.0,35,1,1,2490.0,11240.0,0,9640.0,West,615.0,57.01,64.65,X,0
740,638,27100.0,0.458,3.5,1,8,23800.0,50,0,2,2090.0,9830.0,2,6310.0,North,639.0,49.21,38.37,Z,1
973,637,35000.0,0.153,2.8,2,10,17900.0,40,0,3,550.0,33180.0,3,11260.0,West,636.0,40.18,27.34,X,0
130,694,31700.0,0.264,3.2,0,8,6800.0,53,0,1,2530.0,31690.0,2,8500.0,North,695.0,42.02,83.74,Y,0
697,739,134600.0,0.179,21.3,0,4,11300.0,51,0,3,1730.0,540.0,3,1990.0,South,738.0,52.67,33.37,Y,0
215,610,25900.0,0.186,5.9,0,4,29500.0,34,1,3,1920.0,5530.0,2,16270.0,North,612.0,55.32,75.09,X,0
275,683,66500.0,0.415,4.4,0,6,11500.0,48,0,1,1140.0,20560.0,2,10860.0,North,685.0,60.41,72.1,Y,0
13,670,56600.0,0.336,13.3,1,6,11000.0,33,1,0,3130.0,1850.0,5,11520.0,East,668.0,51.73,45.29,Y,0
633,740,29800.0,0.189,6.4,1,9,5400.0,31,0,0,2610.0,11730.0,6,4520.0,West,739.0,51.09,69.53,Y,0
893,698,190900.0,0.326,3.9,0,15,7800.0,56,0,1,2690.0,1670.0,0,4240.0,North,696.0,59.04,32.24,Z,0
235,725,58200.0,0.169,2.0,0,7,8700.0,59,1,0,1910.0,1930.0,2,2780.0,South,722.0,51.18,65.99,Z,0
831,757,18800.0,0.352,8.0,1,6,41000.0,29,0,1,1610.0,4420.0,2,3130.0,East,753.0,31.84,27.95,X,0
478,742,93000.0,0.542,7.6,0,7,5100.0,56,0,2,1760.0,2540.0,2,9580.0,East,745.0,33.76,39.56,Z,0
953,715,46300.0,0.282,12.8,0,7,12200.0,21,0,3,3000.0,18220.0,4,4810.0,West,712.0,49.83,19.15,Z,0
971,760,31500.0,0.315,0.8,1,4,10600.0,46,0,1,840.0,6460.0,3,8180.0,North,761.0,55.99,95.22,X,0
473,802,90100.0,0.287,5.6,2,5,13700.0,31,0,1,2030.0,10920.0,2,12360.0,West,801.0,51.89,89.91,Z,0
188,616,54900.0,0.184,0.2,0,11,6700.0,31,0,3,3930.0,930.0,1,9680.0,West,615.0,56.21,9.09,Z,0
239,695,29600.0,0.344,0.2,0,15,6200.0,30,1,1,1990.0,2200.0,2,4960.0,South,698.0,55.08,51.64,X,0
957,670,75700.0,0.362,2.5,0,11,22600.0,49,0,3,1750.0,15780.0,1,7170.0,South,676.0,36.77,45.57,X,0
897,643,34600.0,0.092,7.9,1,10,10500.0,30,0,1,1260.0,1590.0,0,14960.0,East,645.0,50.8,85.16,X,0
734,696,56200.0,0.472,23.5,1,9,3900.0,32,1,1,1350.0,800.0,3,7670.0,East,694.0,37.76,8.78,Z,0
418,756,29600.0,0.303,6.6,0,5,15100.0,21,0,2,3290.0,12300.0,3,2120.0,West,752.0,59.17,77.34,Z,0
348,648,26900.0,0.376,6.4,0,9,9400.0,34,1,0,3090.0,18600.0,2,3430.0,East,650.0,41.5,46.17,X,0
630,668,67700.0,0.164,5.6,0,9,10700.0,30,0,0,1190.0,8470.0,5,3620.0,West,670.0,43.11,24.4,X,0
761,668,47700.0,0.143,12.1,2,5,7800.0,50,1,1,2180.0,17030.0,2,13260.0,South,670.0,52.92,81.19,Y,0
242,737,77100.0,0.451,6.8,2,7,5900.0,53,0,2,2480.0,3760.0,1,6750.0,West,734.0,64.26,28.06,Z,0
763,675,50000.0,0.092,5.7,3,10,3100.0,53,1,0,1140.0,5990.0,2,5100.0,North,676.0,44.51,51.37,Y,0
297,639,80200.0,0.289,9.8,0,6,11200.0,21,0,2,1650.0,9820.0,1,3390.0,North,638.0,60.04,11.01,Z,0
572,702,90800.0,0.374,1.4,1,12,4000.0,40,1,0,1550.0,23590.0,3,3450.0,South,705.0,44.57,5.08,Z,0
437,740,32500.0,0.43,1.4,0,5,14700.0,46,0,1,2900.0,1230.0,0,6580.0,North,734.0,46.16,57.04,Z,0
535,802,22500.0,0.294,3.2,0,10,7900.0,38,1,2,2950.0,4710.0,3,9920.0,North,800.0,40.08,73.08,X,0
578,534,33100.0,0.361,1.2,4,8,15300.0,48,0,1,2460.0,9510.0,4,9890.0,North,539.0,46.61,22.01,X,0
126,598,105100.0,0.256,0.1,0,6,6100.0,24,0,0,1790.0,2300.0,5,11570.0,North,595.0,41.11,60.37,Y,0
919,662,90100.0,0.491,3.0,1,10,14300.0,34,0,1,2360.0,19230.0,2,4350.0,South,665.0,52.33,44.24,Y,0
764,618,50300.0,0.278,12.7,0,6,21600.0,75,1,1,4770.0,22380.0,0,12320.0,South,622.0,44.45,56.78,Y,0
57,673,24200.0,0.391,0.5,0,6,11800.0,50,0,2,2220.0,2680.0,3,6140.0,East,674.0,44.04,48.31,Z,0
951,562,53400.0,0.372,23.3,2,4,7400.0,45,0,0,1630.0,6130.0,1,4530.0,North,554.0,55.53,5.17,X,1
502,581,57600.0,0.09,6.3,0,9,6000.0,22,1,1,2010.0,7650.0,1,8000.0,South,579.0,44.12,73.01,Y,0
639,697,29600.0,0.299,7.7,0,5,25400.0,35,0,0,2980.0,9160.0,3,3720.0,East,700.0,42.09,76.71,Y,1
349,603,29600.0,0.434,15.1,0,6,17500.0,42,0,0,2100.0,15070.0,2,7500.0,South,603.0,49.06,83.76,Z,0
383,750,65100.0,0.556,2.2,0,3,16500.0,21,1,2,2490.0,1820.0,1,8320.0,South,754.0,51.3,8.56,Y,1
