student_id,city,gender,income_bracket,school_name,final_score,passed
2001,Patna,Female,5-10L,School_012,65.6,1
2002,Hyderabad,Male,>20L,School_004,77.6,1
2003,Hyderabad,Male,<5L,School_001,54.4,0
2004,Patna,Female,5-10L,School_001,54.4,0
2005,Bengaluru,Male,<5L,School_002,38.6,0
2006,Lucknow,Male,>20L,School_002,58.6,0
2007,Lucknow,Female,5-10L,School_001,60.8,1
2008,Delhi,Female,10-20L,School_002,52.2,0
2009,Mumbai,Male,5-10L,School_003,59.2,0
2010,Kota,Female,10-20L,School_001,65.4,1
2011,Kota,Female,10-20L,School_002,74.1,1
2012,Lucknow,Female,10-20L,School_002,51.8,0
2013,Patna,Male,>20L,School_002,60.0,1
2014,Mumbai,Male,5-10L,School_006,68.3,1
2015,Pune,Female,5-10L,School_003,44.9,0
2016,Lucknow,Male,10-20L,School_001,62.0,1
2017,Delhi,Male,10-20L,School_015,58.6,0
2018,Lucknow,Male,5-10L,School_004,78.0,1
2019,Mumbai,Female,10-20L,School_003,66.4,1
2020,Pune,Female,<5L,School_009,29.1,0
2021,Lucknow,Male,5-10L,School_011,57.2,0
2022,Kota,Female,10-20L,School_020,56.0,0
2023,Kota,Female,<5L,School_016,55.5,0
2024,Kota,Male,10-20L,School_007,59.0,0
2025,Hyderabad,Male,<5L,School_010,41.6,0
2026,Kota,Female,>20L,School_001,62.2,1
2027,Patna,Female,5-10L,School_009,45.5,0
2028,Pune,Female,5-10L,School_001,73.8,1
2029,Pune,Female,10-20L,School_001,66.7,1
2030,Bengaluru,Female,5-10L,School_001,60.2,1
2031,Bengaluru,Male,10-20L,School_002,63.7,1
2032,Bengaluru,Female,<5L,School_001,62.2,1
2033,Bengaluru,Female,5-10L,School_007,69.8,1
2034,Patna,Female,5-10L,School_011,67.6,1
2035,Lucknow,Female,>20L,School_013,68.7,1
2036,Lucknow,Female,<5L,School_001,56.1,0
2037,Hyderabad,Female,5-10L,School_006,66.7,1
2038,Bengaluru,Male,10-20L,School_019,62.7,1
2039,Kota,Female,5-10L,School_001,59.6,0
2040,Patna,Male,<5L,School_001,47.8,0
2041,Pune,Male,5-10L,School_001,41.2,0
2042,Delhi,Female,<5L,School_003,56.0,0
2043,Lucknow,Female,<5L,School_001,37.8,0
2044,Delhi,Male,10-20L,School_004,70.5,1
2045,Lucknow,Female,<5L,School_002,47.3,0
2046,Bengaluru,Male,5-10L,School_007,43.0,0
2047,Mumbai,Female,10-20L,School_004,75.4,1
2048,Mumbai,Female,10-20L,School_008,64.7,1
2049,Pune,Male,5-10L,School_001,58.8,0
2050,Mumbai,Female,10-20L,School_009,55.6,0
2051,Delhi,Male,5-10L,School_010,71.4,1
2052,Bengaluru,Female,10-20L,School_010,49.8,0
2053,Patna,Female,10-20L,School_001,69.3,1
2054,Pune,Female,10-20L,School_038,68.3,1
2055,Lucknow,Female,10-20L,School_005,83.3,1
2056,Patna,Male,5-10L,School_001,65.5,1
2057,Lucknow,Male,5-10L,School_003,59.6,0
2058,Hyderabad,Female,5-10L,School_004,62.2,1
2059,Pune,Female,10-20L,School_004,63.3,1
2060,Bengaluru,Female,5-10L,School_001,52.0,0
2061,Kota,Male,5-10L,School_001,57.2,0
2062,Pune,Male,10-20L,School_002,42.6,0
2063,Pune,Female,5-10L,School_013,55.3,0
2064,Delhi,Male,5-10L,School_003,70.0,1
2065,Patna,Female,10-20L,School_001,60.5,1
2066,Mumbai,Male,5-10L,School_003,68.5,1
2067,Mumbai,Male,10-20L,School_001,45.9,0
2068,Delhi,Female,10-20L,School_001,54.8,0
2069,Patna,Male,5-10L,School_047,52.5,0
2070,Hyderabad,Male,10-20L,School_001,61.3,1
2071,Patna,Male,<5L,School_004,58.2,0
2072,Delhi,Male,5-10L,School_002,58.7,0
2073,Hyderabad,Female,10-20L,School_001,60.6,1
2074,Kota,Female,5-10L,School_028,59.0,0
2075,Pune,Male,5-10L,School_035,57.5,0
2076,Mumbai,Female,10-20L,School_001,66.7,1
2077,Bengaluru,Male,10-20L,School_002,50.5,0
2078,Lucknow,Female,5-10L,School_002,60.2,1
2079,Hyderabad,Female,5-10L,School_001,61.7,1
2080,Delhi,Female,<5L,School_007,53.7,0
2081,Bengaluru,Male,5-10L,School_014,63.9,1
2082,Kota,Male,5-10L,School_012,70.0,1
2083,Patna,Female,5-10L,School_008,62.9,1
2084,Patna,Male,>20L,School_001,71.6,1
2085,Delhi,Female,5-10L,School_001,61.0,1
2086,Bengaluru,Male,5-10L,School_004,73.9,1
2087,Patna,Male,5-10L,School_009,40.2,0
2088,Lucknow,Male,5-10L,School_002,61.3,1
2089,Hyderabad,Male,>20L,School_003,71.2,1
2090,Hyderabad,Female,>20L,School_019,46.7,0
2091,Mumbai,Male,5-10L,School_001,68.7,1
2092,Hyderabad,Female,<5L,School_001,54.9,0
2093,Pune,Female,>20L,School_001,54.7,0
2094,Mumbai,Female,5-10L,School_053,55.8,0
2095,Delhi,Female,10-20L,School_001,54.0,0
2096,Bengaluru,Female,<5L,School_001,70.8,1
2097,Hyderabad,Female,10-20L,School_002,58.2,0
2098,Bengaluru,Male,5-10L,School_007,43.9,0
2099,Bengaluru,Female,5-10L,School_001,62.4,1
2100,Lucknow,Male,<5L,School_019,50.1,0
2101,Hyderabad,Male,5-10L,School_001,73.4,1
2102,Kota,Female,10-20L,School_009,33.9,0
2103,Hyderabad,Female,10-20L,School_001,43.1,0
2104,Bengaluru,Male,5-10L,School_025,61.6,1
2105,Mumbai,Female,10-20L,School_001,58.2,0
2106,Mumbai,Female,5-10L,School_010,53.1,0
2107,Hyderabad,Female,5-10L,School_019,40.1,0
2108,Pune,Male,5-10L,School_001,61.4,1
2109,Bengaluru,Female,<5L,School_001,67.4,1
2110,Kota,Female,5-10L,School_005,61.7,1
2111,Delhi,Female,10-20L,School_003,77.8,1
2112,Delhi,Male,10-20L,School_003,63.8,1
2113,Pune,Female,<5L,School_013,78.5,1
2114,Lucknow,Male,10-20L,School_003,71.9,1
2115,Pune,Male,10-20L,School_003,66.9,1
2116,Pune,Female,5-10L,School_003,74.2,1
2117,Bengaluru,Female,<5L,School_003,65.6,1
2118,Patna,Female,10-20L,School_002,49.5,0
2119,Pune,Male,<5L,School_001,59.7,0
2120,Bengaluru,Female,10-20L,School_001,56.9,0
2121,Pune,Male,5-10L,School_001,43.7,0
2122,Bengaluru,Female,10-20L,School_001,77.3,1
2123,Pune,Female,<5L,School_014,56.7,0
2124,Hyderabad,Male,5-10L,School_001,53.2,0
2125,Bengaluru,Female,5-10L,School_001,60.7,1
2126,Hyderabad,Male,10-20L,School_004,57.4,0
2127,Patna,Male,<5L,School_002,36.4,0
2128,Delhi,Female,>20L,School_001,60.0,1
2129,Bengaluru,Female,5-10L,School_002,47.1,0
2130,Pune,Female,5-10L,School_003,66.0,1
2131,Kota,Male,<5L,School_008,59.8,0
2132,Delhi,Male,<5L,School_045,42.3,0
2133,Mumbai,Male,5-10L,School_020,55.6,0
2134,Pune,Female,10-20L,School_003,73.2,1
2135,Lucknow,Male,10-20L,School_003,59.7,0
2136,Mumbai,Male,<5L,School_002,49.1,0
2137,Pune,Male,<5L,School_001,46.5,0
2138,Patna,Male,5-10L,School_039,66.2,1
2139,Patna,Male,10-20L,School_001,64.7,1
2140,Delhi,Female,5-10L,School_001,58.2,0
2141,Mumbai,Female,>20L,School_007,51.7,0
2142,Hyderabad,Female,10-20L,School_005,80.9,1
2143,Mumbai,Male,10-20L,School_001,54.9,0
2144,Kota,Female,10-20L,School_035,66.0,1
2145,Pune,Male,10-20L,School_002,53.3,0
2146,Lucknow,Female,5-10L,School_005,70.5,1
2147,Mumbai,Female,<5L,School_001,61.4,1
2148,Hyderabad,Male,5-10L,School_026,64.4,1
2149,Bengaluru,Female,5-10L,School_001,53.3,0
2150,Delhi,Female,<5L,School_002,56.6,0
2151,Lucknow,Male,5-10L,School_025,58.7,0
2152,Lucknow,Male,10-20L,School_037,58.9,0
2153,Pune,Female,<5L,School_028,55.9,0
2154,Patna,Male,<5L,School_018,43.6,0
2155,Bengaluru,Female,<5L,School_001,50.5,0
2156,Patna,Male,5-10L,School_001,56.7,0
2157,Patna,Male,>20L,School_003,83.6,1
2158,Bengaluru,Male,<5L,School_001,66.0,1
2159,Kota,Female,<5L,School_042,47.6,0
2160,Delhi,Male,<5L,School_001,66.9,1
2161,Bengaluru,Male,5-10L,School_002,50.9,0
2162,Delhi,Male,<5L,School_001,57.1,0
2163,Lucknow,Female,5-10L,School_001,65.1,1
2164,Patna,Male,<5L,School_003,63.7,1
2165,Delhi,Male,<5L,School_001,73.4,1
2166,Bengaluru,Male,10-20L,School_028,63.8,1
2167,Mumbai,Female,<5L,School_008,41.2,0
2168,Delhi,Male,5-10L,School_002,61.7,1
2169,Pune,Female,5-10L,School_019,54.0,0
2170,Patna,Female,5-10L,School_015,58.8,0
2171,Patna,Male,10-20L,School_002,30.3,0
2172,Hyderabad,Female,<5L,School_020,55.7,0
2173,Bengaluru,Male,>20L,School_034,71.9,1
2174,Bengaluru,Male,>20L,School_006,77.7,1
2175,Mumbai,Female,10-20L,School_002,62.1,1
2176,Pune,Female,<5L,School_028,68.4,1
2177,Patna,Male,10-20L,School_037,61.0,1
2178,Pune,Female,5-10L,School_002,58.8,0
2179,Delhi,Female,10-20L,School_001,55.1,0
2180,Delhi,Male,<5L,School_022,61.0,1
2181,Hyderabad,Male,>20L,School_007,70.9,1
2182,Mumbai,Female,>20L,School_001,67.2,1
2183,Patna,Female,<5L,School_005,62.3,1
2184,Patna,Male,5-10L,School_002,54.2,0
2185,Bengaluru,Female,<5L,School_031,59.7,0
2186,Pune,Female,10-20L,School_002,47.7,0
2187,Lucknow,Female,>20L,School_001,67.5,1
2188,Bengaluru,Female,>20L,School_001,60.8,1
2189,Pune,Female,5-10L,School_002,38.7,0
2190,Kota,Male,10-20L,School_051,52.7,0
2191,Pune,Male,10-20L,School_001,75.2,1
2192,Lucknow,Female,5-10L,School_003,53.3,0
2193,Mumbai,Female,>20L,School_045,57.8,0
2194,Mumbai,Female,5-10L,School_001,62.9,1
2195,Hyderabad,Male,5-10L,School_001,63.1,1
2196,Kota,Female,5-10L,School_017,58.9,0
2197,Lucknow,Male,<5L,School_001,51.5,0
2198,Mumbai,Female,10-20L,School_033,62.4,1
2199,Patna,Male,10-20L,School_018,63.0,1
2200,Mumbai,Female,5-10L,School_001,52.9,0
2201,Pune,Female,10-20L,School_005,70.7,1
2202,Patna,Male,10-20L,School_004,77.9,1
2203,Mumbai,Female,5-10L,School_008,63.6,1
2204,Hyderabad,Female,<5L,School_002,50.2,0
2205,Hyderabad,Male,<5L,School_002,42.4,0
2206,Pune,Male,<5L,School_001,57.3,0
2207,Mumbai,Male,5-10L,School_001,58.9,0
2208,Bengaluru,Female,5-10L,School_001,64.7,1
2209,Pune,Male,>20L,School_028,54.9,0
2210,Lucknow,Female,<5L,School_025,58.0,0
2211,Hyderabad,Female,>20L,School_002,56.0,0
2212,Kota,Male,10-20L,School_008,48.9,0
2213,Mumbai,Female,10-20L,School_003,70.1,1
2214,Bengaluru,Male,5-10L,School_001,58.3,0
2215,Kota,Female,<5L,School_002,44.0,0
2216,Hyderabad,Female,10-20L,School_043,70.2,1
2217,Lucknow,Male,<5L,School_002,35.9,0
2218,Kota,Female,<5L,School_005,72.5,1
2219,Patna,Male,10-20L,School_037,64.8,1
2220,Bengaluru,Female,10-20L,School_001,63.3,1
2221,Bengaluru,Male,<5L,School_016,68.6,1
2222,Lucknow,Male,<5L,School_001,44.4,0
2223,Lucknow,Male,>20L,School_010,50.4,0
2224,Patna,Female,<5L,School_016,61.9,1
2225,Patna,Female,10-20L,School_019,63.9,1
2226,Delhi,Male,<5L,School_046,67.3,1
2227,Pune,Male,10-20L,School_009,47.2,0
2228,Patna,Female,<5L,School_047,45.9,0
2229,Kota,Female,5-10L,School_001,64.5,1
2230,Mumbai,Female,<5L,School_004,56.2,0
2231,Bengaluru,Male,5-10L,School_001,46.1,0
2232,Lucknow,Female,10-20L,School_001,81.9,1
2233,Hyderabad,Male,<5L,School_003,64.0,1
2234,Lucknow,Male,<5L,School_010,58.2,0
2235,Hyderabad,Male,10-20L,School_013,71.2,1
2236,Delhi,Male,5-10L,School_001,72.5,1
2237,Lucknow,Female,5-10L,School_037,60.6,1
2238,Pune,Female,10-20L,School_001,70.8,1
2239,Lucknow,Male,5-10L,School_001,49.8,0
2240,Lucknow,Male,10-20L,School_018,45.5,0
2241,Patna,Male,5-10L,School_027,71.9,1
2242,Mumbai,Female,10-20L,School_011,73.7,1
2243,Lucknow,Male,10-20L,School_002,58.3,0
2244,Hyderabad,Male,10-20L,School_003,70.2,1
2245,Pune,Male,5-10L,School_018,54.9,0
2246,Lucknow,Male,10-20L,School_002,48.8,0
2247,Patna,Male,10-20L,School_015,76.6,1
2248,Bengaluru,Female,5-10L,School_014,68.8,1
2249,Mumbai,Female,<5L,School_003,65.4,1
2250,Hyderabad,Female,>20L,School_027,69.5,1
2251,Delhi,Male,10-20L,School_002,62.6,1
2252,Delhi,Female,<5L,School_011,59.0,0
2253,Delhi,Female,10-20L,School_006,74.2,1
2254,Delhi,Female,<5L,School_002,37.9,0
2255,Patna,Male,5-10L,School_004,71.0,1
2256,Kota,Male,10-20L,School_005,97.5,1
2257,Mumbai,Male,5-10L,School_004,62.8,1
2258,Delhi,Female,5-10L,School_001,57.0,0
2259,Pune,Male,5-10L,School_052,69.4,1
2260,Kota,Male,<5L,School_043,67.7,1
2261,Kota,Female,<5L,School_001,59.0,0
2262,Patna,Female,<5L,School_037,41.4,0
2263,Lucknow,Male,<5L,School_004,66.9,1
2264,Bengaluru,Male,<5L,School_001,44.6,0
2265,Patna,Male,5-10L,School_017,62.1,1
2266,Kota,Male,<5L,School_003,65.8,1
2267,Delhi,Male,10-20L,School_009,39.9,0
2268,Kota,Male,>20L,School_018,66.1,1
2269,Mumbai,Male,<5L,School_004,88.1,1
2270,Patna,Female,5-10L,School_001,64.3,1
2271,Delhi,Female,5-10L,School_017,74.5,1
2272,Pune,Female,<5L,School_008,43.6,0
2273,Delhi,Male,<5L,School_030,48.5,0
2274,Patna,Female,>20L,School_001,55.5,0
2275,Delhi,Male,5-10L,School_014,59.3,0
2276,Bengaluru,Female,10-20L,School_023,58.8,0
2277,Patna,Female,<5L,School_002,42.0,0
2278,Bengaluru,Male,5-10L,School_002,49.6,0
2279,Patna,Male,10-20L,School_002,46.3,0
2280,Patna,Female,10-20L,School_001,49.7,0
2281,Lucknow,Male,<5L,School_001,43.1,0
2282,Hyderabad,Male,5-10L,School_002,54.9,0
2283,Bengaluru,Female,5-10L,School_001,58.5,0
2284,Bengaluru,Female,10-20L,School_012,77.0,1
2285,Lucknow,Male,<5L,School_002,55.6,0
2286,Pune,Male,<5L,School_005,70.2,1
2287,Patna,Male,10-20L,School_001,66.4,1
2288,Patna,Female,5-10L,School_002,39.7,0
2289,Kota,Female,5-10L,School_012,84.1,1
2290,Pune,Male,>20L,School_003,81.0,1
2291,Hyderabad,Male,5-10L,School_005,75.3,1
2292,Patna,Male,<5L,School_002,38.0,0
2293,Mumbai,Female,5-10L,School_004,70.0,1
2294,Mumbai,Male,<5L,School_027,41.5,0
2295,Delhi,Male,<5L,School_001,47.8,0
2296,Pune,Male,5-10L,School_004,72.9,1
2297,Delhi,Male,>20L,School_008,61.4,1
2298,Bengaluru,Male,5-10L,School_001,54.1,0
2299,Bengaluru,Female,10-20L,School_042,64.3,1
2300,Patna,Female,5-10L,School_003,57.1,0
2301,Hyderabad,Female,5-10L,School_001,60.3,1
2302,Kota,Female,10-20L,School_012,64.8,1
2303,Lucknow,Female,5-10L,School_016,57.2,0
2304,Lucknow,Male,10-20L,School_006,72.0,1
2305,Hyderabad,Male,5-10L,School_031,57.2,0
2306,Hyderabad,Male,<5L,School_001,69.2,1
2307,Kota,Male,5-10L,School_004,62.2,1
2308,Hyderabad,Female,5-10L,School_011,74.9,1
2309,Delhi,Female,<5L,School_031,52.4,0
2310,Hyderabad,Male,5-10L,School_006,70.1,1
2311,Patna,Male,10-20L,School_005,70.4,1
2312,Patna,Female,<5L,School_002,36.5,0
2313,Kota,Male,5-10L,School_005,78.3,1
2314,Kota,Male,10-20L,School_004,75.3,1
2315,Bengaluru,Male,5-10L,School_029,52.9,0
2316,Pune,Male,<5L,School_018,59.1,0
2317,Hyderabad,Male,5-10L,School_011,52.6,0
2318,Delhi,Male,5-10L,School_032,62.5,1
2319,Delhi,Male,10-20L,School_001,64.1,1
2320,Mumbai,Male,5-10L,School_013,68.4,1
2321,Pune,Male,<5L,School_003,47.0,0
2322,Delhi,Male,10-20L,School_011,74.9,1
2323,Kota,Female,>20L,School_001,68.5,1
2324,Patna,Male,<5L,School_003,58.0,0
2325,Lucknow,Male,<5L,School_017,56.5,0
2326,Lucknow,Female,<5L,School_001,40.5,0
2327,Bengaluru,Male,10-20L,School_001,50.1,0
2328,Mumbai,Female,>20L,School_003,75.8,1
2329,Hyderabad,Male,<5L,School_020,44.9,0
2330,Bengaluru,Male,5-10L,School_001,49.0,0
2331,Patna,Female,<5L,School_017,60.5,1
2332,Pune,Female,5-10L,School_001,70.5,1
2333,Delhi,Female,>20L,School_002,54.6,0
2334,Bengaluru,Male,<5L,School_004,58.2,0
2335,Pune,Male,<5L,School_007,63.2,1
2336,Hyderabad,Female,5-10L,School_024,56.5,0
2337,Pune,Male,5-10L,School_024,53.2,0
2338,Kota,Male,10-20L,School_001,56.2,0
2339,Delhi,Male,5-10L,School_011,46.5,0
2340,Patna,Male,<5L,School_006,51.9,0
2341,Lucknow,Male,5-10L,School_002,47.4,0
2342,Pune,Female,>20L,School_013,67.9,1
2343,Delhi,Male,10-20L,School_027,66.3,1
2344,Hyderabad,Female,<5L,School_003,65.8,1
2345,Pune,Female,10-20L,School_031,69.9,1
2346,Hyderabad,Male,5-10L,School_001,59.8,0
2347,Mumbai,Female,10-20L,School_001,53.0,0
2348,Delhi,Male,<5L,School_012,44.6,0
2349,Hyderabad,Male,10-20L,School_002,50.1,0
2350,Mumbai,Female,<5L,School_005,65.3,1
2351,Hyderabad,Male,5-10L,School_003,60.2,1
2352,Pune,Female,10-20L,School_001,58.8,0
2353,Mumbai,Male,5-10L,School_012,55.9,0
2354,Lucknow,Female,<5L,School_011,46.1,0
2355,Hyderabad,Male,<5L,School_001,53.2,0
2356,Lucknow,Female,5-10L,School_001,59.0,0
2357,Patna,Female,<5L,School_015,52.0,0
2358,Hyderabad,Female,<5L,School_030,57.6,0
2359,Lucknow,Female,<5L,School_023,58.8,0
2360,Mumbai,Female,5-10L,School_003,57.2,0
2361,Patna,Female,5-10L,School_002,51.6,0
2362,Patna,Female,5-10L,School_003,80.5,1
2363,Hyderabad,Male,5-10L,School_001,52.6,0
2364,Lucknow,Male,<5L,School_003,70.7,1
2365,Hyderabad,Female,5-10L,School_001,69.1,1
2366,Patna,Male,10-20L,School_001,73.0,1
2367,Patna,Female,<5L,School_002,40.7,0
2368,Bengaluru,Female,5-10L,School_001,74.2,1
2369,Lucknow,Male,10-20L,School_003,69.3,1
2370,Patna,Female,5-10L,School_009,37.3,0
2371,Kota,Female,>20L,School_007,60.6,1
2372,Mumbai,Male,>20L,School_046,65.1,1
2373,Delhi,Male,5-10L,School_025,61.4,1
2374,Mumbai,Male,10-20L,School_006,66.9,1
2375,Pune,Female,<5L,School_027,66.8,1
2376,Mumbai,Male,<5L,School_003,55.6,0
2377,Kota,Male,5-10L,School_015,52.9,0
2378,Kota,Female,5-10L,School_001,64.4,1
2379,Hyderabad,Male,>20L,School_004,78.5,1
2380,Delhi,Male,<5L,School_048,59.8,0
2381,Patna,Female,10-20L,School_005,71.4,1
2382,Delhi,Female,5-10L,School_003,74.0,1
2383,Patna,Male,<5L,School_014,63.4,1
2384,Bengaluru,Male,>20L,School_002,71.4,1
2385,Delhi,Male,10-20L,School_018,46.6,0
2386,Mumbai,Female,<5L,School_001,55.8,0
2387,Kota,Male,>20L,School_001,61.8,1
2388,Bengaluru,Female,<5L,School_001,41.3,0
2389,Mumbai,Male,<5L,School_001,48.3,0
2390,Delhi,Male,5-10L,School_038,70.8,1
2391,Mumbai,Male,>20L,School_001,60.3,1
2392,Hyderabad,Male,<5L,School_002,41.5,0
2393,Mumbai,Male,>20L,School_005,89.9,1
2394,Mumbai,Male,5-10L,School_009,47.2,0
2395,Pune,Female,<5L,School_013,67.6,1
2396,Kota,Female,5-10L,School_002,44.9,0
2397,Bengaluru,Female,5-10L,School_001,57.6,0
2398,Patna,Male,5-10L,School_020,59.9,0
2399,Lucknow,Female,10-20L,School_001,55.8,0
2400,Bengaluru,Male,10-20L,School_001,55.0,0
2401,Hyderabad,Male,>20L,School_001,70.7,1
2402,Lucknow,Male,<5L,School_003,73.9,1
2403,Pune,Female,10-20L,School_037,52.2,0
2404,Hyderabad,Male,5-10L,School_010,35.7,0
2405,Delhi,Male,10-20L,School_004,58.3,0
2406,Bengaluru,Female,>20L,School_004,64.8,1
2407,Delhi,Female,>20L,School_008,59.7,0
2408,Delhi,Female,<5L,School_006,66.2,1
2409,Lucknow,Male,5-10L,School_002,50.1,0
2410,Bengaluru,Female,>20L,School_001,58.4,0
2411,Pune,Female,>20L,School_001,65.3,1
2412,Mumbai,Female,5-10L,School_014,55.8,0
2413,Delhi,Male,>20L,School_006,70.9,1
2414,Lucknow,Female,5-10L,School_015,56.1,0
2415,Pune,Female,5-10L,School_001,79.5,1
2416,Patna,Male,10-20L,School_028,68.4,1
2417,Patna,Female,5-10L,School_002,44.6,0
2418,Lucknow,Female,5-10L,School_033,50.3,0
2419,Mumbai,Female,5-10L,School_005,73.5,1
2420,Mumbai,Female,5-10L,School_004,53.8,0
2421,Bengaluru,Male,<5L,School_017,58.8,0
2422,Kota,Female,<5L,School_006,55.4,0
2423,Lucknow,Male,10-20L,School_008,64.8,1
2424,Kota,Female,5-10L,School_001,54.6,0
2425,Delhi,Female,10-20L,School_005,73.6,1
2426,Mumbai,Female,10-20L,School_002,43.5,0
2427,Kota,Female,<5L,School_001,44.6,0
2428,Hyderabad,Male,<5L,School_001,53.5,0
2429,Delhi,Female,<5L,School_003,59.7,0
2430,Lucknow,Female,5-10L,School_001,67.1,1
2431,Kota,Male,10-20L,School_012,63.8,1
2432,Kota,Female,5-10L,School_001,66.5,1
2433,Hyderabad,Female,5-10L,School_001,60.1,1
2434,Lucknow,Male,10-20L,School_054,64.8,1
2435,Pune,Male,<5L,School_002,31.2,0
2436,Lucknow,Male,<5L,School_004,52.6,0
2437,Kota,Female,10-20L,School_001,67.0,1
2438,Delhi,Male,10-20L,School_001,72.2,1
2439,Lucknow,Male,5-10L,School_002,52.9,0
2440,Lucknow,Male,10-20L,School_014,72.6,1
2441,Lucknow,Female,<5L,School_001,50.8,0
2442,Patna,Male,5-10L,School_019,54.3,0
2443,Pune,Female,5-10L,School_052,57.0,0
2444,Delhi,Male,<5L,School_004,70.7,1
2445,Bengaluru,Male,5-10L,School_002,54.0,0
2446,Bengaluru,Female,5-10L,School_001,56.2,0
2447,Pune,Male,5-10L,School_001,55.4,0
2448,Hyderabad,Female,<5L,School_002,51.7,0
2449,Kota,Male,10-20L,School_020,57.3,0
2450,Bengaluru,Female,<5L,School_001,47.4,0
2451,Lucknow,Female,>20L,School_014,83.3,1
2452,Mumbai,Female,<5L,School_007,54.5,0
2453,Pune,Male,<5L,School_001,54.1,0
2454,Hyderabad,Male,<5L,School_001,65.9,1
2455,Mumbai,Male,>20L,School_010,70.6,1
2456,Hyderabad,Female,5-10L,School_008,54.1,0
2457,Patna,Female,5-10L,School_002,55.6,0
2458,Lucknow,Male,>20L,School_022,65.2,1
2459,Hyderabad,Male,>20L,School_001,58.9,0
2460,Lucknow,Male,<5L,School_002,29.2,0
2461,Kota,Male,5-10L,School_001,67.8,1
2462,Kota,Female,5-10L,School_007,41.3,0
2463,Mumbai,Female,10-20L,School_001,66.5,1
2464,Hyderabad,Male,5-10L,School_001,51.4,0
2465,Kota,Female,5-10L,School_012,58.0,0
2466,Lucknow,Female,<5L,School_003,59.8,0
2467,Pune,Female,<5L,School_007,54.6,0
2468,Patna,Female,5-10L,School_010,61.3,1
2469,Delhi,Female,<5L,School_005,87.1,1
2470,Delhi,Female,<5L,School_001,56.9,0
2471,Kota,Female,5-10L,School_009,46.3,0
2472,Mumbai,Female,<5L,School_001,49.2,0
2473,Pune,Female,<5L,School_001,59.7,0
2474,Hyderabad,Male,>20L,School_003,72.6,1
2475,Hyderabad,Female,5-10L,School_001,54.3,0
2476,Delhi,Male,<5L,School_001,53.3,0
2477,Delhi,Male,10-20L,School_007,58.9,0
2478,Bengaluru,Female,<5L,School_011,56.5,0
2479,Hyderabad,Female,<5L,School_002,50.5,0
2480,Patna,Male,>20L,School_002,53.2,0
2481,Patna,Male,>20L,School_001,58.1,0
2482,Pune,Male,10-20L,School_004,75.9,1
2483,Delhi,Male,<5L,School_005,59.4,0
2484,Kota,Male,5-10L,School_035,52.4,0
2485,Patna,Male,<5L,School_001,66.5,1
2486,Pune,Female,<5L,School_029,37.5,0
2487,Patna,Male,<5L,School_052,52.8,0
2488,Hyderabad,Male,<5L,School_002,52.8,0
2489,Bengaluru,Male,10-20L,School_010,46.2,0
2490,Mumbai,Male,<5L,School_017,85.5,1
2491,Bengaluru,Female,<5L,School_007,31.7,0
2492,Pune,Female,>20L,School_001,75.5,1
2493,Lucknow,Male,5-10L,School_006,77.7,1
2494,Delhi,Male,5-10L,School_024,60.1,1
2495,Delhi,Male,<5L,School_001,52.3,0
2496,Hyderabad,Female,10-20L,School_003,71.3,1
2497,Hyderabad,Female,10-20L,School_001,53.9,0
2498,Lucknow,Female,5-10L,School_020,58.1,0
2499,Bengaluru,Female,5-10L,School_013,54.7,0
2500,Pune,Female,<5L,School_001,51.8,0
2501,Kota,Female,<5L,School_011,62.9,1
2502,Kota,Male,5-10L,School_008,45.9,0
2503,Hyderabad,Female,>20L,School_001,61.1,1
2504,Bengaluru,Male,10-20L,School_004,71.2,1
2505,Kota,Male,10-20L,School_008,47.0,0
2506,Delhi,Male,5-10L,School_002,60.6,1
2507,Hyderabad,Female,<5L,School_003,64.1,1
2508,Delhi,Male,>20L,School_046,48.2,0
2509,Delhi,Female,<5L,School_006,60.9,1
2510,Kota,Male,<5L,School_003,55.2,0
2511,Lucknow,Female,10-20L,School_001,55.8,0
2512,Pune,Male,10-20L,School_001,61.6,1
2513,Bengaluru,Male,10-20L,School_020,49.0,0
2514,Mumbai,Female,5-10L,School_011,66.7,1
2515,Kota,Female,<5L,School_018,44.0,0
2516,Lucknow,Female,<5L,School_005,80.8,1
2517,Lucknow,Female,10-20L,School_005,79.6,1
2518,Bengaluru,Female,>20L,School_004,79.8,1
2519,Patna,Male,<5L,School_010,48.1,0
2520,Kota,Female,10-20L,School_002,50.2,0
2521,Delhi,Male,5-10L,School_003,56.2,0
2522,Mumbai,Male,5-10L,School_003,70.0,1
2523,Delhi,Female,5-10L,School_007,63.9,1
2524,Lucknow,Female,<5L,School_001,71.0,1
2525,Patna,Female,5-10L,School_001,68.4,1
2526,Delhi,Male,<5L,School_001,56.0,0
2527,Bengaluru,Female,10-20L,School_001,59.3,0
2528,Delhi,Male,5-10L,School_021,72.8,1
2529,Lucknow,Female,10-20L,School_009,42.1,0
2530,Delhi,Female,>20L,School_011,76.6,1
2531,Hyderabad,Female,5-10L,School_003,72.9,1
2532,Mumbai,Male,5-10L,School_001,51.3,0
2533,Hyderabad,Female,>20L,School_003,65.9,1
2534,Patna,Male,5-10L,School_022,78.7,1
2535,Hyderabad,Female,<5L,School_004,65.4,1
2536,Kota,Male,<5L,School_006,59.4,0
2537,Lucknow,Female,>20L,School_002,66.8,1
2538,Kota,Female,5-10L,School_001,54.9,0
2539,Lucknow,Male,<5L,School_006,59.0,0
2540,Lucknow,Male,5-10L,School_003,61.7,1
2541,Pune,Male,5-10L,School_002,35.6,0
2542,Bengaluru,Male,5-10L,School_001,64.9,1
2543,Lucknow,Male,>20L,School_009,35.6,0
2544,Delhi,Female,>20L,School_002,52.7,0
2545,Mumbai,Female,<5L,School_005,67.0,1
2546,Pune,Male,<5L,School_001,59.8,0
2547,Delhi,Male,5-10L,School_012,65.3,1
2548,Patna,Female,10-20L,School_002,54.4,0
2549,Lucknow,Female,10-20L,School_003,55.0,0
2550,Pune,Male,10-20L,School_033,60.5,1
2551,Kota,Female,5-10L,School_010,44.6,0
2552,Hyderabad,Female,<5L,School_011,57.4,0
2553,Pune,Male,10-20L,School_002,57.2,0
2554,Mumbai,Male,<5L,School_019,53.1,0
2555,Hyderabad,Male,10-20L,School_002,70.6,1
2556,Hyderabad,Female,<5L,School_051,58.8,0
2557,Mumbai,Male,5-10L,School_027,65.3,1
2558,Lucknow,Female,>20L,School_007,63.6,1
2559,Bengaluru,Female,5-10L,School_018,52.1,0
2560,Lucknow,Female,<5L,School_004,70.6,1
2561,Lucknow,Male,5-10L,School_010,65.2,1
2562,Hyderabad,Male,10-20L,School_001,50.6,0
2563,Kota,Male,<5L,School_051,63.0,1
2564,Kota,Male,<5L,School_015,61.4,1
2565,Hyderabad,Male,<5L,School_001,61.7,1
2566,Mumbai,Male,5-10L,School_001,61.8,1
2567,Delhi,Male,5-10L,School_005,67.0,1
2568,Bengaluru,Male,5-10L,School_012,56.4,0
2569,Patna,Male,5-10L,School_001,72.6,1
2570,Lucknow,Male,10-20L,School_042,58.7,0
2571,Lucknow,Female,<5L,School_002,35.9,0
2572,Delhi,Male,>20L,School_053,66.2,1
2573,Kota,Male,>20L,School_011,62.0,1
2574,Kota,Female,5-10L,School_003,50.6,0
2575,Hyderabad,Female,5-10L,School_002,32.9,0
2576,Bengaluru,Female,10-20L,School_001,48.2,0
2577,Delhi,Female,5-10L,School_001,60.2,1
2578,Hyderabad,Female,10-20L,School_006,67.9,1
2579,Hyderabad,Male,5-10L,School_013,61.7,1
2580,Patna,Female,10-20L,School_029,68.4,1
2581,Bengaluru,Male,5-10L,School_002,56.1,0
2582,Delhi,Male,5-10L,School_036,48.1,0
2583,Patna,Female,>20L,School_001,61.6,1
2584,Delhi,Male,<5L,School_036,54.3,0
2585,Mumbai,Female,10-20L,School_031,58.3,0
2586,Lucknow,Male,5-10L,School_001,53.7,0
2587,Pune,Male,5-10L,School_022,66.8,1
2588,Hyderabad,Male,5-10L,School_009,37.2,0
2589,Delhi,Male,<5L,School_009,23.7,0
2590,Hyderabad,Male,<5L,School_019,49.4,0
2591,Pune,Male,10-20L,School_004,86.0,1
2592,Patna,Female,<5L,School_003,53.0,0
2593,Hyderabad,Female,10-20L,School_002,40.8,0
2594,Patna,Male,>20L,School_022,76.0,1
2595,Lucknow,Female,>20L,School_028,69.6,1
2596,Lucknow,Male,>20L,School_001,67.7,1
2597,Mumbai,Male,10-20L,School_013,57.7,0
2598,Lucknow,Male,<5L,School_001,62.0,1
2599,Bengaluru,Female,>20L,School_001,57.8,0
2600,Pune,Female,<5L,School_001,45.0,0
2601,Kota,Female,10-20L,School_005,75.1,1
2602,Hyderabad,Female,10-20L,School_001,60.2,1
2603,Delhi,Male,10-20L,School_001,66.7,1
2604,Delhi,Female,5-10L,School_001,63.0,1
2605,Lucknow,Female,<5L,School_002,47.1,0
2606,Lucknow,Male,5-10L,School_013,71.1,1
2607,Bengaluru,Male,5-10L,School_001,58.7,0
2608,Lucknow,Male,<5L,School_003,68.6,1
2609,Kota,Male,<5L,School_005,61.7,1
2610,Hyderabad,Male,10-20L,School_001,48.4,0
2611,Delhi,Female,>20L,School_001,70.2,1
2612,Pune,Male,<5L,School_029,48.0,0
2613,Delhi,Female,<5L,School_053,51.0,0
2614,Pune,Female,<5L,School_020,46.9,0
2615,Kota,Female,<5L,School_001,50.1,0
2616,Pune,Female,<5L,School_012,58.2,0
2617,Pune,Male,5-10L,School_003,76.5,1
2618,Mumbai,Female,5-10L,School_001,37.8,0
2619,Kota,Female,5-10L,School_003,72.5,1
2620,Lucknow,Male,<5L,School_032,75.8,1
2621,Pune,Male,10-20L,School_024,56.0,0
2622,Bengaluru,Male,5-10L,School_002,51.1,0
2623,Mumbai,Male,5-10L,School_001,63.8,1
2624,Pune,Female,5-10L,School_028,73.5,1
2625,Patna,Male,>20L,School_050,60.9,1
2626,Bengaluru,Female,<5L,School_004,63.6,1
2627,Mumbai,Male,10-20L,School_001,59.5,0
2628,Hyderabad,Female,5-10L,School_004,71.4,1
2629,Lucknow,Male,>20L,School_009,46.6,0
2630,Pune,Male,5-10L,School_003,70.7,1
2631,Mumbai,Female,5-10L,School_002,47.9,0
2632,Lucknow,Male,10-20L,School_001,61.4,1
2633,Kota,Female,10-20L,School_001,55.7,0
2634,Patna,Female,<5L,School_001,48.7,0
2635,Kota,Male,<5L,School_001,52.9,0
2636,Pune,Female,>20L,School_040,56.0,0
2637,Lucknow,Male,<5L,School_001,44.7,0
2638,Delhi,Male,5-10L,School_010,69.0,1
2639,Mumbai,Female,>20L,School_014,68.4,1
2640,Lucknow,Male,<5L,School_002,36.2,0
2641,Patna,Female,<5L,School_005,81.8,1
2642,Patna,Male,<5L,School_001,48.0,0
2643,Delhi,Male,<5L,School_007,56.5,0
2644,Delhi,Male,5-10L,School_009,39.2,0
2645,Kota,Female,5-10L,School_010,58.4,0
2646,Hyderabad,Female,5-10L,School_003,66.8,1
2647,Patna,Female,<5L,School_045,41.5,0
2648,Lucknow,Female,10-20L,School_022,71.1,1
2649,Kota,Female,10-20L,School_005,96.2,1
2650,Patna,Female,5-10L,School_008,36.9,0
2651,Kota,Female,<5L,School_001,54.6,0
2652,Mumbai,Male,5-10L,School_037,61.9,1
2653,Pune,Female,10-20L,School_007,51.0,0
2654,Mumbai,Male,5-10L,School_027,49.5,0
2655,Hyderabad,Male,10-20L,School_001,78.3,1
2656,Patna,Female,5-10L,School_049,49.9,0
2657,Mumbai,Female,5-10L,School_001,74.7,1
2658,Mumbai,Female,<5L,School_004,67.2,1
2659,Delhi,Female,5-10L,School_001,58.6,0
2660,Delhi,Male,10-20L,School_001,64.8,1
2661,Bengaluru,Female,10-20L,School_012,73.9,1
2662,Bengaluru,Male,<5L,School_001,63.5,1
2663,Patna,Male,>20L,School_002,60.7,1
2664,Pune,Female,10-20L,School_001,62.2,1
2665,Patna,Male,5-10L,School_020,53.1,0
2666,Lucknow,Female,5-10L,School_001,68.8,1
2667,Lucknow,Female,10-20L,School_002,60.8,1
2668,Delhi,Male,<5L,School_021,57.7,0
2669,Pune,Male,10-20L,School_008,52.7,0
2670,Patna,Male,10-20L,School_009,44.9,0
2671,Lucknow,Female,5-10L,School_052,57.3,0
2672,Delhi,Female,10-20L,School_001,58.0,0
2673,Lucknow,Female,5-10L,School_007,48.8,0
2674,Lucknow,Male,5-10L,School_011,56.8,0
2675,Delhi,Male,5-10L,School_011,62.3,1
2676,Mumbai,Female,>20L,School_009,53.3,0
2677,Kota,Female,5-10L,School_001,58.1,0
2678,Pune,Female,10-20L,School_001,77.6,1
2679,Delhi,Male,5-10L,School_013,63.1,1
2680,Mumbai,Male,>20L,School_006,96.8,1
2681,Mumbai,Female,>20L,School_001,72.0,1
2682,Kota,Male,<5L,School_001,58.0,0
2683,Pune,Female,>20L,School_004,68.9,1
2684,Kota,Male,5-10L,School_001,35.4,0
2685,Pune,Female,<5L,School_011,53.7,0
2686,Hyderabad,Male,5-10L,School_002,52.7,0
2687,Delhi,Female,<5L,School_016,75.3,1
2688,Pune,Male,5-10L,School_001,47.0,0
2689,Hyderabad,Male,<5L,School_003,76.6,1
2690,Mumbai,Male,5-10L,School_001,56.0,0
2691,Patna,Female,5-10L,School_013,69.5,1
2692,Patna,Male,5-10L,School_004,46.6,0
2693,Kota,Male,10-20L,School_001,62.1,1
2694,Patna,Male,>20L,School_042,56.9,0
2695,Kota,Female,5-10L,School_008,60.2,1
2696,Patna,Female,5-10L,School_002,52.0,0
2697,Hyderabad,Male,<5L,School_021,56.6,0
2698,Delhi,Male,5-10L,School_002,58.8,0
2699,Mumbai,Male,>20L,School_037,69.9,1
2700,Pune,Male,<5L,School_001,58.8,0
2701,Hyderabad,Female,10-20L,School_049,64.0,1
2702,Delhi,Female,10-20L,School_001,69.8,1
2703,Bengaluru,Male,5-10L,School_010,56.3,0
2704,Mumbai,Female,10-20L,School_001,50.2,0
2705,Pune,Male,5-10L,School_002,40.2,0
2706,Mumbai,Male,>20L,School_006,82.1,1
2707,Patna,Female,<5L,School_001,59.7,0
2708,Bengaluru,Male,<5L,School_001,54.8,0
2709,Lucknow,Female,10-20L,School_001,57.6,0
2710,Mumbai,Female,5-10L,School_011,59.2,0
2711,Delhi,Female,<5L,School_001,54.2,0
2712,Delhi,Male,5-10L,School_003,62.7,1
2713,Bengaluru,Female,5-10L,School_002,45.7,0
2714,Lucknow,Female,5-10L,School_001,75.3,1
2715,Bengaluru,Male,10-20L,School_035,62.2,1
2716,Pune,Female,10-20L,School_003,63.5,1
2717,Patna,Female,<5L,School_007,42.0,0
2718,Delhi,Male,5-10L,School_009,33.5,0
2719,Delhi,Female,>20L,School_017,80.4,1
2720,Hyderabad,Male,5-10L,School_001,64.1,1
2721,Lucknow,Male,10-20L,School_001,59.3,0
2722,Kota,Female,<5L,School_003,61.8,1
2723,Kota,Female,10-20L,School_001,58.6,0
2724,Bengaluru,Male,5-10L,School_001,49.2,0
2725,Lucknow,Female,>20L,School_031,81.5,1
2726,Kota,Female,10-20L,School_006,71.3,1
2727,Lucknow,Male,10-20L,School_002,74.1,1
2728,Bengaluru,Female,<5L,School_001,48.0,0
2729,Hyderabad,Female,10-20L,School_012,67.7,1
2730,Hyderabad,Female,<5L,School_004,70.0,1
2731,Pune,Female,<5L,School_001,52.1,0
2732,Bengaluru,Female,5-10L,School_049,41.8,0
2733,Patna,Female,5-10L,School_039,50.1,0
2734,Pune,Male,10-20L,School_033,62.0,1
2735,Patna,Female,>20L,School_018,62.4,1
2736,Lucknow,Female,<5L,School_004,62.2,1
2737,Delhi,Male,<5L,School_002,55.3,0
2738,Lucknow,Male,5-10L,School_007,64.4,1
2739,Pune,Female,10-20L,School_001,63.6,1
2740,Delhi,Male,5-10L,School_006,65.5,1
2741,Kota,Female,5-10L,School_001,56.0,0
2742,Delhi,Male,10-20L,School_001,65.4,1
2743,Kota,Female,10-20L,School_009,49.6,0
2744,Mumbai,Male,5-10L,School_002,51.7,0
2745,Bengaluru,Female,<5L,School_009,38.9,0
2746,Patna,Female,5-10L,School_013,61.1,1
2747,Patna,Female,>20L,School_018,48.3,0
2748,Patna,Female,5-10L,School_006,57.3,0
2749,Delhi,Male,<5L,School_020,53.8,0
2750,Delhi,Male,5-10L,School_007,60.0,1
2751,Hyderabad,Female,5-10L,School_033,71.0,1
2752,Patna,Male,5-10L,School_027,60.9,1
2753,Lucknow,Female,5-10L,School_001,65.0,1
2754,Delhi,Male,>20L,School_001,74.6,1
2755,Hyderabad,Female,5-10L,School_002,59.2,0
2756,Bengaluru,Male,5-10L,School_001,53.2,0
2757,Pune,Female,5-10L,School_001,56.6,0
2758,Pune,Female,>20L,School_023,71.6,1
2759,Bengaluru,Female,10-20L,School_001,53.1,0
2760,Patna,Female,5-10L,School_001,61.8,1
2761,Lucknow,Male,10-20L,School_012,77.0,1
2762,Mumbai,Female,5-10L,School_001,54.2,0
2763,Lucknow,Male,>20L,School_001,79.8,1
2764,Kota,Female,5-10L,School_044,60.2,1
2765,Kota,Male,<5L,School_012,60.2,1
2766,Bengaluru,Female,10-20L,School_003,66.5,1
2767,Patna,Female,5-10L,School_001,52.4,0
2768,Mumbai,Male,10-20L,School_001,64.4,1
2769,Bengaluru,Male,5-10L,School_048,55.2,0
2770,Delhi,Male,5-10L,School_014,76.8,1
2771,Patna,Male,<5L,School_001,58.9,0
2772,Pune,Male,10-20L,School_009,46.6,0
2773,Lucknow,Male,<5L,School_002,45.5,0
2774,Patna,Female,>20L,School_010,51.1,0
2775,Mumbai,Male,10-20L,School_001,60.3,1
2776,Lucknow,Male,5-10L,School_001,51.2,0
2777,Lucknow,Male,<5L,School_001,61.6,1
2778,Lucknow,Male,>20L,School_001,63.8,1
2779,Patna,Male,5-10L,School_021,83.0,1
2780,Lucknow,Male,<5L,School_026,60.5,1
2781,Lucknow,Male,5-10L,School_008,61.5,1
2782,Hyderabad,Male,<5L,School_011,56.8,0
2783,Kota,Female,5-10L,School_001,59.7,0
2784,Lucknow,Female,10-20L,School_002,59.5,0
2785,Hyderabad,Male,>20L,School_027,73.9,1
2786,Hyderabad,Male,10-20L,School_050,61.8,1
2787,Patna,Male,<5L,School_003,65.3,1
2788,Hyderabad,Male,5-10L,School_013,84.6,1
2789,Kota,Male,5-10L,School_035,56.6,0
2790,Kota,Female,>20L,School_054,65.8,1
2791,Kota,Male,<5L,School_001,48.5,0
2792,Delhi,Female,5-10L,School_007,44.9,0
2793,Mumbai,Male,>20L,School_002,66.8,1
2794,Lucknow,Female,5-10L,School_003,65.9,1
2795,Lucknow,Male,<5L,School_003,63.8,1
2796,Delhi,Female,5-10L,School_001,72.8,1
2797,Pune,Female,5-10L,School_001,78.1,1
2798,Patna,Male,>20L,School_012,64.7,1
2799,Lucknow,Male,<5L,School_009,43.7,0
2800,Bengaluru,Female,<5L,School_019,58.2,0
