batch_id,batch_fee_revenue,session_duration_minutes,monthly_queries,mock_test_avg,profit_margin_pct
5001,13690.0,40.3,8,48.0,4.75
5002,30404.0,40.2,7,63.0,16.96
5003,10487.0,103.0,3,59.0,-2.34
5004,20125.0,6.7,1,55.7,-5.22
5005,22630.0,19.5,5,50.1,-13.54
5006,36939.0,7.3,2,87.8,-6.44
5007,21667.0,37.8,5,64.1,11.28
5008,9789.0,49.3,4,60.4,-3.19
5009,23790.0,55.7,4,44.1,-5.2
5010,11817.0,44.4,5,77.9,7.43
5011,6213.0,22.4,5,78.0,-5.03
5012,17843.0,108.0,1,62.3,-2.79
5013,1709.0,45.2,6,47.6,-3.23
5014,9064.0,32.2,1,71.3,7.43
5015,3096.0,19.2,2,64.3,-2.25
5016,24913.0,48.3,4,46.6,-0.6
5017,7034.0,27.9,2,89.8,2.21
5018,22197.0,28.6,3,73.2,-12.45
5019,19787.0,42.4,3,52.3,1.58
5020,11308.0,42.6,2,54.5,-12.22
5021,17256.0,22.8,1,74.0,-6.85
5022,28206.0,79.2,4,78.9,-0.47
5023,7601.0,20.4,4,71.7,4.74
5024,2246.0,19.1,2,70.9,1.43
5025,19561.0,44.8,5,60.0,13.05
5026,33375.0,40.2,4,89.9,4.71
5027,20919.0,38.8,1,61.4,8.72
5028,25839.0,29.0,3,67.5,-0.57
5029,20732.0,38.1,1,69.5,-2.06
5030,2142.0,26.5,7,61.4,18.49
5031,10911.0,13.8,5,74.4,-10.89
5032,9293.0,57.7,4,83.8,13.99
5033,17197.0,20.2,1,37.9,-3.03
5034,20520.0,32.3,3,62.4,9.54
5035,19094.0,57.5,3,80.3,-7.8
5036,27992.0,37.6,2,82.1,8.0
5037,11578.0,192.0,5,59.3,6.42
5038,31035.0,16.0,1,73.2,-15.06
5039,2790.0,23.6,2,67.3,-2.08
5040,18736.0,39.0,5,66.8,9.32
5041,5405.0,83.5,2,57.4,12.61
5042,4086.0,31.9,4,77.3,6.25
5043,31805.0,15.7,2,79.7,-1.39
5044,10447.0,73.4,4,84.5,3.17
5045,16016.0,21.2,4,68.4,-7.86
5046,47054.0,32.8,6,66.8,-5.17
5047,8233.0,62.6,2,78.9,5.61
5048,37201.0,24.7,2,100.0,3.59
5049,7016.0,28.1,3,62.4,9.86
5050,13162.0,49.4,2,64.2,5.22
5051,7095.0,32.6,3,86.7,8.79
5052,16773.0,43.8,6,51.5,2.74
5053,11172.0,20.9,1,34.5,9.06
5054,8916.0,34.3,3,77.3,25.38
5055,11461.0,19.1,7,82.3,-5.01
5056,32409.0,14.4,1,81.5,4.92
5057,49106.0,105.5,2,77.6,-0.38
5058,9113.0,48.3,3,78.8,8.14
5059,32212.0,63.7,2,57.0,7.85
5060,6525.0,20.6,8,78.2,-3.37
5061,20487.0,36.1,5,53.3,5.18
5062,10730.0,32.5,3,46.4,5.68
5063,15416.0,15.7,3,62.7,2.87
5064,13563.0,51.0,6,49.7,6.65
5065,9450.0,23.8,3,52.0,16.14
5066,1198.0,32.5,4,57.5,9.3
5067,23358.0,14.8,3,60.3,1.64
5068,20264.0,66.6,7,67.1,6.07
5069,32183.0,57.9,2,52.8,21.64
5070,26836.0,46.4,2,58.0,-1.49
5071,7344.0,21.3,5,63.4,13.91
5072,8901.0,26.6,6,67.1,-1.9
5073,8441.0,76.4,3,71.0,-10.14
5074,16104.0,31.1,1,74.6,-2.11
5075,1700.0,43.1,4,68.0,7.0
5076,15799.0,39.9,2,70.7,1.9
5077,20236.0,18.8,2,73.4,-2.21
5078,7168.0,91.6,3,65.0,-2.95
5079,22774.0,11.2,2,67.4,-4.53
5080,49634.0,42.0,6,54.1,-5.43
5081,17721.0,34.8,6,68.0,-1.41
5082,19988.0,13.9,3,77.2,-18.08
5083,15531.0,44.8,2,57.2,7.74
5084,3057.0,50.1,4,81.2,6.49
5085,28836.0,37.8,2,59.0,4.81
5086,14678.0,22.3,2,78.3,11.97
5087,20796.0,48.1,6,85.6,-1.34
5088,16782.0,71.6,1,68.0,3.84
5089,14317.0,41.9,3,60.5,-19.1
5090,11706.0,103.2,4,70.7,5.56
5091,17755.0,61.4,3,60.4,0.35
5092,20283.0,58.2,2,54.2,9.23
5093,24765.0,84.5,8,77.9,11.37
5094,7097.0,24.7,7,41.9,2.3
5095,8320.0,26.8,4,76.2,-7.31
5096,8239.0,50.0,4,55.8,6.83
5097,6367.0,50.1,1,76.5,11.32
5098,13796.0,90.8,2,59.0,11.9
5099,13420.0,73.0,8,87.4,-0.8
5100,41671.0,40.8,7,59.1,-4.32
5101,18914.0,41.9,7,37.9,1.42
5102,3265.0,31.2,2,100.0,-5.39
5103,26511.0,29.6,9,65.5,-15.25
5104,16215.0,28.1,3,63.6,6.99
5105,14183.0,63.4,4,65.0,7.63
5106,17118.0,27.8,2,61.2,9.55
5107,20981.0,29.8,3,68.7,-3.82
5108,23296.0,40.6,3,55.9,3.38
5109,4943.0,27.2,5,91.7,-7.01
5110,39575.0,32.2,3,56.6,-9.37
5111,8685.0,10.0,5,73.0,7.85
5112,9171.0,46.4,3,81.4,-12.43
5113,14280.0,30.9,3,62.4,0.65
5114,15412.0,41.7,3,75.7,24.49
5115,7350.0,46.4,2,58.5,14.43
5116,3003.0,12.2,6,53.0,9.65
5117,23807.0,158.0,2,55.3,9.06
5118,13075.0,41.3,4,78.3,1.93
5119,10789.0,42.0,2,77.9,-1.52
5120,14942.0,13.0,2,54.0,21.55
5121,9378.0,55.4,3,77.5,2.0
5122,20164.0,49.1,2,54.1,-1.49
5123,3158.0,31.1,1,67.3,9.64
5124,11270.0,45.0,4,73.6,3.24
5125,26349.0,84.2,4,40.0,15.28
5126,9477.0,32.1,3,72.6,-1.81
5127,25603.0,22.9,3,61.4,-3.51
5128,27341.0,87.9,7,47.0,0.25
5129,22526.0,46.5,7,73.3,17.99
5130,23475.0,35.8,3,68.5,12.09
5131,1350.0,158.6,3,69.3,6.2
5132,20646.0,43.9,3,61.6,4.7
5133,17519.0,36.0,5,56.7,6.95
5134,36463.0,46.9,2,48.9,-4.68
5135,19238.0,31.4,2,62.1,8.44
5136,4414.0,45.4,4,52.0,-0.42
5137,17259.0,43.7,1,59.4,6.01
5138,20563.0,26.9,4,69.7,4.16
5139,1755.0,34.1,1,74.5,6.67
5140,16245.0,48.0,3,70.0,-0.09
5141,15117.0,50.1,7,68.3,12.42
5142,18800.0,56.4,2,61.5,7.17
5143,29557.0,63.6,5,76.3,-2.8
5144,16605.0,46.1,4,79.1,7.9
5145,5124.0,54.1,4,58.8,1.01
5146,36171.0,31.5,5,59.5,7.42
5147,10622.0,33.9,5,52.9,11.52
5148,8952.0,73.7,4,61.2,-0.27
5149,7571.0,12.1,6,59.5,3.76
5150,2775.0,49.2,6,88.6,4.64
5151,8706.0,262.2,3,81.3,4.39
5152,11153.0,12.9,1,48.3,22.02
5153,14970.0,96.4,4,74.2,7.16
5154,17874.0,13.6,2,61.9,-6.01
5155,4007.0,48.4,3,43.6,5.05
5156,10375.0,102.8,2,67.9,-0.76
5157,2010.0,94.3,4,56.5,25.64
5158,18666.0,22.4,4,68.5,-1.49
5159,38356.0,17.6,4,71.1,-5.68
5160,15218.0,16.2,4,56.8,10.58
5161,6887.0,58.7,0,82.9,-0.5
5162,12974.0,30.2,5,66.4,0.73
5163,24090.0,38.2,5,55.2,2.05
5164,6945.0,44.3,0,44.9,-1.84
5165,6184.0,48.5,4,91.8,0.47
5166,11623.0,52.2,4,55.0,-15.29
5167,25449.0,40.7,2,65.5,3.25
5168,15355.0,14.4,3,68.2,9.85
5169,17164.0,90.3,2,75.5,20.66
5170,19649.0,7.3,4,48.3,4.75
5171,31314.0,79.0,0,35.1,11.5
5172,12548.0,26.2,4,66.0,-2.19
5173,8300.0,33.4,4,46.5,17.12
5174,20081.0,27.5,3,61.2,24.04
5175,27316.0,30.1,9,89.7,7.21
5176,17551.0,37.0,1,57.4,1.26
5177,11069.0,31.7,4,72.8,4.73
5178,34146.0,19.4,3,51.0,17.98
5179,1079.0,62.4,5,100.0,-6.68
5180,13621.0,26.5,2,60.0,15.61
5181,12075.0,83.9,1,69.4,-4.46
5182,3067.0,34.2,4,62.9,-2.97
5183,9246.0,24.5,2,57.1,6.71
5184,18663.0,48.7,0,77.6,10.03
5185,16880.0,63.8,7,61.7,12.88
5186,22812.0,21.5,4,53.3,16.95
5187,8443.0,31.6,6,57.9,-5.64
5188,40668.0,88.1,3,60.7,5.01
5189,26424.0,20.6,4,65.5,11.18
5190,8315.0,22.5,3,66.0,6.78
5191,14613.0,41.4,3,54.4,14.34
5192,20738.0,18.1,4,58.0,4.72
5193,8086.0,8.5,1,89.5,1.77
5194,37640.0,13.8,5,61.0,-15.41
5195,18402.0,46.8,8,80.7,-12.21
5196,18303.0,55.4,4,58.7,11.34
5197,17464.0,53.4,3,68.4,-5.77
5198,17336.0,47.3,7,56.4,7.08
5199,17567.0,17.9,4,39.8,10.11
5200,19765.0,56.2,1,57.2,3.32
5201,6584.0,74.7,3,74.6,13.29
5202,11121.0,24.6,2,79.3,-1.35
5203,12896.0,65.9,2,76.9,9.57
5204,34732.0,30.0,6,57.0,3.25
5205,31216.0,42.0,5,59.8,-8.79
5206,12232.0,46.7,3,49.7,-13.37
5207,10651.0,15.4,2,67.0,2.63
5208,14523.0,90.3,4,73.6,18.71
5209,12934.0,22.4,5,66.4,14.61
5210,15121.0,35.3,6,54.5,8.53
5211,4076.0,27.9,4,68.5,11.37
5212,12542.0,49.3,6,64.8,12.29
5213,22650.0,48.6,6,69.5,2.15
5214,7417.0,38.0,7,61.4,15.92
5215,11570.0,87.6,2,66.1,6.64
5216,31754.0,44.4,5,54.9,-0.19
5217,6981.0,29.5,4,53.5,38.5
5218,3004.0,6.7,4,32.8,10.23
5219,25528.0,31.7,4,66.3,3.27
5220,9316.0,31.5,4,65.7,11.13
5221,27354.0,22.2,3,52.0,-6.43
5222,9146.0,22.4,5,82.6,-6.52
5223,18547.0,53.5,7,78.7,21.34
5224,10381.0,70.2,3,84.8,9.86
5225,39506.0,116.9,3,62.5,-5.27
5226,11445.0,74.4,6,60.9,-10.11
5227,1796.0,24.5,5,68.0,3.32
5228,5105.0,43.7,4,75.4,-5.04
5229,22240.0,16.6,1,82.5,15.96
5230,11425.0,58.2,2,52.4,-12.93
5231,22133.0,46.5,0,62.1,15.05
5232,7134.0,26.0,4,39.4,-4.93
5233,22274.0,35.2,2,61.0,-7.02
5234,25521.0,32.3,8,75.3,4.46
5235,15835.0,25.6,4,72.6,-7.21
5236,23239.0,82.9,3,93.0,-1.16
5237,14320.0,241.8,2,72.6,-0.94
5238,4178.0,61.5,3,59.1,-17.61
5239,9464.0,70.8,6,55.0,-6.6
5240,12271.0,41.3,4,67.5,7.03
5241,16910.0,30.4,5,84.5,-14.55
5242,27388.0,140.1,9,49.0,-8.23
5243,17363.0,30.1,3,52.6,-4.27
5244,10269.0,47.6,1,65.3,12.13
5245,15683.0,35.0,8,60.2,12.13
5246,4135.0,53.5,2,75.3,17.23
5247,22424.0,36.5,8,58.7,-4.71
5248,16007.0,53.6,5,64.9,11.2
5249,5359.0,17.6,4,64.2,6.01
5250,17327.0,35.3,1,67.0,-7.73
5251,7022.0,85.4,4,81.1,8.55
5252,23190.0,20.2,1,48.5,3.81
5253,27190.0,25.2,3,43.1,-2.07
5254,12200.0,85.5,1,46.1,-5.82
5255,12985.0,47.9,5,60.8,-10.61
5256,4129.0,71.3,4,65.7,8.34
5257,6783.0,9.8,3,70.9,7.83
5258,2364.0,41.0,4,68.2,1.28
5259,20543.0,17.5,2,65.9,0.42
5260,27736.0,16.3,1,42.5,-1.51
5261,2851.0,48.0,3,56.3,10.68
5262,9104.0,76.4,4,69.6,5.6
5263,28614.0,15.3,5,49.2,-12.13
5264,13082.0,19.3,4,58.4,4.62
5265,5722.0,26.4,2,59.0,8.08
5266,6144.0,34.7,2,70.3,-1.54
5267,17182.0,16.8,3,53.5,-0.41
5268,27860.0,145.6,6,43.8,-1.45
5269,8342.0,53.3,5,59.8,9.52
5270,3691.0,30.2,4,60.8,0.24
5271,26787.0,27.4,1,74.5,3.59
5272,27831.0,151.3,5,56.9,4.63
5273,11262.0,143.9,1,61.4,17.73
5274,9843.0,27.9,3,57.9,-9.66
5275,32239.0,46.1,3,58.4,24.8
5276,7969.0,79.7,5,89.6,-6.97
5277,20517.0,18.3,4,33.2,1.9
5278,15009.0,26.2,6,71.5,-3.4
5279,2697.0,84.1,0,54.5,5.06
5280,15091.0,24.6,4,65.2,8.83
5281,3723.0,28.7,7,45.4,24.84
5282,5921.0,16.6,4,66.7,14.62
5283,5315.0,23.6,4,54.3,-2.2
5284,39644.0,56.2,4,71.1,5.88
5285,31307.0,22.7,5,80.9,4.99
5286,4790.0,16.9,1,49.0,-2.07
5287,5546.0,25.4,6,44.6,9.25
5288,4618.0,107.9,2,78.3,6.33
5289,20241.0,41.3,3,88.1,-0.07
5290,23185.0,26.4,2,64.4,-2.27
5291,6722.0,40.6,4,38.9,10.31
5292,2049.0,48.3,3,45.1,2.89
5293,2483.0,39.8,6,76.0,14.67
5294,2080.0,12.4,0,85.8,11.71
5295,17857.0,44.3,4,62.7,-6.94
5296,8079.0,32.5,2,47.7,-14.97
5297,14510.0,61.4,2,78.4,4.33
5298,20752.0,16.3,3,47.6,-2.15
5299,4213.0,69.4,4,55.9,-5.4
5300,17225.0,27.3,4,56.5,-2.57
5301,37929.0,13.1,4,56.4,16.96
5302,5715.0,82.2,8,70.9,1.95
5303,13922.0,26.9,3,52.4,21.04
5304,35668.0,46.1,1,66.1,10.97
5305,16957.0,33.3,3,77.6,-11.69
5306,31554.0,71.1,3,77.6,7.97
5307,28674.0,71.6,1,80.8,17.38
5308,14926.0,72.0,2,59.7,-12.07
5309,11525.0,56.5,2,43.4,-7.46
5310,38251.0,13.8,3,66.6,2.98
5311,12113.0,13.3,3,67.1,-0.98
5312,30072.0,41.4,4,67.8,19.24
5313,12992.0,20.6,6,59.6,-3.79
5314,19589.0,48.5,4,69.9,19.34
5315,9094.0,40.5,2,51.8,-8.64
5316,9826.0,15.6,4,74.3,-3.73
5317,12302.0,19.6,6,86.0,6.98
5318,13051.0,18.4,7,66.0,8.68
5319,53097.0,21.4,3,65.1,5.38
5320,16758.0,32.3,9,72.2,18.54
5321,1327.0,55.2,6,71.1,20.43
5322,4439.0,82.2,2,71.4,21.83
5323,57743.0,20.3,0,66.9,3.2
5324,30107.0,26.0,5,61.0,11.98
5325,38217.0,93.6,5,83.7,1.62
5326,870.0,62.8,2,49.8,17.02
5327,15335.0,42.1,4,78.2,-16.81
5328,28522.0,8.8,2,54.0,-1.77
5329,28813.0,19.9,7,70.3,2.17
5330,6891.0,40.2,2,52.8,-0.29
5331,24093.0,25.6,5,45.6,18.49
5332,24363.0,121.9,1,51.8,-8.44
5333,23534.0,38.6,1,52.6,-3.27
5334,9344.0,43.4,4,80.7,-6.73
5335,15941.0,18.8,2,57.0,3.75
5336,10681.0,19.4,0,55.8,-4.08
5337,21638.0,24.4,2,52.4,12.65
5338,40013.0,25.0,3,63.9,12.19
5339,4694.0,31.7,3,64.0,-14.96
5340,38938.0,45.8,5,71.1,-15.12
5341,6085.0,42.2,4,55.8,11.51
5342,7398.0,67.0,4,49.6,7.66
5343,36774.0,16.1,8,63.5,-10.28
5344,14892.0,41.5,3,74.9,3.8
5345,12742.0,42.2,1,73.3,-7.09
5346,24632.0,95.6,2,52.2,11.36
5347,14448.0,32.0,2,58.2,-7.82
5348,18179.0,44.5,12,68.3,-1.49
5349,47682.0,22.3,6,57.2,8.39
5350,4908.0,47.2,4,47.2,4.54
5351,6032.0,46.5,4,66.6,13.61
5352,16996.0,25.0,5,59.9,7.88
5353,6900.0,28.0,4,67.8,-9.43
5354,8096.0,35.8,3,74.6,6.24
5355,7187.0,51.9,3,58.3,-6.1
5356,47409.0,18.2,3,50.4,17.17
5357,35390.0,62.4,5,55.0,18.37
5358,11817.0,29.9,0,73.7,14.36
5359,18581.0,115.5,1,65.5,23.96
5360,26035.0,88.5,4,73.7,11.33
5361,30044.0,28.6,5,60.1,17.44
5362,5139.0,25.0,8,73.3,12.64
5363,15218.0,162.1,6,58.4,12.11
5364,10306.0,53.5,1,56.5,11.95
5365,26297.0,51.5,1,64.2,6.76
5366,14214.0,28.3,3,62.8,20.41
5367,11601.0,33.8,6,61.4,-5.74
5368,3239.0,59.5,5,65.0,-10.08
5369,5793.0,53.1,5,75.9,-2.87
5370,8029.0,22.1,0,56.2,18.44
5371,22577.0,77.7,1,43.1,1.67
5372,7512.0,44.1,3,69.4,-3.28
5373,9049.0,20.5,2,87.2,-3.57
5374,14677.0,66.8,3,77.1,8.26
5375,10223.0,32.9,1,49.9,3.57
5376,15697.0,58.8,3,69.9,14.91
5377,37874.0,26.1,4,77.9,1.14
5378,8283.0,45.5,8,75.3,12.31
5379,15765.0,13.7,4,86.5,-3.74
5380,8171.0,45.8,5,74.7,8.95
5381,15336.0,14.5,2,30.5,31.55
5382,6033.0,40.4,3,71.4,2.3
5383,4751.0,7.9,6,55.0,2.96
5384,19270.0,35.2,6,53.2,12.89
5385,21817.0,56.6,2,43.6,-4.83
5386,5264.0,49.0,4,48.8,-0.04
5387,4365.0,75.5,5,59.9,-0.81
5388,3359.0,19.1,3,77.7,6.41
5389,7585.0,94.5,7,78.3,-8.27
5390,58945.0,96.7,2,72.5,17.04
5391,4116.0,17.7,2,79.4,5.35
5392,29355.0,22.6,4,59.6,5.79
5393,3169.0,25.9,3,54.2,2.65
5394,28731.0,36.0,1,87.6,3.82
5395,6604.0,40.9,3,70.1,-16.76
5396,30038.0,8.2,1,60.1,15.65
5397,9749.0,52.3,5,73.5,-3.82
5398,50701.0,31.3,6,55.3,11.59
5399,25767.0,19.7,2,83.7,2.76
5400,21365.0,64.9,2,48.5,2.26
5401,16397.0,29.6,5,57.9,8.65
5402,3798.0,72.7,6,62.2,19.34
5403,10034.0,50.4,3,62.0,3.29
5404,21958.0,30.1,1,49.2,-1.07
5405,5765.0,74.3,6,74.9,8.38
5406,12123.0,59.5,3,72.0,-18.17
5407,5927.0,26.9,3,65.2,-3.62
5408,19223.0,13.8,5,71.5,-4.81
5409,50178.0,26.2,2,58.8,0.85
5410,11425.0,53.0,8,76.3,-8.23
5411,19235.0,31.6,5,57.5,11.75
5412,8702.0,106.1,5,51.5,1.33
5413,15521.0,42.7,4,62.4,5.37
5414,4795.0,41.1,2,62.1,4.25
5415,26045.0,46.6,3,68.8,1.28
5416,19113.0,21.4,4,72.8,-1.8
5417,61786.0,33.9,5,85.2,15.77
5418,27251.0,24.5,5,48.4,11.6
5419,13889.0,8.8,3,45.2,17.61
5420,27284.0,12.4,1,68.1,2.67
5421,16836.0,57.0,6,80.6,6.63
5422,14294.0,27.9,0,77.3,7.36
5423,28528.0,33.9,1,63.5,1.15
5424,2294.0,14.9,3,61.9,3.78
5425,2268.0,25.6,3,61.3,-10.5
5426,13552.0,58.6,1,86.4,-6.62
5427,16311.0,38.7,9,62.4,-4.2
5428,34957.0,26.6,2,68.9,-6.2
5429,15983.0,92.0,3,50.1,8.02
5430,12823.0,35.2,9,76.2,7.4
5431,27197.0,29.5,5,63.4,7.79
5432,19594.0,72.9,5,61.8,1.76
5433,16090.0,12.8,3,61.4,13.23
5434,50031.0,50.9,5,63.5,12.39
5435,16248.0,18.6,4,98.0,9.27
5436,20806.0,22.6,2,72.5,1.1
5437,18363.0,24.1,8,73.2,18.05
5438,3093.0,39.4,7,55.9,-6.62
5439,4277.0,38.9,3,48.0,-10.62
5440,4529.0,43.8,1,39.1,-7.65
5441,12841.0,41.4,6,58.0,14.99
5442,20402.0,85.2,5,67.2,4.97
5443,33959.0,101.4,5,68.0,-1.21
5444,1325.0,56.0,2,47.5,-16.87
5445,10780.0,57.7,2,73.1,2.06
5446,50210.0,29.1,2,58.4,-4.86
5447,59152.0,18.8,2,78.9,-14.76
5448,24215.0,52.2,5,62.1,13.93
5449,57741.0,37.3,1,65.8,4.39
5450,9126.0,61.3,6,56.4,16.64
5451,3663.0,12.1,3,56.9,3.95
5452,12368.0,184.3,4,65.7,9.17
5453,17584.0,16.9,3,72.2,-2.12
5454,32333.0,37.3,2,74.0,9.75
5455,24993.0,66.5,5,56.7,0.48
5456,17729.0,15.8,5,50.2,9.61
5457,13933.0,26.1,1,70.4,6.04
5458,14217.0,10.8,2,80.8,-5.76
5459,3249.0,15.4,2,59.4,4.33
5460,6297.0,11.3,3,60.1,5.65
5461,7916.0,38.9,6,59.9,-2.17
5462,24427.0,43.6,5,69.4,3.12
5463,22782.0,30.2,3,76.9,12.53
5464,14303.0,78.4,1,54.0,15.29
5465,3421.0,84.6,3,70.6,4.73
5466,14430.0,36.4,5,82.7,-16.34
5467,34283.0,32.0,3,72.6,10.93
5468,24510.0,31.0,3,56.1,20.75
5469,22429.0,27.8,3,47.9,2.07
5470,9835.0,80.5,5,65.9,-3.57
5471,6964.0,42.2,5,81.7,6.91
5472,18063.0,29.9,3,75.1,6.08
5473,32017.0,31.9,5,82.8,12.14
5474,11633.0,50.9,3,61.1,-1.48
5475,19752.0,28.8,3,66.3,19.94
5476,33104.0,44.2,7,55.8,12.44
5477,7040.0,35.8,4,72.2,-4.94
5478,10986.0,83.0,6,63.2,13.55
5479,3021.0,73.8,2,56.1,3.05
5480,5825.0,15.5,2,60.9,10.46
5481,1765.0,33.2,5,72.4,7.5
5482,11948.0,56.3,2,76.2,4.69
5483,28542.0,27.9,8,75.1,7.06
5484,19505.0,59.8,5,93.7,0.4
5485,15578.0,44.9,2,74.8,-2.42
5486,19325.0,52.4,1,54.7,2.09
5487,3571.0,35.3,1,78.7,1.65
5488,5408.0,44.0,4,55.6,7.74
5489,18332.0,50.3,1,52.6,5.91
5490,7927.0,15.1,2,74.5,-10.39
5491,8072.0,21.1,2,58.8,11.74
5492,11700.0,19.8,2,66.0,3.81
5493,6187.0,101.3,5,59.8,11.93
5494,14149.0,44.0,2,63.6,10.35
5495,53244.0,45.9,5,45.1,6.67
5496,14653.0,40.7,2,76.7,9.32
5497,9984.0,26.8,1,80.6,-8.69
5498,20122.0,23.4,2,63.1,18.19
5499,17865.0,61.2,5,81.0,21.67
5500,1816.0,29.3,3,76.3,9.97
5501,54280.0,95.2,5,80.4,-0.39
5502,12756.0,41.3,3,83.8,10.51
5503,4022.0,38.8,5,51.3,1.22
5504,24466.0,32.1,1,75.9,18.92
5505,22747.0,35.1,3,64.4,0.32
5506,56476.0,37.5,3,75.2,-6.17
5507,3633.0,92.0,5,62.9,-3.15
5508,34218.0,150.3,1,90.9,-2.39
5509,27367.0,18.3,7,86.1,10.77
5510,4456.0,42.8,5,66.0,3.88
5511,36983.0,56.3,2,71.5,6.79
5512,9300.0,21.3,5,69.0,1.24
5513,4536.0,25.1,4,69.3,16.16
5514,20299.0,27.9,3,77.4,4.45
5515,3328.0,8.6,1,54.6,6.3
5516,13517.0,54.4,3,49.2,18.48
5517,13090.0,35.7,1,79.7,7.02
5518,20447.0,34.8,1,70.4,-0.36
5519,15799.0,38.6,5,60.8,2.14
5520,17853.0,42.7,2,58.1,14.58
5521,1247.0,148.3,4,48.5,7.77
5522,10786.0,41.0,6,62.9,-2.61
5523,11728.0,60.8,5,45.5,14.89
5524,15641.0,26.9,5,67.9,-8.76
5525,9230.0,45.5,4,69.6,-14.97
5526,42855.0,30.5,1,58.1,-4.48
5527,10108.0,33.6,6,78.3,-12.67
5528,17656.0,21.4,9,75.1,2.57
5529,22960.0,22.5,3,68.4,4.64
5530,16645.0,48.5,3,57.0,1.92
5531,5367.0,57.7,2,58.1,-0.83
5532,9943.0,48.6,4,54.5,-5.16
5533,16526.0,24.6,3,42.3,12.66
5534,7261.0,44.6,3,65.8,-13.34
5535,22303.0,8.0,4,74.5,10.85
5536,15848.0,65.1,3,47.4,6.62
5537,15682.0,36.1,4,69.9,3.67
5538,3620.0,43.4,7,62.6,8.32
5539,11605.0,74.4,1,66.9,-9.7
5540,9373.0,28.6,2,74.1,13.09
5541,21895.0,65.8,2,76.5,8.87
5542,7991.0,28.4,7,57.2,14.3
5543,10620.0,51.3,3,74.4,-14.26
5544,10075.0,29.0,3,60.3,6.54
5545,25932.0,44.4,2,34.5,3.07
5546,5534.0,88.7,3,89.8,-16.44
5547,7630.0,25.0,5,65.7,1.24
5548,4546.0,25.7,4,61.4,4.73
5549,21843.0,30.4,0,81.4,-2.84
5550,5947.0,44.4,3,70.7,7.69
5551,14659.0,194.1,3,58.5,9.32
5552,23982.0,26.2,1,67.8,0.2
5553,3831.0,10.9,3,69.1,1.11
5554,16653.0,25.1,2,62.8,11.15
5555,16744.0,14.3,5,36.5,-4.6
5556,10300.0,26.6,2,67.0,8.73
5557,27095.0,37.6,4,53.8,16.18
5558,17317.0,20.9,3,52.5,3.94
5559,22112.0,24.7,4,65.7,7.59
5560,34117.0,12.1,3,91.1,4.46
5561,25633.0,41.5,2,50.7,11.62
5562,24134.0,23.7,2,68.8,-9.31
5563,8605.0,71.6,4,47.2,-11.13
5564,18134.0,70.1,4,45.7,-3.49
5565,12099.0,22.1,4,60.7,-1.33
5566,15858.0,29.8,3,76.2,12.95
5567,19790.0,38.5,5,68.5,16.54
5568,10628.0,58.9,1,68.5,9.44
5569,8942.0,13.6,2,79.8,15.44
5570,7143.0,35.8,1,71.0,0.54
5571,13558.0,114.6,3,58.0,-0.63
5572,14057.0,35.4,1,53.6,-9.65
5573,4861.0,42.7,5,61.4,14.63
5574,3018.0,37.4,2,69.3,9.01
5575,15095.0,18.3,2,61.1,3.81
5576,15566.0,66.3,3,62.2,-7.96
5577,4414.0,44.0,4,58.3,-5.02
5578,9810.0,41.3,4,55.3,8.54
5579,11493.0,58.0,2,50.6,4.08
5580,32496.0,60.2,4,55.4,14.01
5581,39714.0,12.0,4,86.5,5.81
5582,7909.0,50.1,4,78.1,-2.19
5583,18591.0,26.4,0,81.8,-6.5
5584,24992.0,41.3,2,66.5,4.08
5585,40429.0,24.4,3,63.6,18.82
5586,4141.0,22.3,4,74.9,21.95
5587,9720.0,66.7,4,60.5,-2.52
5588,17635.0,37.4,2,78.9,8.73
5589,10034.0,31.8,1,66.7,-2.4
5590,10613.0,31.7,4,74.7,6.46
5591,2151.0,39.6,4,55.7,-21.36
5592,3231.0,37.3,1,87.0,-1.6
5593,7795.0,9.1,3,67.6,-12.18
5594,5176.0,22.3,3,73.2,17.16
5595,11065.0,32.8,2,56.1,0.56
5596,58164.0,59.2,3,56.8,8.23
5597,7601.0,85.8,3,73.6,4.36
5598,10802.0,21.6,3,45.3,-7.97
5599,3025.0,121.5,2,80.1,9.65
5600,4301.0,40.2,5,57.9,13.8
5601,17308.0,51.0,4,76.8,6.09
5602,18255.0,27.6,3,57.2,9.04
5603,24524.0,26.5,6,64.6,14.08
5604,17186.0,90.4,1,66.1,9.24
5605,10360.0,33.5,2,76.2,3.02
5606,20610.0,35.9,3,54.8,-10.57
5607,6033.0,76.7,7,71.8,-3.54
5608,23933.0,107.8,4,68.7,-2.77
5609,968.0,15.5,4,74.5,10.92
5610,47977.0,34.2,5,55.0,16.18
5611,8217.0,38.1,5,65.2,4.35
5612,19185.0,114.3,6,56.2,13.09
5613,13594.0,169.3,0,60.5,-17.36
5614,22599.0,37.3,5,78.0,6.68
5615,3726.0,48.2,4,79.4,-6.43
5616,16184.0,64.9,1,53.9,12.66
5617,19371.0,77.1,4,63.2,15.57
5618,19598.0,31.9,4,64.2,14.37
5619,3640.0,64.7,4,53.7,11.45
5620,33450.0,25.4,7,60.4,14.58
5621,12871.0,7.7,3,52.2,20.51
5622,34309.0,16.9,2,71.8,-0.26
5623,17017.0,44.1,1,53.6,18.57
5624,6828.0,62.2,7,82.1,1.57
5625,6407.0,10.0,4,41.4,-7.82
5626,11971.0,13.1,3,71.9,9.92
5627,1224.0,38.2,1,72.4,11.43
5628,16909.0,5.1,5,57.2,7.49
5629,9549.0,54.6,4,44.5,-1.15
5630,21584.0,72.7,3,67.1,10.14
5631,6519.0,6.5,6,50.2,2.62
5632,10038.0,62.1,3,78.1,26.76
5633,3017.0,34.9,5,66.3,7.89
5634,6096.0,92.1,3,64.8,8.4
5635,12178.0,46.6,4,66.3,0.11
5636,9496.0,34.1,2,74.0,10.15
5637,5682.0,42.4,4,64.7,19.75
5638,6749.0,69.4,6,71.5,-1.67
5639,12798.0,44.3,2,69.3,1.5
5640,3334.0,40.5,2,58.6,-12.41
5641,37618.0,16.6,6,78.2,4.03
5642,11426.0,53.0,6,84.1,19.15
5643,29240.0,40.4,2,78.2,-6.08
5644,13985.0,119.9,6,66.3,1.08
5645,24855.0,39.4,6,73.0,-2.18
5646,17692.0,37.7,4,52.1,2.02
5647,28173.0,27.3,3,55.0,-2.48
5648,27690.0,61.5,4,54.3,1.24
5649,10431.0,35.2,5,57.8,-5.6
5650,6081.0,26.1,2,74.8,6.3
5651,11853.0,104.5,3,54.9,13.11
5652,4879.0,116.4,4,57.2,11.27
5653,14193.0,30.4,2,46.7,-12.37
5654,6747.0,21.5,2,56.5,16.25
5655,22837.0,78.7,1,44.8,10.83
5656,12066.0,24.2,3,75.4,14.6
5657,10521.0,218.5,4,62.9,-3.5
5658,8607.0,36.8,5,75.8,-0.95
5659,22931.0,71.4,2,81.1,10.47
5660,10037.0,18.3,2,70.3,20.09
5661,16020.0,39.2,4,68.7,-4.12
5662,29801.0,77.3,2,66.3,6.9
5663,22745.0,52.2,4,59.6,8.34
5664,6581.0,29.0,2,38.8,1.25
5665,16922.0,175.5,9,66.9,7.53
5666,29114.0,62.5,1,56.4,-0.16
5667,12320.0,34.9,4,52.9,15.91
5668,7732.0,27.9,7,57.8,-10.1
5669,7633.0,34.1,5,64.4,7.15
5670,13427.0,90.5,1,73.0,-0.2
5671,51774.0,25.2,6,52.9,3.81
5672,20771.0,40.9,4,49.7,-3.76
5673,8535.0,24.5,8,77.6,-22.53
5674,27232.0,85.5,7,71.3,17.99
5675,4250.0,36.4,7,74.2,10.9
5676,9700.0,67.5,5,61.5,8.18
5677,19935.0,56.5,2,48.1,4.15
5678,10583.0,28.3,3,80.5,7.24
5679,38722.0,61.2,3,79.6,1.67
5680,34373.0,70.7,3,57.6,5.54
5681,2665.0,20.1,4,69.7,17.0
5682,17022.0,61.4,2,77.8,-1.07
5683,4975.0,343.4,5,94.4,-3.2
5684,4835.0,33.6,2,79.2,21.3
5685,4507.0,59.1,1,71.5,0.19
5686,7924.0,18.0,1,62.3,6.56
5687,10511.0,53.0,3,59.5,3.04
5688,32256.0,28.2,3,64.2,9.9
5689,20529.0,63.8,2,57.0,10.35
5690,17030.0,39.0,3,72.5,5.67
5691,15227.0,19.7,5,66.7,-4.11
5692,5270.0,78.1,2,62.2,-3.88
5693,9061.0,35.3,2,53.0,5.24
5694,25079.0,21.8,2,66.4,20.9
5695,20918.0,41.8,3,61.1,-11.39
5696,18657.0,22.4,5,69.7,3.62
5697,3178.0,51.0,3,53.8,8.71
5698,18571.0,38.7,1,73.2,-0.57
5699,1786.0,32.1,3,63.8,6.6
5700,4473.0,60.1,1,88.0,3.59
5701,20820.0,18.6,4,56.1,11.63
5702,9977.0,72.3,4,88.7,19.34
5703,29336.0,11.9,5,99.9,1.69
5704,2464.0,106.3,2,65.0,7.17
5705,20683.0,44.9,1,89.8,8.49
5706,34261.0,34.3,0,79.1,5.91
5707,39527.0,25.7,3,51.1,4.55
5708,15473.0,56.0,4,59.0,-14.67
5709,40732.0,36.5,2,77.8,5.29
5710,6029.0,36.1,8,69.4,-5.11
5711,9041.0,75.1,4,76.3,0.52
5712,21178.0,30.9,2,71.0,8.25
5713,5779.0,34.8,5,83.4,9.44
5714,18037.0,52.1,3,63.1,0.32
5715,22247.0,77.0,6,53.3,0.17
5716,44194.0,36.7,4,58.0,1.78
5717,17682.0,44.3,3,65.6,-5.1
5718,6059.0,41.3,5,55.1,18.13
5719,15912.0,63.1,6,65.6,19.83
5720,32975.0,99.2,3,63.4,2.58
5721,5053.0,22.8,2,62.2,18.64
5722,24128.0,37.1,0,65.4,11.18
5723,17322.0,39.1,0,61.2,-5.35
5724,29623.0,57.5,2,77.7,12.45
5725,20444.0,99.9,6,67.1,10.21
5726,23179.0,39.8,6,75.0,5.62
5727,28253.0,45.7,1,48.7,-8.79
5728,29759.0,79.9,4,66.2,-1.12
5729,5875.0,18.9,5,60.2,-16.37
5730,21668.0,25.2,10,42.6,3.92
5731,15234.0,30.6,3,90.2,1.6
5732,20496.0,40.0,5,50.1,-5.78
5733,39859.0,46.2,3,75.6,-7.0
5734,15728.0,29.3,6,74.8,16.08
5735,3867.0,116.4,2,79.6,-9.38
5736,4517.0,26.1,5,60.6,10.7
5737,27433.0,35.5,3,35.3,5.1
5738,9001.0,77.6,5,73.4,15.21
5739,14826.0,64.1,3,64.6,-10.35
5740,18336.0,39.8,5,73.7,5.11
5741,17289.0,50.4,5,64.0,15.28
5742,13710.0,65.9,5,81.3,2.68
5743,41088.0,39.8,0,72.1,-8.47
5744,23425.0,59.4,2,61.8,-13.29
5745,9147.0,22.9,10,94.7,-2.12
5746,6528.0,41.8,6,58.9,13.21
5747,8012.0,14.7,2,39.9,17.81
5748,30290.0,23.2,3,67.4,4.69
5749,28895.0,19.9,3,71.8,12.1
5750,24341.0,85.4,3,72.9,13.13
5751,14892.0,30.1,1,59.6,9.59
5752,23797.0,47.8,2,65.9,-3.32
5753,15853.0,22.7,6,56.0,10.67
5754,4552.0,35.2,2,61.1,-4.81
5755,18209.0,33.6,4,74.0,5.2
5756,9484.0,23.6,3,59.8,11.32
5757,9879.0,67.0,3,74.6,13.87
5758,4342.0,14.4,2,63.1,3.17
5759,12414.0,58.1,2,67.1,14.37
5760,5503.0,200.1,6,62.2,17.89
5761,5079.0,24.0,4,79.7,12.95
5762,9118.0,40.3,3,67.4,3.9
5763,5289.0,15.3,2,56.7,7.12
5764,19099.0,38.8,4,67.5,4.55
5765,8912.0,13.7,8,80.1,4.84
5766,15101.0,57.6,2,69.2,10.88
5767,36996.0,29.1,5,53.4,14.17
5768,17810.0,12.7,6,56.9,4.52
5769,10800.0,17.7,1,53.6,11.07
5770,21386.0,14.8,4,82.1,6.68
5771,13514.0,32.7,1,68.1,5.83
5772,13198.0,65.4,5,76.3,-4.29
5773,16148.0,30.4,2,75.7,7.84
5774,12669.0,18.9,3,61.9,3.42
5775,9664.0,23.2,5,78.9,7.02
5776,10437.0,41.4,6,64.4,13.43
5777,18761.0,8.7,2,69.6,11.15
5778,9153.0,54.9,3,41.6,10.82
5779,34842.0,49.0,2,64.4,-0.08
5780,18273.0,8.5,2,60.6,-9.9
5781,20070.0,78.5,2,56.3,0.92
5782,18212.0,14.0,4,67.9,4.23
5783,44057.0,33.3,5,50.2,6.1
5784,29323.0,77.9,3,62.1,16.43
5785,1944.0,13.9,3,34.8,7.05
5786,2294.0,12.2,3,62.5,17.11
5787,4214.0,19.0,2,56.8,0.77
5788,7304.0,19.4,4,85.8,-5.28
5789,14077.0,34.6,2,67.3,12.07
5790,9632.0,27.3,6,72.2,-5.65
5791,20918.0,27.7,3,30.1,-9.61
5792,33710.0,27.9,3,59.8,-0.61
5793,10109.0,33.5,3,51.0,7.34
5794,38580.0,22.2,4,80.7,14.12
5795,15750.0,45.8,4,76.5,4.43
5796,19971.0,37.4,4,66.4,12.4
5797,26121.0,20.1,1,66.9,4.16
5798,20071.0,114.5,1,66.2,-10.14
5799,12397.0,17.2,3,64.2,-5.45
5800,1388.0,58.8,4,72.6,-10.52
5801,33242.0,23.8,2,71.9,2.52
5802,7270.0,46.8,3,63.1,-14.26
5803,26916.0,51.7,5,56.2,-8.42
5804,21996.0,63.7,3,84.2,-3.14
5805,11581.0,89.9,5,59.8,12.21
5806,27339.0,22.5,1,56.2,8.98
5807,9356.0,217.3,3,92.7,0.83
5808,3989.0,48.4,4,66.2,5.97
5809,19262.0,23.0,4,63.2,1.98
5810,11274.0,16.5,6,48.8,28.44
5811,5243.0,159.6,2,52.7,-10.61
5812,5178.0,104.1,2,81.5,-13.91
5813,3126.0,37.6,4,61.3,-12.99
5814,34866.0,60.7,5,79.0,-8.6
5815,19610.0,85.4,3,52.4,0.92
5816,40797.0,40.6,1,75.2,12.29
5817,3857.0,29.5,5,67.2,1.85
5818,9343.0,37.4,1,60.6,1.56
5819,14132.0,64.0,1,44.4,2.56
5820,14104.0,38.8,3,81.7,5.57
5821,2819.0,18.0,4,67.4,-4.29
5822,11381.0,60.8,3,65.6,9.37
5823,8593.0,13.3,5,76.5,3.33
5824,3726.0,24.2,3,53.9,5.9
5825,6344.0,81.9,4,83.0,8.6
5826,2946.0,44.3,3,75.8,8.78
5827,9306.0,44.2,9,72.8,10.71
5828,11947.0,40.9,3,73.4,-3.97
5829,7752.0,72.2,3,58.3,7.87
5830,16157.0,37.1,3,64.3,-10.04
5831,39202.0,11.6,1,71.6,-14.87
5832,14323.0,44.5,7,60.2,0.32
5833,25891.0,5.8,1,82.5,7.23
5834,2398.0,10.9,3,76.2,7.85
5835,19855.0,101.1,2,83.0,6.76
5836,30392.0,72.4,5,48.3,11.09
5837,2744.0,28.8,2,84.8,-12.03
5838,40001.0,36.5,3,60.5,-1.29
5839,3553.0,40.3,3,57.2,1.54
5840,30589.0,70.7,4,62.8,-3.6
5841,9615.0,23.8,2,83.3,6.42
5842,16127.0,22.3,6,71.8,8.66
5843,48347.0,26.0,1,71.1,6.27
5844,30457.0,41.6,0,78.7,4.56
5845,19423.0,44.9,4,79.3,23.95
5846,6431.0,30.0,2,80.1,4.23
5847,5624.0,60.9,4,77.6,3.8
5848,7884.0,20.4,3,70.0,14.31
5849,11794.0,36.4,2,72.5,19.64
5850,13955.0,25.0,3,50.0,-4.39
5851,15835.0,20.6,5,64.5,-5.11
5852,5529.0,81.1,5,40.0,15.54
5853,5730.0,31.4,4,65.1,13.54
5854,29403.0,20.6,2,67.4,11.14
5855,15236.0,39.1,3,57.1,1.44
5856,5280.0,20.7,0,59.9,9.5
5857,16439.0,55.1,6,78.7,-8.69
5858,28921.0,64.4,4,61.9,-6.39
5859,20150.0,71.7,3,66.3,17.39
5860,4747.0,20.0,4,88.8,-7.35
5861,9442.0,34.9,5,69.9,2.32
5862,2815.0,118.5,6,77.0,9.25
5863,8595.0,33.5,3,71.4,6.46
5864,4433.0,83.1,1,72.8,-5.9
5865,1960.0,97.5,2,79.5,-1.5
5866,11280.0,16.4,3,63.3,8.8
5867,6802.0,80.4,3,74.8,-0.16
5868,2617.0,60.7,2,60.1,18.15
5869,14768.0,65.5,0,60.9,2.45
5870,23707.0,108.0,3,73.2,19.63
5871,6523.0,50.8,3,58.4,3.49
5872,28117.0,40.2,3,34.5,14.45
5873,5167.0,55.7,2,62.9,7.47
5874,24812.0,31.0,4,81.0,4.22
5875,612.0,51.9,2,53.6,-8.27
5876,19932.0,11.1,1,72.5,8.68
5877,16878.0,110.6,2,61.1,4.26
5878,20969.0,27.6,5,47.4,6.71
5879,16972.0,53.3,6,61.6,-1.2
5880,19350.0,46.4,1,38.1,-4.72
5881,9429.0,40.8,4,79.5,-4.96
5882,3027.0,41.0,3,60.6,2.57
5883,26785.0,39.8,5,69.7,11.48
5884,6925.0,14.0,4,65.1,0.43
5885,37107.0,27.4,0,47.4,-6.33
5886,5750.0,79.6,5,60.4,-3.95
5887,13825.0,20.4,2,79.1,-6.72
5888,5234.0,20.0,0,74.6,-11.0
5889,19153.0,140.0,0,60.6,-0.06
5890,2474.0,80.2,3,56.4,-2.5
5891,12387.0,99.7,1,64.1,0.08
5892,9145.0,37.9,1,49.5,19.85
5893,13903.0,45.1,1,67.9,11.57
5894,2791.0,61.0,1,45.5,16.07
5895,16105.0,53.9,2,56.0,3.59
5896,12407.0,36.2,4,74.9,5.73
5897,53328.0,15.6,2,64.8,-3.64
5898,10123.0,24.3,3,57.1,-12.08
5899,3358.0,15.1,4,66.6,-10.49
5900,16678.0,99.9,2,61.7,0.18
5901,27051.0,29.8,3,67.8,7.57
5902,29751.0,34.0,4,77.7,23.08
5903,489.0,45.2,2,63.7,2.74
5904,12157.0,38.3,7,44.7,-10.05
5905,11289.0,52.3,2,69.9,0.09
5906,20608.0,25.8,5,55.4,7.86
5907,1581.0,14.9,2,78.5,-6.78
5908,32816.0,110.5,3,76.5,-0.83
5909,6546.0,24.4,4,64.7,7.85
5910,3543.0,28.2,4,70.3,4.48
5911,13343.0,23.2,3,47.6,7.3
5912,15980.0,26.9,3,44.3,4.05
5913,3820.0,38.1,1,60.8,3.35
5914,27054.0,59.4,4,69.0,15.56
5915,17754.0,19.7,4,81.0,11.51
5916,10638.0,44.8,2,57.0,5.84
5917,17171.0,24.9,4,54.0,8.28
5918,18931.0,78.1,7,54.8,3.18
5919,22893.0,17.7,4,56.1,3.2
5920,18179.0,39.8,5,67.0,7.3
5921,15449.0,57.9,5,48.0,5.57
5922,31167.0,16.3,4,73.9,26.18
5923,20942.0,40.0,4,49.4,6.02
5924,27190.0,40.8,2,91.7,7.55
5925,8209.0,23.0,3,63.4,22.66
5926,12332.0,32.7,4,66.1,-4.15
5927,18409.0,68.2,5,45.3,4.97
5928,7500.0,43.3,4,68.4,15.1
5929,18645.0,28.9,4,42.3,5.92
5930,62613.0,32.8,3,74.9,3.7
5931,12383.0,48.9,2,57.3,-3.24
5932,32192.0,80.5,1,67.9,4.25
5933,2171.0,60.3,3,71.0,-2.13
5934,13764.0,58.0,5,76.0,13.27
5935,1916.0,96.1,0,80.9,9.06
5936,11749.0,14.5,1,78.3,1.57
5937,10528.0,15.5,3,73.8,14.24
5938,28793.0,9.3,6,57.7,-4.81
5939,27515.0,61.5,5,51.5,-3.44
5940,9579.0,9.2,4,73.8,10.64
5941,8840.0,36.0,6,68.8,6.56
5942,2521.0,58.4,1,58.8,-5.91
5943,39653.0,15.9,5,64.3,-2.45
5944,32446.0,24.7,4,76.1,2.06
5945,7237.0,31.5,1,75.7,-1.54
5946,426.0,57.4,6,57.8,5.91
5947,20901.0,14.7,1,49.4,3.12
5948,1412.0,44.7,2,42.3,8.35
5949,15980.0,56.2,4,59.5,3.5
5950,62603.0,40.2,4,61.2,7.18
5951,3118.0,40.5,4,49.3,0.28
5952,15306.0,78.3,1,77.5,7.43
5953,2760.0,42.1,3,87.4,7.1
5954,9534.0,36.3,2,55.9,10.2
5955,11987.0,30.0,2,73.7,7.09
5956,28344.0,54.5,1,63.6,0.63
5957,23475.0,30.9,6,71.8,3.48
5958,5643.0,54.5,1,67.1,15.39
5959,20122.0,39.0,2,64.1,1.75
5960,15860.0,72.6,2,76.2,4.62
5961,10994.0,22.8,4,73.3,17.88
5962,8373.0,38.4,5,60.2,9.64
5963,18791.0,45.3,4,70.8,10.04
5964,34706.0,47.1,4,58.0,-3.64
5965,8679.0,72.7,1,64.6,-3.78
5966,2652.0,46.6,1,72.2,6.51
5967,69475.0,63.3,5,70.6,22.56
5968,20604.0,119.7,7,46.7,-11.65
5969,25495.0,61.0,0,72.0,-10.66
5970,23100.0,19.4,1,50.9,8.91
5971,10367.0,15.5,2,67.7,6.24
5972,13930.0,54.9,7,73.4,-4.55
5973,51323.0,29.2,3,47.4,11.85
5974,2792.0,43.7,4,52.4,5.63
5975,14343.0,33.0,4,74.7,-0.21
5976,23899.0,80.6,3,68.8,3.22
5977,17498.0,75.5,1,40.6,-0.78
5978,7816.0,18.6,4,76.4,6.57
5979,19519.0,43.2,6,57.8,-2.2
5980,12092.0,30.6,2,51.2,-5.94
5981,6211.0,16.7,2,68.1,-2.36
5982,6678.0,54.1,5,57.6,7.08
5983,11327.0,33.6,3,65.6,13.66
5984,21366.0,47.9,1,68.2,-1.64
5985,37200.0,162.6,3,93.8,-4.98
5986,10246.0,81.5,5,76.0,6.44
5987,3807.0,71.2,4,68.1,13.56
5988,21138.0,28.7,5,66.3,0.57
5989,5254.0,18.0,4,69.2,17.02
5990,41387.0,77.6,4,70.9,-2.87
5991,2931.0,30.5,4,57.7,16.32
5992,14632.0,37.6,4,71.1,9.9
5993,14417.0,29.2,2,56.9,-10.8
5994,17014.0,38.9,3,58.4,8.52
5995,27933.0,155.7,6,64.0,1.98
5996,17798.0,30.3,2,77.1,2.39
5997,8462.0,30.9,4,74.8,-2.43
5998,7116.0,41.4,4,30.1,4.07
5999,7303.0,43.5,5,79.4,-1.77
6000,9257.0,17.8,7,65.8,5.09
