student_id,study_hours,attendance_pct,mock_test_1,mock_test_2,mock_test_3,income_bracket,city,enrollment_date,shoe_size,lucky_number,final_score
309,12.3,70.2,18.6,26.1,20.0,High,Pune,2024-09-20,10.5,75,75.6
14,14.5,73.7,23.2,35.1,40.0,Medium,Delhi,2025-04-17,8.4,64,81.0
415,8.9,89.8,87.7,87.2,82.7,Medium,Pune,2024-10-07,9.9,14,92.7
33,8.0,68.3,58.4,56.5,54.0,Medium,Mumbai,2024-01-13,9.7,91,76.7
461,11.3,99.3,75.4,66.9,66.8,Low,Delhi,2025-07-29,9.2,86,100.0
156,17.1,79.8,52.3,65.3,58.1,Medium,Mumbai,2025-08-31,8.5,16,100.0
250,5.3,61.6,42.0,43.6,41.1,Low,Delhi,2024-03-25,8.6,9,57.5
218,15.3,85.3,23.1,25.7,27.2,Low,Mumbai,2024-03-06,9.9,47,84.5
222,11.0,91.9,71.0,74.7,87.1,Medium,Mumbai,2024-10-18,4.9,72,94.7
294,,80.9,26.3,25.5,25.0,Low,Pune,2025-08-14,6.1,60,52.8
133,12.5,68.9,50.6,47.4,49.4,Medium,Mumbai,2025-10-03,8.0,75,86.5
466,8.2,54.5,63.5,56.0,51.0,Low,Mumbai,2025-01-22,7.9,43,66.6
439,7.4,89.1,37.2,47.3,38.9,Low,Mumbai,2024-03-16,6.7,16,75.0
180,11.1,72.5,64.6,64.0,69.0,High,Mumbai,2024-12-10,8.5,31,85.7
498,8.7,76.8,42.2,29.6,56.7,High,Pune,2025-07-29,7.0,59,81.6
391,0.8,62.5,56.1,38.2,45.0,Medium,Pune,2024-09-05,7.7,47,56.3
483,10.4,78.4,61.9,63.0,60.5,Medium,Pune,2024-06-23,8.3,38,85.8
473,8.9,78.3,60.4,61.8,59.6,Low,Pune,2025-04-29,8.0,99,82.0
417,14.4,96.5,89.7,89.0,100.0,Medium,Mumbai,2024-09-05,6.6,45,100.0
303,13.5,80.2,67.4,52.6,74.5,Low,Bengaluru,2024-01-09,6.6,64,89.7
139,18.0,83.7,58.7,60.6,62.7,Low,Bengaluru,2024-12-09,7.1,55,100.0
229,6.6,57.9,68.8,81.5,79.4,Low,Pune,2025-10-15,7.6,42,68.5
322,9.2,96.6,56.2,59.1,53.4,High,Pune,2025-01-28,10.5,78,84.2
102,15.2,66.3,76.0,58.9,77.7,Medium,Delhi,2025-07-13,7.4,33,83.4
206,,60.4,61.3,48.1,48.8,Medium,Delhi,2024-02-25,5.9,99,77.6
378,2.0,71.7,73.5,58.5,59.4,Low,Mumbai,2024-09-30,6.5,64,64.7
119,16.4,65.8,67.2,66.6,60.7,Low,Mumbai,2025-03-28,5.4,13,87.6
61,3.3,73.9,55.3,49.0,59.8,High,Delhi,2024-12-13,8.0,8,68.9
91,12.7,56.7,42.7,52.2,46.1,High,Delhi,2025-05-22,7.9,87,79.3
362,11.5,53.4,67.2,67.8,77.5,High,Bengaluru,2025-03-28,8.0,92,84.1
400,7.2,52.0,32.4,42.4,43.7,Medium,Pune,2025-06-30,5.7,99,65.5
355,14.3,79.2,91.5,81.6,83.8,Medium,Pune,2024-07-18,6.2,91,99.6
52,12.5,83.3,52.6,49.6,56.3,Low,Pune,2024-07-08,7.7,22,90.7
354,13.3,75.5,69.3,66.5,66.7,Low,Pune,2025-01-19,10.8,7,93.3
244,4.1,47.1,44.2,57.7,41.4,Low,Mumbai,2025-07-22,10.4,37,48.3
468,17.7,63.9,39.1,47.5,35.5,Low,Mumbai,2024-05-02,8.2,2,86.3
447,14.3,80.0,90.4,92.6,100.0,Low,Mumbai,2024-06-25,7.0,96,100.0
213,10.1,59.5,61.1,65.0,56.8,Low,Pune,2024-06-27,11.2,42,78.8
405,12.1,65.7,55.0,46.1,48.8,Medium,Bengaluru,2025-02-08,8.5,40,78.1
246,4.9,89.0,56.4,57.3,68.0,Medium,Bengaluru,2024-10-03,12.9,14,72.5
237,1.4,86.7,52.2,60.2,54.7,Low,Delhi,2024-05-23,7.8,48,69.5
356,10.9,75.2,62.8,53.9,76.4,Low,Delhi,2025-04-09,10.3,93,89.8
83,8.5,70.6,69.8,59.6,66.0,Low,Bengaluru,2024-03-21,7.9,92,79.1
364,5.8,76.3,79.1,75.8,91.3,Low,Delhi,2024-04-15,4.9,51,75.7
295,9.1,48.2,52.8,70.9,70.5,Low,Pune,2025-07-23,6.4,77,66.2
116,7.9,55.8,64.4,59.6,57.1,Medium,Bengaluru,2025-11-19,6.9,22,63.8
262,8.9,84.5,56.8,56.8,51.8,Low,Mumbai,2024-01-31,7.9,61,80.0
241,6.5,90.0,76.8,86.5,74.0,High,Mumbai,2024-02-22,8.7,76,93.1
424,4.1,66.4,87.8,78.4,77.2,Low,Pune,2024-09-10,7.9,95,72.7
414,,65.7,61.4,70.3,65.5,Medium,Mumbai,2024-08-25,8.3,14,96.1
463,3.6,60.0,45.6,46.3,49.0,Low,Mumbai,2025-07-30,6.6,39,66.9
490,12.7,67.8,54.5,62.7,71.0,Medium,Delhi,2024-05-29,8.0,18,81.5
377,9.2,74.8,72.7,71.4,60.4,Medium,Mumbai,2025-06-16,5.8,5,84.5
259,9.5,84.6,79.9,92.6,90.6,Low,Bengaluru,2025-09-14,8.9,46,94.6
398,10.9,62.1,60.0,56.2,57.7,Low,Bengaluru,2024-07-16,9.3,31,75.8
456,10.6,95.6,52.1,58.8,52.2,Low,Delhi,2025-03-21,8.8,58,99.1
203,10.4,59.5,67.2,66.8,71.3,Medium,Bengaluru,2025-08-02,6.8,34,72.2
268,11.4,66.7,75.0,68.6,80.4,Low,Mumbai,2025-10-15,8.3,20,84.0
189,4.5,68.1,68.3,81.3,76.9,Low,Delhi,2025-07-31,8.5,4,69.1
163,18.5,61.5,55.6,64.0,54.1,Low,Pune,2024-06-20,8.5,17,95.3
499,2.0,77.0,67.5,67.4,75.6,Low,Bengaluru,2024-06-12,8.8,10,64.4
221,9.1,73.6,65.6,59.9,60.4,Medium,Mumbai,2024-05-28,5.5,43,78.5
319,14.0,79.1,40.6,51.1,42.2,Low,Bengaluru,2025-03-17,8.7,2,90.3
457,14.3,67.7,99.9,100.0,97.7,Low,Mumbai,2025-10-05,8.6,18,99.6
66,13.2,86.1,55.3,58.1,53.4,High,Mumbai,2025-03-04,8.0,32,97.7
260,4.5,81.6,53.2,56.1,58.0,High,Pune,2025-02-08,8.3,25,62.7
437,7.9,57.7,53.2,47.5,42.8,High,Bengaluru,2025-11-03,6.9,57,79.4
351,11.5,69.6,52.4,60.1,55.3,Low,Mumbai,2024-08-21,8.7,63,79.5
361,9.4,60.3,58.3,63.8,45.5,Medium,Bengaluru,2025-05-29,7.3,48,79.1
471,11.4,70.8,60.2,58.9,67.8,Medium,Delhi,2025-07-26,8.0,72,80.3
296,10.7,73.2,70.7,78.2,76.7,Medium,Pune,2025-02-03,8.6,41,88.4
31,18.6,69.6,81.1,85.7,84.7,Low,Pune,2024-07-22,8.7,22,100.0
23,14.9,95.0,64.7,66.9,64.9,High,Bengaluru,2024-06-01,6.1,4,100.0
257,11.7,61.2,81.9,73.6,75.4,High,Mumbai,2024-04-12,10.1,47,86.3
32,8.4,60.9,64.9,60.1,66.3,High,Delhi,2024-08-10,6.7,18,78.7
423,7.6,76.8,54.3,75.2,58.2,Medium,Delhi,2024-06-10,6.1,93,81.5
53,4.2,79.4,58.2,68.6,59.0,Medium,Bengaluru,2024-09-12,8.3,72,67.7
477,14.3,91.6,80.1,79.3,86.7,High,Delhi,2025-02-08,8.6,36,100.0
243,3.0,59.7,88.3,76.9,80.3,Medium,Bengaluru,2024-05-08,7.4,87,70.0
265,11.9,80.1,52.9,62.1,56.0,Medium,Pune,2024-06-25,6.7,44,93.5
90,11.8,99.2,53.1,58.7,59.6,High,Bengaluru,2025-04-20,6.8,85,100.0
57,8.9,63.7,57.9,59.3,49.7,Low,Mumbai,2025-10-12,8.9,16,75.4
315,13.3,65.6,69.5,71.5,68.5,Medium,Bengaluru,2024-08-09,5.6,29,91.6
3,13.0,64.2,61.7,56.4,59.8,Medium,Mumbai,2025-09-19,9.2,74,86.4
59,6.5,56.3,66.6,58.2,70.4,High,Bengaluru,2024-11-27,8.2,43,70.7
214,8.1,74.8,48.6,60.0,42.5,Low,Bengaluru,2024-05-01,9.5,85,74.7
223,10.7,40.8,62.2,66.7,55.8,Medium,Pune,2025-06-21,8.5,79,73.1
448,8.7,31.0,77.3,80.0,85.3,Medium,Bengaluru,2024-12-31,6.5,73,63.6
201,11.4,91.7,33.4,36.9,45.3,Medium,Pune,2024-04-06,8.5,34,92.1
75,10.6,77.8,37.6,46.6,45.9,Medium,Bengaluru,2024-08-19,7.9,64,89.3
320,5.3,57.9,76.3,76.2,82.9,Low,Pune,2025-10-02,7.6,23,69.5
249,21.6,69.4,54.5,57.1,56.4,Low,Pune,2025-07-06,8.6,81,100.0
410,4.8,58.9,70.3,64.5,71.0,Medium,Delhi,2024-02-09,7.6,32,67.9
121,5.9,68.4,70.2,70.1,62.6,Low,Pune,2024-12-01,9.2,2,64.9
81,11.8,38.9,70.8,66.1,57.7,Medium,Delhi,2024-05-14,9.1,75,77.0
236,7.4,77.4,53.6,41.8,45.7,Low,Bengaluru,2024-12-19,8.8,77,75.9
27,12.1,96.8,34.5,30.7,26.9,Medium,Delhi,2025-05-17,11.4,14,86.7
169,9.4,67.2,55.5,49.4,53.7,Low,Pune,2024-12-13,5.2,64,72.1
452,,81.8,69.1,65.2,72.2,Low,Bengaluru,2025-06-16,7.7,59,86.1
239,5.8,50.7,64.4,63.9,84.0,Low,Bengaluru,2025-03-26,10.1,98,65.5
343,10.3,100.0,71.9,54.3,70.1,Low,Mumbai,2024-07-17,12.5,20,92.3
360,9.4,85.0,47.8,65.6,50.9,Medium,Mumbai,2024-07-19,8.2,50,83.2
110,3.1,83.1,70.3,73.9,64.6,High,Bengaluru,2025-02-17,6.8,34,74.0
51,11.2,80.8,32.0,46.0,31.3,Low,Bengaluru,2025-03-16,9.0,89,85.4
453,17.8,82.2,47.8,61.7,56.7,Medium,Delhi,2025-04-07,5.8,46,95.9
290,9.6,72.7,78.5,62.9,69.7,Low,Pune,2025-09-30,6.8,80,84.2
15,11.9,86.9,34.2,53.9,45.1,Low,Bengaluru,2024-05-19,6.4,19,86.9
363,14.0,74.1,42.5,31.9,29.3,Low,Pune,2024-02-10,7.6,83,83.7
115,10.3,62.9,57.5,64.5,50.4,Low,Pune,2025-08-24,8.1,97,82.1
369,10.8,66.2,76.5,73.4,79.1,Medium,Delhi,2024-11-01,8.5,54,86.6
4,13.8,52.5,71.5,71.0,72.4,High,Delhi,2024-11-21,8.5,98,85.1
205,1.8,90.7,51.7,56.7,51.5,High,Mumbai,2025-05-26,8.1,77,70.3
60,13.9,61.7,65.8,60.1,75.6,Medium,Delhi,2025-02-09,11.3,31,89.8
272,11.3,95.4,82.2,75.2,85.2,Low,Delhi,2024-01-10,7.1,59,99.9
160,5.3,70.1,39.5,34.3,41.4,Medium,Delhi,2025-08-24,10.1,91,59.9
407,9.5,71.6,64.0,65.6,70.7,High,Delhi,2024-07-08,7.0,95,85.2
99,11.6,78.6,84.1,63.8,63.1,Medium,Bengaluru,2025-08-26,6.8,16,91.9
147,7.6,84.2,66.4,61.4,76.9,Low,Delhi,2024-04-24,8.5,79,74.3
41,13.0,49.7,44.1,51.2,48.6,Low,Mumbai,2024-04-08,9.5,64,79.3
166,6.4,49.4,42.9,54.6,47.8,High,Mumbai,2024-11-26,8.4,58,60.9
42,12.2,62.6,79.6,78.6,77.1,Medium,Delhi,2024-09-09,7.5,98,83.9
341,0.8,100.0,44.5,56.9,47.0,Low,Delhi,2024-11-18,7.2,3,63.7
188,5.1,97.5,67.0,62.7,64.0,Medium,Mumbai,2025-02-28,7.7,15,81.1
327,,75.5,69.6,51.1,75.4,Low,Pune,2025-11-26,7.1,23,68.2
334,5.9,69.3,66.5,63.8,58.1,High,Bengaluru,2025-01-10,8.5,87,71.8
299,3.0,90.4,39.3,39.6,46.1,Medium,Mumbai,2024-09-18,7.4,40,61.2
80,8.8,80.5,83.6,76.0,89.8,Low,Bengaluru,2025-01-08,9.3,93,85.8
165,13.4,73.8,52.4,48.9,42.7,Low,Bengaluru,2025-06-21,13.2,44,85.7
29,11.7,78.9,47.1,61.2,66.4,Low,Pune,2025-10-08,7.5,87,85.7
146,8.3,72.9,70.7,66.2,69.4,Medium,Mumbai,2024-12-01,6.5,42,80.3
365,9.5,64.6,56.0,69.5,47.8,Medium,Mumbai,2025-02-16,9.7,16,79.4
238,9.3,87.1,67.4,68.0,67.1,Medium,Delhi,2025-09-28,7.8,97,85.2
278,5.6,81.0,85.6,95.6,81.5,Medium,Bengaluru,2025-02-28,6.8,45,81.4
58,16.0,59.5,70.8,55.3,71.2,Medium,Delhi,2025-05-18,6.9,86,79.6
454,18.3,57.6,50.1,49.1,39.0,Medium,Pune,2025-05-31,7.9,44,86.1
63,,75.8,48.3,54.8,61.1,Low,Mumbai,2024-02-15,7.7,72,77.2
112,,78.5,54.4,58.9,60.9,Medium,Pune,2025-12-01,7.3,69,82.6
85,5.2,85.7,60.9,67.8,64.4,Low,Mumbai,2025-11-27,9.6,51,72.3
485,9.8,80.6,66.9,71.1,63.7,Medium,Mumbai,2025-01-22,7.9,98,85.4
373,13.4,85.9,62.4,65.4,59.6,Medium,Delhi,2024-05-23,8.8,74,93.1
148,9.4,49.0,61.3,59.9,51.2,Low,Mumbai,2024-02-24,9.1,87,70.1
345,16.5,77.0,36.7,49.4,40.5,Low,Pune,2024-04-23,8.2,81,92.1
130,6.3,38.8,35.0,34.9,28.3,Medium,Mumbai,2025-11-05,4.4,91,48.7
432,11.9,81.7,43.6,52.2,51.3,Low,Pune,2025-04-27,7.9,48,84.5
97,4.7,67.2,85.6,88.9,91.1,Low,Delhi,2024-08-21,10.1,37,73.4
469,14.4,88.9,36.0,42.6,50.8,Low,Mumbai,2025-04-25,6.4,22,90.9
269,10.2,55.8,64.2,58.7,74.7,Medium,Mumbai,2025-10-31,8.0,85,71.4
142,6.0,85.5,28.2,23.2,24.7,Medium,Mumbai,2024-08-25,6.9,13,72.7
451,9.5,49.1,55.5,51.9,48.1,High,Bengaluru,2024-08-27,5.9,73,69.5
325,17.3,47.1,58.2,49.1,63.5,High,Bengaluru,2025-07-09,9.6,55,82.1
301,16.9,62.3,60.6,57.9,59.2,Low,Bengaluru,2024-10-27,7.6,13,91.4
293,15.9,82.7,55.7,61.3,49.4,Medium,Delhi,2024-08-25,7.7,6,91.4
284,11.8,88.4,66.0,73.6,78.3,Medium,Pune,2024-08-03,8.4,61,99.0
475,12.5,60.0,49.1,51.7,57.9,Medium,Bengaluru,2025-09-10,7.6,90,81.4
233,11.3,83.2,41.0,34.5,52.6,High,Delhi,2025-05-13,7.5,24,92.6
247,5.6,100.0,50.4,44.3,60.1,Low,Mumbai,2024-04-30,6.2,84,75.0
82,7.4,57.7,56.8,60.1,63.5,Medium,Delhi,2025-11-13,8.9,64,66.5
396,10.6,90.7,84.4,81.0,80.7,Medium,Bengaluru,2025-10-02,6.3,65,100.0
311,14.7,72.0,30.6,47.3,38.5,High,Pune,2024-03-06,7.0,19,88.2
493,8.9,100.0,52.1,55.3,50.3,Low,Mumbai,2024-07-04,6.8,84,79.3
422,6.7,62.0,63.0,55.2,58.2,High,Pune,2025-03-29,6.5,28,71.6
337,7.3,70.1,68.3,83.6,70.4,Low,Pune,2025-01-07,8.4,92,76.7
174,5.1,55.2,47.7,37.7,47.9,Low,Delhi,2024-03-26,7.4,87,65.6
302,3.9,58.7,31.4,23.4,34.6,High,Bengaluru,2025-08-23,7.4,34,56.7
54,8.7,100.0,94.5,100.0,84.2,Low,Pune,2024-07-27,6.2,11,100.0
409,,76.0,57.0,45.6,52.7,Medium,Delhi,2025-06-08,7.4,17,64.0
140,21.7,82.9,58.8,67.6,56.5,Medium,Delhi,2025-08-25,9.7,80,100.0
264,,84.6,46.9,52.1,58.6,Medium,Bengaluru,2024-02-10,8.0,90,81.7
275,16.3,75.2,57.4,51.4,48.1,Medium,Pune,2024-08-22,7.3,35,92.3
67,8.6,72.6,36.9,49.7,45.1,Low,Delhi,2025-01-26,5.8,55,70.9
495,8.8,73.4,55.2,61.2,51.8,High,Mumbai,2024-05-10,6.9,78,79.4
254,6.1,100.0,61.1,50.2,65.2,Medium,Mumbai,2025-09-30,9.7,17,79.4
285,5.6,75.2,65.0,63.7,63.2,Medium,Bengaluru,2024-01-09,9.7,77,73.4
359,6.5,45.9,56.2,61.1,51.8,High,Pune,2024-09-06,6.7,86,73.9
100,6.4,48.4,72.2,87.9,84.9,High,Bengaluru,2025-03-18,4.1,45,73.6
317,10.3,69.0,60.9,55.2,48.2,High,Mumbai,2024-01-25,9.9,59,87.8
149,14.3,77.5,74.2,73.1,77.0,Low,Bengaluru,2024-02-07,7.9,41,98.4
16,6.6,80.2,45.9,45.6,41.2,Low,Bengaluru,2024-02-17,7.5,88,69.4
164,6.7,69.9,48.2,41.2,28.8,Low,Delhi,2024-07-27,7.8,9,67.7
464,1.7,73.4,65.5,59.8,62.5,Medium,Delhi,2024-11-14,8.5,94,71.4
47,13.5,78.1,41.3,55.9,50.1,Medium,Delhi,2025-11-03,5.7,74,90.4
87,8.1,57.4,25.0,38.5,39.5,Low,Pune,2025-07-01,7.1,63,64.3
38,6.6,92.2,41.5,57.6,41.9,Low,Delhi,2025-05-18,8.3,62,78.0
411,4.1,63.7,49.0,48.3,50.8,Medium,Delhi,2025-02-01,8.9,71,62.3
381,10.4,78.4,82.7,76.7,80.2,Medium,Delhi,2024-01-06,7.5,65,92.3
194,15.8,41.2,68.1,71.5,69.1,Low,Mumbai,2024-11-16,9.6,8,76.6
173,8.2,64.3,59.1,56.4,55.5,Low,Pune,2025-01-15,5.4,39,73.2
74,12.0,61.5,36.0,34.5,37.2,High,Mumbai,2025-01-30,9.3,45,77.8
271,7.1,100.0,80.3,85.6,88.9,High,Bengaluru,2025-07-14,8.8,42,89.0
105,6.3,65.5,41.7,41.9,50.6,Low,Mumbai,2024-05-10,9.3,70,66.9
207,6.6,61.3,46.6,46.6,51.7,Medium,Pune,2025-10-18,11.5,33,66.2
297,11.2,89.9,34.4,51.8,39.7,Medium,Bengaluru,2025-10-15,10.8,16,88.2
17,11.5,85.0,56.5,60.6,60.8,Medium,Mumbai,2024-09-14,7.0,85,89.9
307,8.7,73.0,47.9,56.7,55.4,High,Bengaluru,2024-10-24,7.3,38,74.8
462,6.7,77.0,45.3,41.3,49.0,Medium,Mumbai,2024-08-21,5.9,51,72.3
89,11.9,78.5,63.9,66.0,71.7,Low,Bengaluru,2024-11-09,8.6,28,89.3
376,19.3,45.6,54.5,50.8,52.0,Medium,Pune,2025-08-11,8.1,71,97.3
141,11.7,52.6,77.0,85.2,89.3,Medium,Bengaluru,2024-04-22,9.5,45,83.2
195,5.6,62.6,81.5,90.0,97.4,Low,Pune,2025-03-07,8.9,79,72.9
103,8.6,94.1,76.6,64.7,68.4,High,Bengaluru,2025-08-10,7.2,53,99.9
385,3.6,58.6,21.7,37.8,33.7,Medium,Delhi,2024-11-12,8.5,95,52.4
175,4.9,87.5,57.4,60.7,57.3,Medium,Bengaluru,2024-11-28,10.2,69,74.4
171,7.4,86.8,42.2,37.7,46.9,Medium,Bengaluru,2025-09-26,11.0,93,78.2
240,7.9,41.3,83.9,81.4,91.6,High,Mumbai,2025-10-12,9.8,44,67.9
158,13.9,77.7,71.5,77.2,76.4,Medium,Pune,2025-07-21,6.4,68,99.7
71,4.9,53.3,57.2,55.0,70.7,Low,Bengaluru,2025-03-12,7.2,48,61.9
134,9.1,45.9,80.6,82.7,80.8,High,Mumbai,2024-04-17,8.8,31,80.9
460,9.9,81.1,61.8,53.9,77.1,Low,Mumbai,2024-02-07,7.4,68,80.7
494,11.8,94.7,49.7,39.4,58.3,High,Delhi,2024-08-03,8.4,78,89.8
368,6.7,68.9,84.0,77.6,89.1,Low,Delhi,2024-11-21,7.2,27,74.4
217,12.2,51.5,29.3,32.9,33.5,Medium,Pune,2025-09-27,6.5,1,72.6
228,17.5,86.5,48.2,54.8,50.3,Medium,Mumbai,2024-12-20,10.1,67,100.0
329,5.3,93.2,52.9,59.2,48.2,Medium,Bengaluru,2025-07-03,8.0,53,79.4
388,12.1,68.5,44.9,47.7,44.6,Low,Mumbai,2024-11-02,4.7,8,84.5
342,11.2,75.5,66.5,65.3,73.0,Medium,Mumbai,2025-02-09,6.6,37,87.5
358,11.1,81.4,58.7,54.3,53.2,High,Mumbai,2025-07-29,8.9,50,88.5
19,13.5,88.5,53.1,58.4,58.3,High,Mumbai,2024-09-29,7.0,87,100.0
178,10.6,81.3,64.4,65.3,65.3,High,Mumbai,2024-05-08,7.0,16,84.6
383,3.6,58.3,52.5,46.0,59.8,Low,Delhi,2025-07-23,10.9,2,64.4
21,,60.4,57.5,65.2,63.8,High,Bengaluru,2025-02-09,7.6,97,78.4
56,7.4,70.4,78.3,85.6,79.8,Medium,Pune,2025-06-20,8.9,97,88.0
281,11.9,74.2,82.8,85.3,86.9,Low,Mumbai,2024-11-28,9.7,74,91.5
426,8.6,100.0,39.2,53.1,51.7,Medium,Mumbai,2024-11-15,7.0,32,87.1
427,13.2,72.5,68.9,85.0,77.2,Medium,Delhi,2024-05-13,10.3,24,91.5
35,12.5,51.5,64.1,52.8,51.0,Medium,Bengaluru,2024-06-18,8.4,2,71.6
182,,84.4,66.7,74.2,71.5,Low,Pune,2025-01-04,9.6,4,89.9
185,11.7,68.5,56.0,49.4,50.9,High,Mumbai,2025-05-18,6.0,4,88.0
151,9.4,100.0,59.7,62.4,56.4,High,Delhi,2024-07-01,7.5,11,91.4
208,5.1,83.4,48.4,49.4,29.6,Low,Pune,2025-07-10,8.0,35,72.3
339,,100.0,100.0,100.0,100.0,Low,Bengaluru,2024-03-26,7.9,25,100.0
245,18.5,76.5,79.7,78.6,81.8,Low,Pune,2025-04-20,8.8,26,100.0
366,,87.5,66.6,74.5,58.1,Low,Pune,2025-06-17,7.9,44,98.9
435,13.7,79.6,55.5,62.1,59.0,Medium,Pune,2024-11-25,7.8,56,94.2
98,6.0,87.2,68.8,62.6,69.1,Low,Pune,2025-01-10,6.2,28,76.6
484,12.3,86.0,63.4,64.7,66.5,Low,Bengaluru,2025-08-11,8.6,70,87.5
442,11.3,88.3,66.0,68.8,73.0,High,Delhi,2024-06-23,8.6,5,92.3
155,9.8,83.8,69.0,71.8,70.3,High,Delhi,2024-04-01,6.9,45,100.0
123,10.9,79.0,53.3,43.9,58.0,Medium,Bengaluru,2025-01-09,7.7,43,75.2
114,4.2,81.7,56.9,57.6,54.0,Low,Bengaluru,2024-02-04,11.4,18,68.0
419,9.7,95.5,72.7,78.3,68.4,Medium,Bengaluru,2025-03-05,8.4,81,94.4
328,,73.2,45.5,45.0,47.7,Medium,Mumbai,2025-03-17,8.0,4,71.5
172,11.8,79.1,21.8,24.9,40.0,High,Mumbai,2024-05-12,7.8,34,82.1
109,13.4,49.7,78.2,74.8,84.5,Medium,Delhi,2024-09-09,8.0,85,90.2
79,12.5,71.2,37.9,38.3,58.8,Low,Delhi,2025-11-21,8.6,65,85.2
95,3.3,55.8,52.4,50.7,40.5,Medium,Pune,2025-08-09,7.8,18,57.0
62,8.7,80.0,82.7,92.1,82.1,Low,Mumbai,2025-05-22,7.0,67,88.7
444,15.3,93.0,68.5,86.0,79.8,High,Mumbai,2025-08-30,9.7,46,100.0
126,11.4,67.0,62.7,57.1,55.0,Medium,Delhi,2025-01-12,6.8,28,83.1
338,11.2,96.4,68.3,74.9,71.3,Medium,Delhi,2024-01-05,8.0,20,97.9
306,5.8,91.5,11.3,19.8,23.4,Low,Delhi,2025-07-18,9.2,91,70.1
482,15.7,52.0,65.1,63.2,77.7,Low,Mumbai,2024-07-28,7.1,66,88.5
92,9.6,78.7,51.7,63.9,73.1,Low,Delhi,2024-11-03,7.9,33,76.1
476,8.6,59.4,62.2,57.8,59.5,Medium,Pune,2025-03-01,6.0,55,69.0
418,15.3,82.9,81.1,71.1,85.9,Low,Pune,2024-03-09,6.3,49,100.0
274,18.4,95.3,75.8,71.0,64.6,Medium,Bengaluru,2024-02-09,7.6,51,100.0
352,,67.7,69.8,72.2,77.0,Medium,Delhi,2025-09-27,8.9,98,90.8
304,8.7,80.7,68.8,68.7,65.4,Medium,Pune,2024-12-02,10.1,24,83.2
406,8.9,100.0,63.5,60.5,70.7,High,Pune,2024-03-11,8.7,96,98.6
25,8.3,96.1,25.8,20.4,39.7,Low,Bengaluru,2024-11-01,9.3,40,79.3
434,2.7,99.7,43.2,36.1,41.8,Medium,Mumbai,2024-04-19,10.1,84,63.8
488,,80.0,34.8,44.5,48.9,Medium,Delhi,2025-09-10,9.5,40,81.1
496,13.7,80.3,45.8,56.7,38.8,High,Bengaluru,2024-03-05,10.7,90,86.6
127,15.9,68.8,72.5,99.8,94.7,Low,Delhi,2025-05-18,10.8,57,99.0
404,8.4,98.8,51.8,48.4,49.4,Medium,Bengaluru,2025-04-26,10.9,58,85.4
279,14.8,75.9,58.7,62.2,68.2,Medium,Bengaluru,2025-04-09,9.5,19,93.1
179,9.5,80.8,61.1,69.1,54.9,Medium,Mumbai,2025-08-14,7.2,45,81.2
431,5.8,75.1,45.6,46.8,51.5,Medium,Mumbai,2024-08-30,8.4,45,65.7
370,13.4,74.3,75.8,79.1,77.8,Low,Delhi,2025-07-27,6.7,66,91.1
224,5.7,52.6,83.3,67.0,72.8,Medium,Delhi,2024-12-10,6.8,85,62.2
348,12.4,87.8,42.3,44.9,45.3,Low,Mumbai,2025-06-19,6.6,54,91.8
94,9.7,50.2,58.3,67.6,67.0,Medium,Mumbai,2025-06-05,7.7,20,70.6
70,9.2,77.8,49.3,57.7,61.7,Low,Mumbai,2025-07-02,7.8,14,81.1
37,9.5,66.9,79.3,72.0,69.6,Medium,Delhi,2025-01-31,10.6,45,86.2
161,6.1,49.6,56.5,39.1,36.1,Low,Pune,2024-07-06,8.3,41,54.4
12,13.1,70.5,84.9,92.3,91.9,Medium,Pune,2025-05-27,9.8,91,98.3
145,6.7,69.9,51.3,55.9,68.9,Medium,Bengaluru,2024-07-22,9.1,66,71.7
353,7.7,88.6,38.8,40.4,48.8,Medium,Pune,2024-04-19,5.3,41,68.8
128,5.2,95.4,68.1,55.4,67.3,Low,Bengaluru,2024-01-20,7.5,99,72.5
282,3.0,73.8,28.0,27.5,23.5,Low,Pune,2025-09-03,10.3,27,60.1
10,6.6,82.0,66.5,69.4,63.8,Low,Delhi,2024-11-16,6.3,51,75.8
371,10.0,79.2,42.5,30.7,26.2,Low,Delhi,2025-10-17,4.6,9,79.1
177,16.3,100.0,54.5,51.5,58.0,High,Bengaluru,2024-08-05,6.7,68,100.0
232,7.6,75.9,43.0,36.7,35.3,Low,Delhi,2025-04-07,9.7,48,78.7
211,13.7,74.8,69.8,78.0,73.0,Low,Delhi,2025-06-11,7.4,28,86.9
129,7.4,59.4,58.6,58.9,51.4,High,Delhi,2025-06-27,9.2,69,67.3
144,,77.6,55.7,54.2,46.1,Low,Pune,2024-12-06,7.0,13,79.4
242,9.6,92.8,53.8,40.1,48.9,Medium,Bengaluru,2025-07-26,10.6,34,93.0
8,8.7,81.5,54.1,47.7,56.5,Medium,Delhi,2024-07-14,6.8,77,77.3
255,9.0,100.0,55.7,55.3,55.6,High,Delhi,2024-04-05,9.1,8,88.9
487,6.9,53.9,74.4,73.8,74.4,High,Bengaluru,2025-07-10,7.1,30,76.1
331,16.0,80.9,36.3,26.4,26.3,High,Mumbai,2025-02-01,11.1,58,85.8
9,9.9,66.6,83.3,78.5,76.8,Low,Bengaluru,2025-03-20,7.1,8,80.3
157,10.5,62.0,62.4,62.0,61.6,Low,Delhi,2024-11-16,7.9,29,71.9
28,11.5,77.0,59.5,44.9,58.3,Low,Pune,2025-05-13,10.1,97,84.6
267,10.6,76.3,40.2,51.1,36.5,High,Bengaluru,2025-09-15,6.9,7,86.5
65,12.8,88.5,44.7,48.5,57.1,Medium,Pune,2024-04-19,7.8,81,92.1
256,13.1,92.0,54.3,43.5,43.4,Medium,Mumbai,2024-03-29,6.6,35,96.0
314,11.8,67.4,66.0,66.4,62.9,Low,Mumbai,2025-08-27,7.3,13,82.5
154,8.1,58.4,49.3,45.1,46.6,Low,Delhi,2025-02-25,9.5,57,66.6
49,12.7,85.6,49.0,46.3,35.3,Low,Delhi,2024-03-20,6.6,93,88.7
209,6.5,71.7,100.0,97.9,96.0,Low,Pune,2025-04-26,8.6,3,82.2
288,10.2,72.0,50.1,73.3,59.3,Medium,Pune,2025-04-05,7.0,34,80.7
2,5.8,88.4,45.3,45.1,50.6,High,Mumbai,2024-09-19,9.1,85,84.6
270,10.0,100.0,85.8,66.2,73.5,Low,Mumbai,2024-10-13,8.3,35,100.0
266,14.1,48.2,57.4,63.0,54.1,Medium,Bengaluru,2024-07-20,6.4,57,76.2
323,14.7,57.6,67.0,66.5,63.7,Low,Delhi,2025-10-27,7.7,37,85.8
413,7.3,83.3,39.8,26.3,36.5,Medium,Bengaluru,2024-08-01,10.4,35,75.1
96,4.2,68.6,81.1,83.1,73.5,Low,Delhi,2024-09-24,7.8,27,70.8
459,11.3,75.0,85.1,75.7,87.9,Medium,Mumbai,2025-01-28,9.3,21,91.5
486,9.3,84.5,46.1,47.2,45.2,Medium,Mumbai,2024-10-18,9.6,41,80.7
347,7.6,100.0,65.1,63.8,61.5,Medium,Mumbai,2025-11-27,8.2,22,83.8
117,10.9,85.7,94.5,77.4,77.0,High,Mumbai,2024-05-10,6.2,55,91.8
46,10.9,72.6,45.7,41.1,44.2,Low,Mumbai,2024-10-03,6.0,70,76.0
162,,74.7,48.0,48.9,50.4,Medium,Mumbai,2024-05-14,6.5,46,72.9
382,15.2,89.2,25.5,21.7,22.4,Low,Delhi,2025-08-04,7.3,1,86.2
118,10.1,78.6,43.9,55.2,60.2,Low,Mumbai,2025-02-12,8.8,20,73.1
289,8.8,58.8,91.9,95.9,86.6,Medium,Pune,2025-04-11,7.3,71,79.6
78,10.6,93.7,100.0,100.0,96.4,High,Mumbai,2025-10-06,8.9,22,94.2
389,11.1,37.5,55.7,71.8,62.7,Medium,Delhi,2025-06-08,9.5,49,75.2
64,12.3,63.5,70.1,79.3,87.1,Medium,Bengaluru,2025-03-21,8.1,47,82.6
390,4.3,49.4,49.5,46.0,44.3,Medium,Pune,2024-11-14,8.7,43,57.8
386,6.8,79.3,63.0,57.7,63.2,High,Mumbai,2025-11-02,7.4,1,76.6
231,4.1,81.7,51.2,54.7,44.7,Low,Bengaluru,2025-01-23,9.3,17,66.9
298,8.5,90.9,49.2,45.6,48.5,Low,Delhi,2025-08-24,8.6,32,75.6
187,10.7,86.9,52.0,54.5,44.7,Low,Delhi,2024-11-11,6.0,68,77.6
335,10.1,63.7,69.7,63.2,69.1,High,Pune,2025-10-19,8.1,91,83.3
200,9.3,72.0,45.3,39.2,39.0,High,Delhi,2025-07-03,8.6,5,74.4
450,11.5,30.0,63.1,56.0,58.1,Medium,Bengaluru,2025-06-04,8.3,41,65.4
122,10.7,75.5,60.3,60.3,55.9,Medium,Pune,2024-03-02,8.7,47,81.7
465,5.5,74.5,70.4,70.6,75.0,Medium,Bengaluru,2024-12-24,4.8,66,69.9
430,11.6,76.1,75.6,82.1,69.3,Medium,Pune,2025-03-03,7.2,19,94.2
308,15.2,56.3,78.5,78.6,67.0,Medium,Pune,2025-10-10,7.4,74,95.0
458,6.6,100.0,54.1,57.7,62.0,High,Delhi,2024-07-18,10.9,52,87.0
159,8.0,93.2,27.7,27.3,22.2,Medium,Pune,2025-02-05,7.1,82,69.4
86,11.9,100.0,44.1,58.5,59.8,Low,Pune,2025-04-06,7.0,11,92.4
226,10.9,96.9,68.4,69.3,65.6,Medium,Delhi,2025-11-07,8.8,40,92.3
263,10.9,86.1,68.2,72.8,68.7,Low,Delhi,2024-09-16,9.0,44,91.4
332,,98.4,44.2,34.6,49.8,Medium,Delhi,2025-07-01,8.5,62,99.7
491,14.3,88.1,53.1,55.6,54.6,Medium,Pune,2024-08-30,7.5,97,89.3
77,8.3,95.0,80.0,79.6,74.9,Medium,Delhi,2025-02-01,7.2,29,85.1
387,11.8,93.7,72.4,69.1,81.8,High,Pune,2025-02-08,7.1,79,99.4
372,15.3,59.9,69.1,71.0,68.4,Low,Delhi,2024-12-21,8.6,57,94.1
88,10.0,62.4,42.5,34.0,45.3,High,Bengaluru,2024-02-07,8.3,62,76.6
500,4.0,87.4,55.6,49.7,40.3,Medium,Pune,2025-03-02,8.4,30,66.6
183,8.4,93.8,44.8,36.8,54.0,Medium,Delhi,2024-05-12,8.7,85,85.3
106,9.2,83.1,78.7,67.4,65.1,High,Pune,2025-09-10,8.1,65,84.5
397,13.0,64.9,59.7,66.4,74.9,Low,Delhi,2025-04-20,10.7,55,84.8
50,10.3,84.9,68.9,59.8,69.6,Low,Pune,2024-12-12,7.0,85,93.7
379,16.4,73.4,72.9,64.6,59.4,High,Mumbai,2025-05-16,6.9,26,95.2
6,4.8,66.8,68.1,71.8,70.6,Low,Delhi,2025-11-11,7.5,67,68.6
18,6.2,64.7,63.8,51.9,64.5,Medium,Mumbai,2024-09-21,8.9,24,68.4
235,,79.2,61.8,59.4,64.8,Low,Bengaluru,2025-02-22,8.5,88,77.1
446,4.1,69.7,53.5,80.0,65.7,Medium,Mumbai,2024-02-24,5.9,81,60.7
395,12.8,70.3,30.3,26.6,28.0,Medium,Mumbai,2024-01-28,7.1,77,78.1
107,6.2,86.4,42.7,48.1,33.7,Medium,Delhi,2024-10-21,7.4,96,70.7
135,4.1,70.3,59.2,52.7,64.4,Medium,Delhi,2024-04-30,8.8,85,64.6
402,10.8,76.5,61.6,61.0,46.7,Medium,Pune,2025-07-20,7.3,91,86.2
227,20.1,79.2,65.3,71.8,65.5,Medium,Mumbai,2024-10-04,11.2,38,100.0
215,8.7,71.8,14.1,15.0,19.4,Medium,Delhi,2025-09-24,9.2,77,73.5
191,16.9,79.7,79.8,87.3,75.3,Medium,Delhi,2025-02-23,6.5,41,100.0
440,11.7,88.0,72.0,76.0,72.3,High,Mumbai,2025-01-27,9.9,21,100.0
321,13.1,67.8,35.9,51.1,39.3,Medium,Mumbai,2024-10-11,7.0,46,87.4
283,13.7,100.0,15.2,36.4,32.8,Low,Pune,2025-09-03,7.4,96,90.6
30,11.7,98.5,79.4,72.8,72.4,High,Pune,2025-01-29,7.5,44,100.0
170,9.8,36.5,50.4,50.8,50.6,High,Mumbai,2024-08-22,8.1,81,67.5
181,15.2,87.3,31.2,52.9,47.6,Medium,Pune,2025-11-12,10.0,99,91.3
101,,82.7,76.6,78.5,73.7,Medium,Mumbai,2024-04-21,7.3,62,87.8
198,8.4,60.5,60.3,46.2,47.0,High,Bengaluru,2025-02-04,6.4,94,75.0
210,8.7,84.7,63.5,61.9,63.8,Medium,Pune,2024-11-05,8.6,29,79.5
136,5.9,70.7,85.8,77.2,86.6,Low,Pune,2024-02-21,7.0,46,75.8
470,6.2,75.5,38.3,33.6,33.3,High,Mumbai,2024-04-17,8.6,24,82.0
428,16.9,81.2,67.7,70.4,75.5,Medium,Bengaluru,2025-09-07,7.9,18,93.6
199,10.0,61.3,71.8,81.0,84.6,Low,Pune,2024-12-25,7.2,93,82.9
374,,75.9,28.8,45.5,24.6,High,Delhi,2025-08-18,7.7,22,84.0
167,13.7,50.8,98.2,100.0,94.5,Low,Pune,2025-09-20,7.4,11,86.2
421,10.4,70.2,50.2,45.6,52.4,Low,Delhi,2025-07-29,7.3,75,76.6
137,11.3,72.2,50.3,62.4,59.0,Low,Bengaluru,2025-02-10,8.8,20,81.4
286,8.1,78.7,71.0,65.9,64.3,Medium,Pune,2025-05-25,7.3,7,77.5
336,5.1,61.6,88.4,88.4,87.2,Medium,Pune,2024-01-09,8.1,11,79.5
132,4.5,100.0,51.1,70.1,50.1,High,Pune,2024-01-12,10.2,22,83.9
40,12.6,63.2,79.3,71.9,73.9,Low,Pune,2024-08-12,10.3,92,78.5
216,14.0,56.8,40.1,39.4,39.7,Medium,Delhi,2025-08-27,8.9,73,81.8
44,10.9,72.3,60.9,56.9,66.3,Medium,Pune,2024-09-02,8.3,65,87.6
55,8.1,73.7,31.1,41.5,41.7,Low,Delhi,2024-12-07,7.3,11,64.4
474,10.7,84.3,36.3,29.6,22.6,Low,Bengaluru,2024-02-04,6.8,54,76.8
300,11.3,75.6,42.9,43.7,41.7,High,Bengaluru,2024-02-04,9.1,91,91.6
455,10.3,64.3,83.3,79.5,69.2,Medium,Bengaluru,2025-04-12,5.5,41,89.3
305,9.8,94.3,56.8,58.4,51.1,Medium,Mumbai,2024-07-19,4.2,88,84.1
36,14.5,84.6,54.2,64.4,66.3,Low,Pune,2024-05-25,9.0,40,88.3
316,8.8,79.7,84.8,89.7,84.3,Medium,Bengaluru,2024-12-22,6.7,64,82.1
310,16.9,78.3,60.6,56.4,46.5,Low,Pune,2025-07-14,6.9,68,92.2
277,6.9,58.6,42.9,43.3,54.3,Medium,Pune,2025-10-23,5.2,42,61.4
125,13.3,82.1,58.4,57.1,53.9,Medium,Pune,2024-03-27,8.3,35,97.4
143,1.5,100.0,15.5,46.2,24.2,Medium,Mumbai,2024-12-29,6.9,68,56.4
111,11.7,59.5,84.0,84.7,72.3,Low,Pune,2025-07-11,5.4,7,87.3
324,13.0,43.3,40.4,36.6,30.4,Medium,Bengaluru,2024-10-22,7.3,29,65.7
333,7.2,58.1,66.4,74.7,79.0,High,Delhi,2025-08-31,4.4,40,80.8
394,11.8,75.6,54.0,68.8,63.0,Medium,Delhi,2025-01-20,5.7,28,87.6
436,7.6,83.8,68.4,53.0,42.3,Medium,Delhi,2025-03-12,9.1,76,75.1
108,8.6,81.7,49.3,41.8,46.9,Low,Bengaluru,2024-01-03,9.5,6,74.3
443,11.4,82.4,31.8,33.3,39.3,High,Mumbai,2024-08-03,10.0,32,83.7
13,10.3,76.5,57.9,56.4,53.8,Medium,Delhi,2025-09-03,6.6,8,80.6
273,9.6,78.8,46.6,58.2,52.9,Low,Mumbai,2025-09-01,10.2,6,81.4
48,10.9,59.9,63.3,71.1,80.3,Low,Mumbai,2024-01-31,6.7,32,90.2
204,12.6,74.1,44.5,62.1,65.6,Medium,Delhi,2025-04-04,9.8,73,87.5
425,6.4,72.5,62.4,63.3,58.7,High,Delhi,2025-07-08,7.3,50,75.5
120,9.0,96.8,40.6,49.8,55.1,Low,Mumbai,2024-07-18,8.8,1,79.7
22,7.3,61.7,48.2,60.0,75.4,High,Pune,2024-09-24,7.0,73,76.3
403,13.3,72.8,60.6,58.6,63.1,Medium,Delhi,2025-02-14,6.0,22,91.5
84,8.5,58.9,56.7,61.9,63.0,Low,Bengaluru,2024-08-16,8.4,90,75.0
131,,99.2,39.3,47.2,47.1,High,Bengaluru,2024-10-24,9.9,20,87.5
480,20.4,81.7,88.5,83.9,99.4,High,Bengaluru,2024-01-26,7.1,28,100.0
330,7.9,34.9,69.8,77.1,86.1,Low,Pune,2025-10-13,8.4,44,57.3
230,8.9,58.2,68.7,70.2,60.9,High,Mumbai,2025-06-01,8.0,40,76.2
492,11.5,97.2,62.9,55.4,69.4,High,Delhi,2025-05-20,11.6,41,97.4
287,11.1,75.7,46.8,44.3,40.2,Medium,Pune,2024-02-19,9.3,76,78.8
124,15.4,65.7,63.5,56.9,57.7,Medium,Bengaluru,2024-07-21,8.8,4,85.4
34,,81.8,60.3,64.9,68.2,Medium,Delhi,2025-11-05,8.5,33,75.1
472,8.4,73.4,75.0,74.3,76.6,High,Bengaluru,2025-05-11,10.1,50,87.2
5,2.2,30.5,58.8,51.6,67.4,High,Pune,2024-11-07,7.6,67,57.0
412,0.7,81.0,96.5,100.0,100.0,High,Bengaluru,2024-09-02,5.6,75,81.9
20,9.8,99.4,57.7,72.2,59.0,High,Pune,2025-01-03,9.5,50,88.7
220,7.2,59.7,71.8,71.0,73.4,Medium,Bengaluru,2024-11-26,8.4,25,78.8
380,8.2,74.6,72.3,81.6,84.5,Medium,Pune,2025-06-01,9.3,40,84.8
497,2.7,86.5,66.7,64.1,57.6,Medium,Pune,2024-03-25,9.3,19,72.7
420,15.4,46.8,51.6,46.5,65.9,Medium,Mumbai,2024-12-10,8.1,2,75.9
357,10.9,80.0,53.3,55.3,54.0,High,Bengaluru,2025-09-01,9.5,32,86.5
150,10.6,69.1,71.3,76.2,89.8,Low,Pune,2024-09-24,9.5,88,86.2
225,10.4,61.2,53.3,39.9,43.0,High,Bengaluru,2024-07-28,5.0,43,80.0
248,17.3,82.7,34.8,28.4,30.1,Low,Pune,2025-07-31,7.0,30,96.0
441,9.2,78.2,42.4,50.5,59.9,Medium,Bengaluru,2024-12-06,8.5,43,82.2
152,5.9,72.4,82.1,78.8,63.1,Medium,Delhi,2025-04-29,7.7,11,77.1
479,10.0,53.7,63.6,58.7,50.5,High,Pune,2024-12-27,11.7,45,77.0
318,7.2,78.7,71.2,68.1,70.3,Medium,Pune,2024-09-02,8.1,21,82.8
292,10.6,56.2,53.4,60.3,52.8,Medium,Bengaluru,2024-12-19,9.7,26,68.3
234,14.8,72.2,52.6,70.8,58.5,Medium,Pune,2024-09-04,8.1,52,94.0
11,13.5,51.6,41.9,33.9,37.9,Low,Mumbai,2025-05-16,8.7,43,73.8
280,,55.5,65.5,44.8,50.7,Low,Pune,2025-04-26,5.4,54,71.4
72,5.5,74.0,42.0,34.8,47.1,High,Mumbai,2024-05-18,7.7,55,64.5
253,16.9,59.8,44.1,52.1,38.3,High,Bengaluru,2024-06-30,9.4,44,88.5
93,8.3,100.0,70.9,72.7,74.7,Medium,Delhi,2025-11-29,4.7,48,99.6
478,5.4,68.8,39.4,39.4,37.4,Low,Pune,2024-05-21,8.9,71,64.5
350,15.9,89.5,62.3,62.9,64.2,High,Bengaluru,2025-11-23,9.6,42,100.0
416,,92.4,28.9,55.4,58.9,Medium,Pune,2024-12-31,6.4,68,88.5
375,,46.6,53.2,57.5,60.3,Low,Mumbai,2025-02-20,6.3,55,67.6
401,9.3,80.8,74.4,75.1,74.4,Medium,Delhi,2024-01-16,7.8,92,95.0
193,8.5,89.3,47.9,50.2,55.8,Medium,Delhi,2024-02-27,8.8,70,86.8
258,8.5,87.8,73.0,60.9,61.4,Medium,Delhi,2025-05-10,9.8,79,78.5
481,10.9,82.0,67.8,77.6,66.2,Medium,Pune,2024-07-02,7.6,47,95.2
340,,70.0,51.4,61.9,57.2,Medium,Mumbai,2024-01-17,8.9,53,82.2
489,6.6,70.5,60.1,73.2,66.3,Medium,Delhi,2025-08-29,8.8,83,71.3
196,6.4,63.3,91.9,78.3,95.1,Low,Delhi,2024-08-27,8.1,87,76.6
344,11.7,73.6,43.1,51.0,56.5,Low,Pune,2025-10-07,6.9,48,80.1
138,13.4,58.3,66.4,65.6,59.3,Low,Bengaluru,2025-06-07,6.8,84,80.1
261,9.0,93.7,67.9,60.7,70.8,Low,Mumbai,2025-04-12,8.3,26,88.3
39,6.7,39.1,66.5,66.1,75.8,High,Delhi,2025-03-28,7.8,34,71.3
202,15.6,71.3,49.7,51.6,46.0,Medium,Bengaluru,2024-04-05,4.9,76,91.9
467,8.8,71.2,42.1,38.1,49.2,Medium,Delhi,2024-08-31,6.5,3,70.6
291,9.0,63.8,52.6,65.2,71.4,Low,Delhi,2025-02-09,8.5,25,75.9
449,14.5,80.7,50.2,60.0,59.8,Medium,Mumbai,2024-12-01,9.1,8,100.0
190,16.6,68.6,63.1,61.2,46.4,Low,Delhi,2025-05-03,6.3,12,92.5
252,11.4,70.5,79.0,82.2,80.4,Medium,Delhi,2025-07-09,7.0,43,90.8
113,7.6,53.6,42.5,48.2,39.1,Low,Mumbai,2025-08-16,9.1,18,61.1
438,5.7,73.7,8.7,17.3,24.2,Medium,Bengaluru,2024-05-06,7.8,44,60.1
184,14.4,67.2,76.9,63.5,65.4,Low,Pune,2024-04-06,6.0,28,94.7
153,3.3,100.0,67.3,59.0,71.8,Medium,Mumbai,2025-11-06,6.5,99,72.9
313,,78.8,51.5,58.1,47.4,Medium,Bengaluru,2024-09-02,8.6,35,96.9
326,,75.4,78.6,77.6,73.8,Low,Bengaluru,2025-06-22,6.9,8,87.1
192,9.3,71.3,65.7,69.5,68.9,Low,Mumbai,2024-12-04,7.9,14,87.0
45,10.5,71.2,56.7,40.3,48.3,Medium,Delhi,2025-10-14,8.5,37,75.1
445,8.6,79.3,55.6,62.8,57.0,Medium,Pune,2024-08-19,9.1,47,78.3
276,11.5,78.0,62.1,42.0,76.2,Medium,Delhi,2025-09-19,8.7,15,90.9
7,10.5,100.0,57.4,69.5,79.2,Medium,Delhi,2024-11-14,5.9,54,86.0
251,8.5,75.2,69.9,68.3,76.9,Medium,Delhi,2025-04-21,10.9,50,81.1
312,11.8,66.3,60.2,73.7,69.9,High,Pune,2025-10-25,7.8,5,78.9
76,12.8,53.2,55.8,55.7,65.7,Medium,Mumbai,2024-07-26,8.6,51,82.6
1,11.2,95.5,55.7,56.4,62.4,High,Pune,2025-02-13,7.6,94,94.5
429,4.5,71.5,75.0,69.7,61.7,High,Bengaluru,2025-10-20,9.9,99,73.2
392,10.2,66.6,77.5,86.4,84.7,Low,Bengaluru,2025-06-10,7.8,9,80.8
384,5.0,57.4,58.1,54.4,64.4,High,Mumbai,2024-02-21,8.5,45,77.5
433,9.5,92.5,41.8,40.9,54.0,Medium,Bengaluru,2024-05-07,5.5,68,91.2
69,13.4,83.2,86.1,84.9,70.8,Medium,Pune,2025-06-01,7.8,58,96.8
168,11.5,82.2,87.0,76.8,85.4,Medium,Delhi,2025-03-15,10.1,41,97.9
393,8.1,68.9,45.0,41.9,51.3,Low,Mumbai,2024-05-13,9.1,75,75.6
219,9.4,69.7,45.7,38.2,48.3,Medium,Mumbai,2024-09-02,6.7,73,81.3
43,7.3,78.7,71.9,82.0,68.6,Medium,Mumbai,2024-12-08,8.0,37,81.8
367,7.0,54.9,41.8,49.8,46.2,Low,Bengaluru,2025-05-06,7.3,67,58.4
346,1.7,80.5,82.4,88.8,88.4,Medium,Bengaluru,2025-04-20,5.8,92,75.8
73,6.3,78.9,58.6,44.7,65.4,Low,Mumbai,2025-08-23,8.1,56,67.7
24,9.4,72.1,68.1,68.8,58.4,Medium,Delhi,2025-02-16,8.4,21,86.5
399,12.1,82.2,65.9,64.8,63.5,High,Bengaluru,2024-03-16,4.7,65,96.1
186,16.1,67.8,43.2,39.5,40.2,Low,Bengaluru,2025-03-07,8.8,66,83.4
349,3.7,64.4,71.4,82.8,78.5,High,Mumbai,2025-06-16,7.3,47,68.4
104,13.0,65.6,59.3,72.4,69.0,Medium,Delhi,2025-09-15,9.7,27,86.8
408,13.3,55.8,70.7,67.6,69.9,High,Pune,2024-05-24,9.1,86,81.6
212,4.7,85.5,39.0,58.5,56.9,Low,Delhi,2024-11-22,6.9,45,74.8
68,8.2,65.2,67.8,66.6,69.5,Medium,Pune,2024-10-06,6.6,29,81.9
26,8.6,68.4,61.0,45.7,58.6,Low,Bengaluru,2025-01-07,8.4,21,73.4
197,12.6,40.2,38.8,40.5,44.6,Medium,Mumbai,2024-06-09,6.9,71,65.0
176,10.7,80.2,26.3,36.3,38.2,Low,Pune,2024-11-15,8.6,28,82.5
