date,marketing_spend,discount_pct,website_visits,website_visits_copy,competitor_promo_flag,is_holiday,random_noise_1,random_noise_2,new_enrollments
2024-01-01,9069.0,10,561.0,567.0,1,1,60.6,A,20
2024-01-02,6573.0,10,559.0,570.0,1,1,82.9,C,23
2024-01-03,14636.0,0,539.0,554.0,0,0,41.9,A,29
2024-01-04,3979.0,5,574.0,557.0,0,0,44.4,B,30
2024-01-05,9654.0,10,661.0,661.0,0,0,23.8,B,38
2024-01-06,7641.0,15,549.0,552.0,0,0,43.8,B,36
2024-01-07,7114.0,20,556.0,554.0,1,0,50.0,C,38
2024-01-08,10666.0,15,692.0,701.0,0,0,43.0,A,39
2024-01-09,3455.0,0,422.0,418.0,1,0,40.2,C,17
2024-01-10,5538.0,0,562.0,555.0,0,0,29.5,B,33
2024-01-11,7715.0,10,463.0,442.0,0,0,45.0,B,26
2024-01-12,12353.0,0,710.0,718.0,0,0,68.6,C,29
2024-01-13,8223.0,10,462.0,463.0,0,0,52.7,B,38
2024-01-14,10239.0,5,538.0,533.0,1,0,43.4,B,30
2024-01-15,3342.0,0,384.0,400.0,0,0,31.3,A,27
2024-01-16,4903.0,0,479.0,482.0,0,0,54.5,A,27
2024-01-17,10424.0,0,616.0,623.0,0,0,47.6,B,29
2024-01-18,6430.0,0,602.0,602.0,0,0,66.4,B,27
2024-01-19,7843.0,20,543.0,533.0,1,0,60.7,A,33
2024-01-20,9827.0,0,554.0,555.0,0,0,55.0,A,35
2024-01-21,2487.0,0,462.0,459.0,0,0,53.9,A,34
2024-01-22,4997.0,10,588.0,589.0,0,0,48.4,C,31
2024-01-23,7765.0,0,556.0,556.0,0,0,19.0,B,21
2024-01-24,4134.0,5,538.0,525.0,0,0,45.3,A,25
2024-01-25,6224.0,0,571.0,580.0,0,0,42.2,C,30
2024-01-26,7894.0,0,520.0,519.0,0,0,46.2,A,28
2024-01-27,6337.0,15,601.0,585.0,0,0,41.8,A,38
2024-01-28,7328.0,10,539.0,529.0,0,0,39.8,A,37
2024-01-29,8103.0,10,618.0,620.0,0,0,50.6,B,37
2024-01-30,11325.0,15,688.0,692.0,0,0,83.6,A,30
2024-01-31,11947.0,0,663.0,660.0,0,0,51.3,C,30
2024-02-01,7014.0,0,549.0,549.0,0,0,50.6,A,34
2024-02-02,5931.0,0,541.0,530.0,0,0,58.8,A,38
2024-02-03,10223.0,15,543.0,542.0,1,0,66.2,A,34
2024-02-04,9276.0,10,677.0,680.0,0,0,56.4,A,39
2024-02-05,8623.0,15,619.0,611.0,0,0,55.8,A,40
2024-02-06,5729.0,0,419.0,404.0,0,0,53.7,B,33
2024-02-07,9612.0,5,601.0,603.0,0,0,54.5,C,28
2024-02-08,10181.0,5,536.0,544.0,0,0,47.5,C,34
2024-02-09,3538.0,0,607.0,607.0,0,0,29.3,C,36
2024-02-10,10544.0,15,573.0,577.0,0,0,61.1,B,49
2024-02-11,7818.0,15,533.0,529.0,1,0,58.3,A,35
2024-02-12,6141.0,0,566.0,569.0,0,0,41.3,A,35
2024-02-13,4057.0,10,495.0,487.0,0,0,63.7,C,35
2024-02-14,7146.0,5,534.0,518.0,0,0,56.5,A,36
2024-02-15,7847.0,0,512.0,507.0,0,0,34.5,B,29
2024-02-16,7063.0,10,607.0,611.0,0,0,63.5,C,39
2024-02-17,4989.0,0,479.0,481.0,0,0,63.3,A,38
2024-02-18,5012.0,0,498.0,507.0,0,0,55.1,C,35
2024-02-19,9764.0,20,501.0,513.0,0,0,43.3,A,32
2024-02-20,8119.0,10,526.0,521.0,0,0,44.7,B,29
2024-02-21,8712.0,5,597.0,594.0,1,0,39.1,A,35
2024-02-22,9573.0,5,609.0,623.0,1,0,48.8,B,32
2024-02-23,9794.0,10,555.0,559.0,0,0,46.5,A,42
2024-02-24,12338.0,0,665.0,656.0,0,0,59.9,A,41
2024-02-25,7822.0,15,557.0,554.0,0,0,36.8,B,46
2024-02-26,7351.0,0,444.0,445.0,0,0,44.1,C,37
2024-02-27,5604.0,15,505.0,494.0,0,0,50.8,A,38
2024-02-28,8624.0,0,573.0,578.0,0,0,56.5,C,38
2024-02-29,8661.0,5,626.0,628.0,0,0,66.7,C,33
2024-03-01,6101.0,0,492.0,484.0,0,0,28.4,A,36
2024-03-02,7919.0,20,548.0,545.0,0,0,50.1,C,46
2024-03-03,7955.0,0,635.0,646.0,0,0,64.1,B,42
2024-03-04,17161.0,0,753.0,760.0,1,0,42.0,B,34
2024-03-05,6724.0,15,560.0,552.0,0,0,42.2,A,38
2024-03-06,11115.0,0,646.0,656.0,0,0,28.1,C,43
2024-03-07,9016.0,0,642.0,637.0,0,0,59.4,B,39
2024-03-08,7771.0,0,529.0,517.0,0,0,53.6,B,42
2024-03-09,9021.0,0,567.0,573.0,0,0,30.2,C,45
2024-03-10,8896.0,0,538.0,534.0,1,0,45.0,A,37
2024-03-11,7920.0,0,457.0,468.0,0,0,53.4,A,36
2024-03-12,7376.0,0,507.0,501.0,0,0,53.3,C,38
2024-03-13,7064.0,20,384.0,380.0,0,0,33.9,A,40
2024-03-14,7036.0,10,597.0,597.0,0,0,35.8,C,37
2024-03-15,8698.0,0,495.0,497.0,0,0,61.3,B,36
2024-03-16,7705.0,10,540.0,539.0,0,0,50.4,C,59
2024-03-17,10410.0,0,578.0,575.0,0,0,35.2,A,39
2024-03-18,11449.0,0,643.0,644.0,0,0,26.9,A,35
2024-03-19,7861.0,20,366.0,382.0,0,0,37.7,B,42
2024-03-20,7254.0,20,589.0,606.0,0,0,48.0,C,50
2024-03-21,11300.0,5,689.0,680.0,0,0,38.3,A,46
2024-03-22,7823.0,15,614.0,613.0,0,0,64.2,A,49
2024-03-23,8526.0,0,536.0,533.0,0,0,59.5,C,49
2024-03-24,7037.0,0,535.0,539.0,0,0,57.8,A,43
2024-03-25,8334.0,5,652.0,653.0,1,0,52.7,A,40
2024-03-26,11235.0,0,606.0,604.0,1,0,43.2,A,33
2024-03-27,10239.0,0,680.0,686.0,0,0,45.0,A,44
2024-03-28,5269.0,0,521.0,532.0,0,0,57.2,B,38
2024-03-29,5873.0,20,492.0,496.0,0,0,48.2,C,50
2024-03-30,6981.0,0,478.0,476.0,0,0,33.3,C,45
2024-03-31,7243.0,0,563.0,547.0,0,0,43.1,C,43
2024-04-01,9753.0,15,565.0,562.0,0,0,55.6,B,47
2024-04-02,2675.0,0,553.0,566.0,1,0,53.0,C,31
2024-04-03,11223.0,0,670.0,658.0,0,0,51.2,C,46
2024-04-04,5127.0,20,445.0,446.0,0,0,38.7,C,38
2024-04-05,10595.0,20,643.0,659.0,0,0,69.2,A,51
2024-04-06,4851.0,5,463.0,452.0,0,0,26.0,B,44
2024-04-07,7487.0,0,527.0,526.0,0,0,33.0,C,46
2024-04-08,10163.0,0,616.0,616.0,0,0,46.7,B,36
2024-04-09,8090.0,20,523.0,544.0,0,0,31.5,B,52
2024-04-10,10922.0,20,619.0,622.0,0,0,39.3,B,51
2024-04-11,14277.0,10,762.0,764.0,0,0,54.1,C,48
2024-04-12,6705.0,15,572.0,573.0,0,0,32.7,A,46
2024-04-13,5565.0,20,505.0,501.0,0,0,65.9,B,60
2024-04-14,5080.0,0,563.0,562.0,0,0,52.1,C,52
2024-04-15,4239.0,15,605.0,599.0,0,0,43.6,B,46
2024-04-16,7318.0,0,617.0,617.0,0,0,50.2,C,41
2024-04-17,4003.0,20,481.0,466.0,0,0,54.3,C,48
2024-04-18,1371.0,0,473.0,465.0,0,0,62.5,B,41
2024-04-19,6378.0,0,515.0,524.0,1,0,35.3,C,39
2024-04-20,12018.0,0,629.0,631.0,0,0,39.2,C,41
2024-04-21,8658.0,0,557.0,570.0,0,0,59.5,B,52
2024-04-22,4770.0,20,585.0,585.0,0,0,55.1,B,57
2024-04-23,5791.0,20,549.0,561.0,1,0,40.1,C,44
2024-04-24,10005.0,0,679.0,677.0,0,0,39.0,C,47
2024-04-25,8505.0,0,678.0,661.0,0,0,47.8,B,43
2024-04-26,6957.0,0,512.0,509.0,0,0,54.0,B,41
2024-04-27,10791.0,0,549.0,555.0,0,0,59.5,A,56
2024-04-28,8737.0,0,543.0,550.0,0,0,55.6,A,45
2024-04-29,7012.0,15,598.0,596.0,0,0,60.2,B,54
2024-04-30,7978.0,15,663.0,648.0,0,0,30.4,A,49
2024-05-01,8765.0,10,568.0,560.0,0,0,50.1,C,49
2024-05-02,11179.0,15,695.0,695.0,1,0,54.4,A,44
2024-05-03,5281.0,0,452.0,451.0,0,0,43.0,B,42
2024-05-04,7650.0,0,534.0,537.0,0,0,59.1,A,47
2024-05-05,7258.0,20,635.0,632.0,0,0,54.1,C,58
2024-05-06,2974.0,10,439.0,450.0,0,0,50.7,C,42
2024-05-07,6305.0,0,549.0,558.0,0,0,40.8,A,47
2024-05-08,3976.0,0,493.0,495.0,0,0,30.3,B,41
2024-05-09,8254.0,0,532.0,533.0,0,0,57.1,B,42
2024-05-10,7488.0,15,512.0,510.0,1,0,51.7,C,35
2024-05-11,8693.0,5,535.0,533.0,1,0,45.4,A,51
2024-05-12,8619.0,10,582.0,588.0,0,0,24.9,A,53
2024-05-13,3942.0,15,444.0,444.0,0,0,41.8,A,45
2024-05-14,7931.0,0,574.0,565.0,1,0,40.9,C,39
2024-05-15,9081.0,10,547.0,547.0,0,0,42.9,A,43
2024-05-16,10297.0,20,671.0,671.0,0,0,64.6,B,48
2024-05-17,8013.0,5,511.0,501.0,0,0,55.9,A,51
2024-05-18,6467.0,10,493.0,489.0,0,0,31.9,A,54
2024-05-19,8556.0,0,417.0,399.0,0,0,43.7,A,45
2024-05-20,11295.0,5,617.0,602.0,0,0,41.0,C,46
2024-05-21,8548.0,5,432.0,434.0,0,0,54.7,A,44
2024-05-22,3739.0,15,455.0,446.0,1,0,88.9,C,42
2024-05-23,9201.0,5,594.0,597.0,0,0,49.9,C,52
2024-05-24,8069.0,20,598.0,603.0,1,0,63.7,A,46
2024-05-25,8002.0,15,545.0,542.0,0,0,67.4,A,61
2024-05-26,6922.0,10,581.0,572.0,0,0,67.2,A,53
2024-05-27,8061.0,5,628.0,630.0,0,0,54.7,B,52
2024-05-28,8211.0,10,532.0,539.0,0,0,57.9,B,42
2024-05-29,4382.0,5,500.0,495.0,0,0,50.5,C,47
2024-05-30,9964.0,0,679.0,682.0,0,0,29.4,B,51
2024-05-31,7231.0,0,562.0,548.0,0,0,56.8,A,44
2024-06-01,7635.0,0,533.0,528.0,0,0,52.2,C,54
2024-06-02,6986.0,0,477.0,486.0,0,0,62.2,A,47
2024-06-03,11513.0,10,655.0,643.0,0,0,43.1,C,50
2024-06-04,10523.0,0,586.0,595.0,0,0,48.7,B,45
2024-06-05,11640.0,0,640.0,629.0,0,0,49.5,B,54
2024-06-06,7192.0,20,515.0,522.0,0,0,61.7,C,56
2024-06-07,4524.0,0,331.0,344.0,0,0,37.4,B,52
2024-06-08,7233.0,0,528.0,527.0,0,0,49.6,C,48
2024-06-09,10767.0,20,497.0,510.0,0,0,56.1,B,47
2024-06-10,11104.0,20,652.0,644.0,0,0,43.4,C,56
2024-06-11,5818.0,5,447.0,451.0,0,0,62.2,C,50
2024-06-12,11127.0,15,613.0,626.0,0,0,48.0,A,55
2024-06-13,4390.0,15,503.0,505.0,0,0,54.8,B,42
2024-06-14,7700.0,0,585.0,582.0,0,0,62.8,A,47
2024-06-15,8224.0,0,460.0,461.0,1,0,49.3,A,39
2024-06-16,11668.0,5,679.0,686.0,1,0,53.5,C,58
2024-06-17,3260.0,0,369.0,369.0,0,0,65.8,B,47
2024-06-18,4256.0,0,446.0,450.0,0,0,50.0,A,48
2024-06-19,2184.0,10,485.0,479.0,0,0,56.8,C,39
2024-06-20,5417.0,0,490.0,474.0,0,0,44.1,A,42
2024-06-21,2838.0,10,382.0,376.0,0,0,63.1,C,43
2024-06-22,8863.0,20,532.0,526.0,1,0,40.6,A,53
2024-06-23,4961.0,15,685.0,691.0,0,0,42.0,C,56
2024-06-24,6142.0,10,568.0,563.0,0,0,58.8,A,48
2024-06-25,13041.0,20,718.0,709.0,0,0,39.2,A,52
2024-06-26,9069.0,10,455.0,459.0,0,0,45.0,A,47
2024-06-27,6489.0,10,505.0,513.0,0,0,50.2,A,56
2024-06-28,9214.0,5,629.0,627.0,0,0,44.1,B,52
2024-06-29,9443.0,10,704.0,707.0,0,0,41.8,C,58
2024-06-30,10866.0,15,609.0,605.0,0,0,32.7,A,60
2024-07-01,6032.0,0,426.0,421.0,0,0,52.0,A,48
2024-07-02,8541.0,5,526.0,512.0,1,0,54.9,B,45
2024-07-03,7865.0,15,578.0,586.0,0,0,61.5,A,51
2024-07-04,7646.0,5,482.0,477.0,1,0,51.5,B,40
2024-07-05,6810.0,0,543.0,545.0,0,0,21.8,B,44
2024-07-06,9973.0,10,562.0,578.0,0,0,40.5,A,49
2024-07-07,9760.0,15,541.0,533.0,0,0,43.1,C,49
2024-07-08,3948.0,10,473.0,462.0,0,0,45.1,A,50
2024-07-09,6105.0,5,601.0,602.0,0,0,43.3,C,53
2024-07-10,7638.0,0,575.0,578.0,0,0,55.1,A,37
2024-07-11,9907.0,10,447.0,445.0,0,0,40.3,B,44
2024-07-12,8500.0,0,619.0,629.0,0,0,53.8,C,52
2024-07-13,10088.0,0,494.0,491.0,0,0,53.2,C,50
2024-07-14,7428.0,0,610.0,606.0,0,0,56.0,A,48
2024-07-15,6604.0,0,535.0,528.0,0,0,36.4,A,44
2024-07-16,8402.0,15,492.0,512.0,0,0,52.7,B,39
2024-07-17,11282.0,5,620.0,622.0,0,0,61.8,A,48
2024-07-18,6272.0,0,484.0,484.0,0,0,42.7,C,39
2024-07-19,6937.0,20,413.0,424.0,0,0,54.4,B,51
2024-07-20,6126.0,5,434.0,440.0,0,0,33.7,A,50
2024-07-21,7654.0,0,441.0,443.0,0,0,40.7,A,46
2024-07-22,10359.0,0,656.0,655.0,0,0,74.0,A,44
2024-07-23,7924.0,15,536.0,548.0,0,0,64.0,A,46
2024-07-24,7474.0,5,539.0,538.0,1,0,60.8,C,43
2024-07-25,6961.0,20,614.0,613.0,1,0,59.6,C,48
2024-07-26,4915.0,0,550.0,555.0,0,0,52.6,B,38
2024-07-27,7235.0,15,515.0,499.0,0,0,42.6,C,54
2024-07-28,804.0,15,321.0,335.0,1,0,40.8,B,44
2024-07-29,8521.0,20,533.0,531.0,0,0,25.4,A,52
2024-07-30,6461.0,10,588.0,590.0,0,0,48.3,A,40
2024-07-31,9220.0,20,640.0,630.0,0,0,55.5,C,54
2024-08-01,7995.0,10,549.0,540.0,0,0,37.8,B,40
2024-08-02,7806.0,0,486.0,486.0,0,0,54.1,C,42
2024-08-03,5843.0,0,424.0,427.0,0,0,50.0,A,48
2024-08-04,10260.0,10,697.0,688.0,0,0,28.2,A,50
2024-08-05,10148.0,0,568.0,563.0,0,0,56.6,A,35
2024-08-06,4713.0,0,525.0,527.0,0,0,45.7,C,40
2024-08-07,8226.0,15,623.0,623.0,0,0,51.7,C,48
2024-08-08,11752.0,5,659.0,648.0,0,0,61.5,A,42
2024-08-09,8391.0,0,598.0,597.0,0,0,75.5,C,40
2024-08-10,5575.0,0,550.0,554.0,1,0,83.8,A,45
2024-08-11,3243.0,0,494.0,500.0,0,0,54.9,C,48
2024-08-12,11364.0,20,543.0,555.0,0,0,56.9,C,45
2024-08-13,4606.0,0,518.0,506.0,1,0,50.5,C,30
2024-08-14,2932.0,0,445.0,441.0,0,0,69.3,B,45
2024-08-15,10523.0,0,606.0,599.0,1,0,48.2,B,36
2024-08-16,9352.0,5,567.0,569.0,0,0,32.9,B,35
2024-08-17,8028.0,5,405.0,422.0,0,0,38.5,B,49
2024-08-18,8868.0,0,586.0,585.0,0,0,55.1,A,50
2024-08-19,7656.0,15,597.0,600.0,1,0,54.1,C,41
2024-08-20,9145.0,0,768.0,768.0,0,0,61.0,C,45
2024-08-21,8085.0,0,417.0,414.0,0,0,48.1,C,38
2024-08-22,8419.0,10,624.0,624.0,1,0,27.6,A,41
2024-08-23,7976.0,10,642.0,643.0,0,0,44.5,B,48
2024-08-24,9281.0,0,531.0,528.0,0,0,59.7,B,43
2024-08-25,6212.0,10,561.0,549.0,0,0,53.9,B,52
2024-08-26,8351.0,0,559.0,561.0,0,0,36.0,A,42
2024-08-27,3562.0,0,443.0,438.0,0,0,54.2,C,39
2024-08-28,6841.0,15,584.0,569.0,0,0,37.3,B,43
2024-08-29,10932.0,15,654.0,642.0,0,0,51.6,B,47
2024-08-30,7630.0,0,520.0,517.0,0,0,49.1,A,38
2024-08-31,6526.0,0,523.0,518.0,0,0,63.6,B,56
2024-09-01,7008.0,0,560.0,565.0,0,0,60.5,B,41
2024-09-02,9671.0,10,629.0,632.0,1,0,37.7,B,37
2024-09-03,5951.0,0,552.0,553.0,1,0,54.1,A,33
2024-09-04,12191.0,15,741.0,727.0,0,0,77.9,A,49
2024-09-05,8085.0,0,544.0,551.0,0,0,57.8,A,40
2024-09-06,8919.0,0,539.0,528.0,0,0,36.7,A,41
2024-09-07,13350.0,20,661.0,671.0,0,0,63.4,C,58
2024-09-08,13019.0,0,616.0,610.0,0,0,51.8,B,44
2024-09-09,6669.0,15,613.0,614.0,0,0,41.4,A,46
2024-09-10,6291.0,20,580.0,577.0,1,0,47.4,C,40
2024-09-11,7149.0,0,581.0,571.0,0,0,52.8,A,35
2024-09-12,8391.0,0,432.0,434.0,0,0,65.3,A,31
2024-09-13,10900.0,15,640.0,642.0,0,0,71.7,B,44
2024-09-14,6020.0,15,460.0,451.0,0,0,54.5,A,46
2024-09-15,8017.0,15,487.0,460.0,0,0,31.0,C,55
2024-09-16,4779.0,0,432.0,434.0,0,0,56.2,B,33
2024-09-17,11535.0,15,517.0,518.0,0,0,60.1,C,40
2024-09-18,11050.0,10,585.0,591.0,0,0,30.6,A,41
2024-09-19,2188.0,0,388.0,408.0,0,0,63.2,A,44
2024-09-20,8469.0,10,675.0,665.0,0,0,81.2,A,47
2024-09-21,7351.0,0,527.0,536.0,0,0,63.3,B,35
2024-09-22,8363.0,0,418.0,426.0,1,0,59.8,C,37
2024-09-23,8582.0,10,515.0,523.0,0,0,42.8,C,40
2024-09-24,7886.0,15,517.0,509.0,0,0,38.9,B,45
2024-09-25,9140.0,20,617.0,631.0,1,0,41.0,C,45
2024-09-26,7415.0,20,518.0,518.0,0,0,63.1,A,41
2024-09-27,11231.0,0,671.0,665.0,0,0,37.2,A,32
2024-09-28,10550.0,10,538.0,543.0,0,0,38.5,B,51
2024-09-29,1992.0,20,411.0,404.0,0,0,48.4,B,49
2024-09-30,10478.0,5,618.0,625.0,0,0,43.8,C,40
2024-10-01,8194.0,5,419.0,412.0,0,0,78.0,A,33
2024-10-02,4980.0,15,428.0,441.0,0,0,40.4,A,44
2024-10-03,6994.0,0,541.0,531.0,0,0,69.0,A,38
2024-10-04,8890.0,20,483.0,485.0,0,0,38.7,C,39
2024-10-05,10796.0,15,506.0,515.0,0,0,40.8,A,43
2024-10-06,11050.0,15,568.0,565.0,0,0,70.1,C,47
2024-10-07,6970.0,0,670.0,670.0,0,0,44.1,B,37
2024-10-08,7491.0,0,595.0,596.0,0,0,53.8,B,34
2024-10-09,10841.0,5,584.0,591.0,0,0,45.5,C,38
2024-10-10,8219.0,20,555.0,558.0,0,0,40.4,B,43
2024-10-11,7010.0,0,530.0,525.0,1,0,40.3,A,36
2024-10-12,2720.0,0,456.0,451.0,0,0,46.3,A,37
2024-10-13,9422.0,0,565.0,577.0,0,0,54.4,B,41
2024-10-14,8807.0,5,603.0,601.0,0,0,61.8,C,39
2024-10-15,6962.0,0,533.0,520.0,1,0,72.1,A,34
2024-10-16,7892.0,0,674.0,669.0,0,0,41.3,C,43
2024-10-17,3962.0,0,487.0,490.0,0,0,65.4,C,32
2024-10-18,9179.0,0,573.0,572.0,0,0,64.7,A,40
2024-10-19,11416.0,0,586.0,583.0,1,0,74.5,C,34
2024-10-20,10681.0,0,609.0,604.0,0,0,30.5,C,43
2024-10-21,5665.0,0,510.0,503.0,1,0,42.3,A,31
2024-10-22,6109.0,20,589.0,579.0,0,0,8.8,C,46
2024-10-23,6550.0,15,572.0,571.0,0,0,47.8,B,37
2024-10-24,6818.0,0,512.0,518.0,0,0,69.0,B,28
2024-10-25,9160.0,15,499.0,501.0,0,0,49.9,B,36
2024-10-26,10172.0,5,622.0,625.0,0,0,37.5,C,42
2024-10-27,5955.0,0,561.0,559.0,0,0,49.3,C,42
2024-10-28,6703.0,0,623.0,630.0,0,0,57.7,C,35
2024-10-29,4843.0,5,489.0,498.0,0,0,26.1,B,24
2024-10-30,13959.0,0,636.0,645.0,0,0,33.5,B,30
2024-10-31,5059.0,5,509.0,506.0,1,0,40.8,B,28
2024-11-01,11409.0,0,713.0,722.0,0,0,65.7,B,40
2024-11-02,8702.0,0,557.0,552.0,0,0,46.3,C,40
2024-11-03,8961.0,5,599.0,621.0,0,0,37.0,B,50
2024-11-04,9268.0,0,609.0,612.0,0,0,55.0,B,32
2024-11-05,6084.0,0,499.0,495.0,1,0,27.9,C,24
2024-11-06,10392.0,0,639.0,638.0,1,0,30.8,C,33
2024-11-07,4119.0,15,532.0,530.0,1,0,18.0,C,33
2024-11-08,7149.0,5,593.0,593.0,1,0,41.8,A,33
2024-11-09,11038.0,15,640.0,651.0,1,0,51.0,A,35
2024-11-10,8557.0,0,577.0,586.0,0,0,52.4,B,41
2024-11-11,4845.0,10,511.0,490.0,0,0,61.3,A,38
2024-11-12,6171.0,10,527.0,532.0,0,0,49.0,A,36
2024-11-13,6358.0,20,650.0,658.0,0,0,64.6,B,38
2024-11-14,12385.0,15,748.0,747.0,0,0,51.9,A,44
2024-11-15,7922.0,0,601.0,594.0,0,0,47.8,C,29
2024-11-16,8042.0,0,477.0,484.0,0,0,40.9,A,44
2024-11-17,9623.0,0,529.0,528.0,0,0,34.2,B,40
2024-11-18,10829.0,20,570.0,556.0,0,0,72.9,C,38
2024-11-19,7811.0,5,563.0,573.0,0,0,55.6,C,38
2024-11-20,8523.0,0,446.0,448.0,0,0,43.4,B,30
2024-11-21,5423.0,0,504.0,518.0,0,0,35.8,A,31
2024-11-22,8126.0,5,680.0,682.0,0,0,82.1,C,35
2024-11-23,3299.0,0,509.0,509.0,0,0,50.3,C,41
2024-11-24,9037.0,10,641.0,632.0,0,0,54.1,A,50
2024-11-25,9844.0,20,575.0,569.0,0,0,23.7,A,33
2024-11-26,5481.0,10,547.0,543.0,0,0,48.6,C,38
2024-11-27,6547.0,5,557.0,555.0,0,0,60.9,C,30
2024-11-28,6316.0,0,491.0,482.0,0,0,58.2,B,35
2024-11-29,4037.0,5,466.0,479.0,1,0,49.5,A,31
2024-11-30,10314.0,10,516.0,518.0,0,0,62.5,C,47
2024-12-01,5931.0,0,611.0,619.0,0,0,48.6,B,33
2024-12-02,4379.0,0,532.0,534.0,0,0,56.3,C,37
2024-12-03,6695.0,15,496.0,493.0,0,0,49.6,A,41
2024-12-04,9563.0,0,573.0,566.0,1,0,44.8,A,28
2024-12-05,6322.0,0,505.0,505.0,1,0,55.4,C,25
2024-12-06,8796.0,10,496.0,492.0,0,0,40.5,C,36
2024-12-07,7665.0,15,586.0,599.0,0,0,46.2,C,47
2024-12-08,7658.0,0,546.0,534.0,1,0,51.2,A,36
2024-12-09,8195.0,20,515.0,521.0,0,0,50.5,B,40
2024-12-10,11024.0,5,550.0,568.0,0,0,49.0,B,31
2024-12-11,11086.0,20,648.0,643.0,0,0,56.5,B,45
2024-12-12,10169.0,0,615.0,601.0,1,0,51.0,C,33
2024-12-13,8345.0,10,605.0,607.0,0,0,57.1,B,42
2024-12-14,6854.0,0,546.0,556.0,0,0,36.6,B,44
2024-12-15,5863.0,10,585.0,589.0,0,0,45.2,B,43
2024-12-16,12791.0,20,620.0,608.0,0,0,60.3,A,39
2024-12-17,10546.0,0,644.0,650.0,0,0,35.9,B,34
2024-12-18,7609.0,5,515.0,521.0,1,0,61.9,B,34
2024-12-19,9230.0,15,519.0,528.0,0,0,44.4,A,37
2024-12-20,8874.0,0,567.0,562.0,0,1,45.0,C,27
2024-12-21,11959.0,15,599.0,596.0,0,1,39.2,A,38
2024-12-22,11747.0,5,579.0,576.0,0,1,48.8,C,39
2024-12-23,2438.0,0,326.0,325.0,0,1,60.1,C,33
2024-12-24,10715.0,20,631.0,644.0,0,1,60.8,B,43
2024-12-25,7250.0,0,532.0,527.0,0,1,77.6,C,29
2024-12-26,8051.0,5,485.0,488.0,0,1,50.5,C,32
2024-12-27,5269.0,20,446.0,437.0,1,1,53.5,A,33
2024-12-28,6606.0,0,571.0,574.0,0,1,35.9,C,30
2024-12-29,6949.0,0,581.0,575.0,0,1,70.6,C,29
2024-12-30,9477.0,0,670.0,656.0,0,1,52.2,B,33
2024-12-31,6014.0,15,525.0,523.0,0,1,43.1,B,42
2025-01-01,3750.0,10,483.0,484.0,0,1,25.2,B,40
2025-01-02,7649.0,5,484.0,482.0,0,1,57.1,B,30
2025-01-03,6830.0,5,501.0,482.0,0,0,48.3,C,34
2025-01-04,6679.0,15,498.0,491.0,0,0,59.4,B,41
2025-01-05,8767.0,20,669.0,657.0,0,0,51.0,A,51
2025-01-06,3862.0,20,497.0,505.0,0,0,47.9,A,41
2025-01-07,3087.0,0,496.0,492.0,0,0,27.2,C,33
2025-01-08,8304.0,0,456.0,463.0,0,0,56.0,B,37
2025-01-09,9043.0,20,575.0,584.0,0,0,43.1,B,41
2025-01-10,10335.0,0,557.0,549.0,0,0,50.7,A,36
2025-01-11,8572.0,15,690.0,695.0,0,0,42.9,A,53
2025-01-12,11248.0,20,510.0,507.0,0,0,47.6,C,50
2025-01-13,6474.0,10,455.0,458.0,0,0,70.1,A,45
2025-01-14,12233.0,0,655.0,659.0,0,0,59.3,A,44
2025-01-15,12063.0,20,699.0,699.0,0,0,51.7,C,47
2025-01-16,8676.0,20,556.0,537.0,0,0,24.2,A,50
2025-01-17,7848.0,0,602.0,615.0,0,0,48.2,C,41
2025-01-18,6103.0,20,455.0,461.0,0,0,71.6,A,48
2025-01-19,8589.0,0,647.0,638.0,0,0,15.8,C,47
2025-01-20,6522.0,15,529.0,526.0,0,0,55.0,A,42
2025-01-21,9015.0,20,584.0,565.0,0,0,52.6,B,46
2025-01-22,11179.0,15,597.0,599.0,1,0,57.8,C,36
2025-01-23,9679.0,5,644.0,660.0,0,0,44.6,A,43
2025-01-24,4326.0,0,493.0,501.0,0,0,46.2,B,38
2025-01-25,4531.0,10,547.0,556.0,0,0,51.4,A,50
2025-01-26,11305.0,15,694.0,703.0,0,0,50.9,C,49
2025-01-27,9494.0,20,621.0,622.0,0,0,32.6,A,42
2025-01-28,11537.0,15,608.0,597.0,0,0,38.5,B,50
2025-01-29,13877.0,5,666.0,666.0,1,0,54.2,B,37
2025-01-30,8075.0,0,458.0,449.0,0,0,49.6,B,43
2025-01-31,8320.0,10,548.0,547.0,0,0,41.4,C,52
2025-02-01,5677.0,0,512.0,510.0,0,0,32.6,B,43
2025-02-02,10368.0,0,693.0,695.0,1,0,52.7,A,41
2025-02-03,4457.0,20,456.0,458.0,0,0,50.4,C,43
2025-02-04,6729.0,5,580.0,577.0,0,0,41.3,C,47
2025-02-05,5788.0,10,567.0,565.0,0,0,48.9,C,43
2025-02-06,3483.0,20,467.0,461.0,1,0,43.0,B,39
2025-02-07,5974.0,0,510.0,507.0,0,0,35.3,C,37
2025-02-08,10000.0,20,600.0,608.0,0,0,59.4,B,53
2025-02-09,11280.0,5,610.0,606.0,0,0,54.5,B,51
2025-02-10,10726.0,20,613.0,617.0,0,0,50.8,B,51
2025-02-11,7826.0,0,491.0,495.0,0,0,51.1,B,46
2025-02-12,10314.0,0,624.0,614.0,0,0,35.2,A,40
2025-02-13,7613.0,0,530.0,525.0,1,0,51.7,B,39
2025-02-14,10235.0,15,643.0,651.0,0,0,51.5,A,50
2025-02-15,6647.0,0,632.0,633.0,0,0,31.7,C,56
2025-02-16,5842.0,0,540.0,541.0,0,0,50.6,C,49
2025-02-17,7444.0,20,576.0,568.0,1,0,64.2,B,41
2025-02-18,10371.0,15,636.0,629.0,1,0,29.5,C,39
2025-02-19,12616.0,20,670.0,659.0,1,0,35.5,A,48
2025-02-20,10161.0,10,663.0,665.0,0,0,53.7,B,49
2025-02-21,2176.0,0,389.0,372.0,0,0,42.5,C,44
2025-02-22,9015.0,0,487.0,494.0,1,0,43.7,C,43
2025-02-23,6911.0,20,429.0,424.0,0,0,51.5,B,46
2025-02-24,6822.0,0,583.0,584.0,0,0,46.5,B,41
2025-02-25,8201.0,0,575.0,579.0,0,0,57.7,A,45
2025-02-26,7715.0,5,632.0,648.0,0,0,66.6,B,43
2025-02-27,9873.0,15,631.0,636.0,0,0,52.7,A,57
2025-02-28,9802.0,15,572.0,581.0,0,0,50.1,A,52
2025-03-01,7360.0,5,524.0,522.0,0,0,45.7,C,49
2025-03-02,6627.0,0,474.0,489.0,0,0,7.6,B,57
2025-03-03,12305.0,0,650.0,643.0,0,0,37.3,B,48
2025-03-04,8398.0,10,611.0,616.0,1,0,44.8,B,45
2025-03-05,4738.0,15,550.0,564.0,0,0,56.5,A,56
2025-03-06,9653.0,15,639.0,645.0,0,0,34.1,B,51
2025-03-07,13067.0,5,675.0,680.0,0,0,54.5,B,43
2025-03-08,10909.0,15,428.0,433.0,0,0,51.2,A,52
2025-03-09,12854.0,0,690.0,696.0,0,0,79.1,B,56
2025-03-10,6717.0,0,409.0,418.0,1,0,63.9,B,41
2025-03-11,8171.0,5,618.0,620.0,0,0,45.0,B,53
2025-03-12,14158.0,10,716.0,726.0,0,0,55.8,A,50
2025-03-13,7056.0,0,498.0,487.0,0,0,51.3,B,45
2025-03-14,3643.0,10,441.0,439.0,0,0,55.9,C,55
2025-03-15,11737.0,15,798.0,790.0,0,0,55.3,A,64
2025-03-16,6440.0,10,540.0,539.0,0,0,46.3,C,54
2025-03-17,12904.0,20,726.0,736.0,0,0,43.5,C,56
2025-03-18,11550.0,20,591.0,595.0,1,0,41.9,B,43
2025-03-19,5084.0,10,551.0,555.0,0,0,44.8,B,51
2025-03-20,3861.0,10,431.0,443.0,0,0,66.4,B,51
2025-03-21,9043.0,15,633.0,638.0,0,0,67.1,B,46
2025-03-22,5689.0,5,551.0,541.0,0,0,64.8,B,52
2025-03-23,9064.0,20,637.0,625.0,1,0,28.4,C,57
2025-03-24,11462.0,0,670.0,659.0,0,0,64.2,C,47
2025-03-25,6465.0,0,491.0,486.0,0,0,69.0,A,44
2025-03-26,10072.0,0,514.0,534.0,1,0,42.2,B,39
2025-03-27,10369.0,0,617.0,612.0,0,0,45.1,B,52
2025-03-28,6198.0,5,464.0,472.0,0,0,86.6,A,45
2025-03-29,8638.0,0,613.0,603.0,1,0,32.3,B,48
2025-03-30,7207.0,0,471.0,478.0,0,0,48.5,B,55
2025-03-31,8873.0,20,577.0,568.0,0,0,49.5,C,49
2025-04-01,9795.0,0,529.0,520.0,0,0,37.5,B,47
2025-04-02,7233.0,5,521.0,518.0,0,0,37.1,B,57
2025-04-03,9729.0,15,647.0,642.0,0,0,51.5,B,55
2025-04-04,8239.0,5,547.0,525.0,0,0,62.1,A,46
2025-04-05,9715.0,5,622.0,608.0,1,0,60.9,B,55
2025-04-06,8194.0,0,516.0,518.0,0,0,46.5,A,55
2025-04-07,7082.0,0,434.0,432.0,0,0,58.5,C,46
2025-04-08,3120.0,0,501.0,508.0,0,0,62.3,C,48
2025-04-09,4441.0,0,458.0,448.0,0,0,30.8,A,53
2025-04-10,2704.0,0,413.0,402.0,0,0,43.2,C,44
2025-04-11,14935.0,0,537.0,538.0,1,0,52.8,A,41
2025-04-12,9065.0,0,639.0,638.0,0,0,24.2,C,49
2025-04-13,5976.0,0,531.0,533.0,1,0,58.9,B,56
2025-04-14,6251.0,10,467.0,472.0,0,0,32.0,C,58
2025-04-15,9803.0,0,640.0,634.0,0,0,57.5,B,50
2025-04-16,7324.0,0,521.0,528.0,0,0,70.8,C,45
2025-04-17,7696.0,15,643.0,652.0,0,0,71.5,A,53
2025-04-18,11101.0,20,670.0,657.0,0,0,55.7,B,57
2025-04-19,6700.0,15,573.0,567.0,0,0,40.5,A,62
2025-04-20,7429.0,15,622.0,630.0,0,0,45.4,C,66
2025-04-21,7337.0,0,543.0,558.0,0,0,46.8,C,53
2025-04-22,11230.0,5,619.0,609.0,0,0,33.2,C,62
2025-04-23,10900.0,5,477.0,483.0,0,0,54.7,B,51
2025-04-24,7994.0,0,504.0,506.0,0,0,58.4,B,53
2025-04-25,10394.0,15,624.0,627.0,0,0,42.1,B,55
2025-04-26,6486.0,5,545.0,556.0,1,0,69.3,A,49
2025-04-27,8695.0,10,613.0,616.0,1,0,21.9,A,57
2025-04-28,8812.0,5,565.0,579.0,0,0,54.1,C,52
2025-04-29,9585.0,5,532.0,539.0,0,0,56.7,C,60
2025-04-30,595.0,0,417.0,418.0,0,0,47.0,A,58
2025-05-01,7847.0,10,547.0,545.0,0,0,39.9,C,57
2025-05-02,5726.0,10,543.0,551.0,0,0,26.7,C,52
2025-05-03,8229.0,5,622.0,619.0,0,0,33.4,B,62
2025-05-04,8259.0,0,677.0,678.0,0,0,39.6,C,60
2025-05-05,11044.0,20,540.0,537.0,0,0,26.1,C,62
2025-05-06,9583.0,15,508.0,509.0,0,0,30.5,B,57
2025-05-07,9589.0,0,617.0,616.0,0,0,34.4,C,60
2025-05-08,8755.0,20,546.0,553.0,0,0,52.1,C,64
2025-05-09,12307.0,10,656.0,658.0,1,0,53.8,C,54
2025-05-10,6413.0,5,636.0,648.0,0,0,60.8,C,64
2025-05-11,8817.0,20,508.0,505.0,0,0,45.0,A,72
2025-05-12,5472.0,15,587.0,589.0,1,0,55.6,A,55
2025-05-13,12053.0,10,636.0,648.0,0,0,48.1,A,62
2025-05-14,5592.0,0,434.0,427.0,1,0,45.6,B,45
2025-05-15,11220.0,15,684.0,687.0,0,0,17.2,B,63
2025-05-16,2013.0,10,263.0,268.0,0,0,49.6,C,52
2025-05-17,10558.0,15,539.0,552.0,0,0,42.3,B,68
2025-05-18,4119.0,0,595.0,600.0,0,0,46.7,A,56
2025-05-19,8688.0,15,537.0,550.0,0,0,60.1,B,64
2025-05-20,9902.0,0,626.0,624.0,0,0,46.1,B,58
2025-05-21,7750.0,5,636.0,617.0,0,0,40.5,A,61
2025-05-22,5507.0,10,459.0,450.0,0,0,54.8,B,63
2025-05-23,3048.0,15,397.0,386.0,0,0,41.5,C,57
2025-05-24,6139.0,15,455.0,460.0,0,0,67.4,B,62
2025-05-25,6039.0,0,607.0,614.0,0,0,42.6,C,60
2025-05-26,10637.0,20,607.0,603.0,1,0,50.6,B,56
2025-05-27,6679.0,5,662.0,657.0,0,0,32.1,C,53
2025-05-28,7197.0,0,476.0,474.0,0,0,45.4,A,48
2025-05-29,5876.0,5,555.0,553.0,0,0,42.6,A,57
2025-05-30,6181.0,0,468.0,466.0,0,0,53.2,B,50
2025-05-31,8534.0,0,571.0,553.0,1,0,72.8,C,58
2025-06-01,10703.0,5,687.0,689.0,0,0,74.4,A,57
2025-06-02,6949.0,0,468.0,461.0,1,0,58.3,A,46
2025-06-03,5179.0,5,458.0,466.0,0,0,53.1,B,60
2025-06-04,4959.0,15,512.0,509.0,0,0,40.5,C,60
2025-06-05,5617.0,20,504.0,514.0,0,0,45.1,A,59
2025-06-06,9922.0,0,542.0,548.0,0,0,58.3,A,50
2025-06-07,10777.0,20,685.0,679.0,0,0,59.9,B,65
2025-06-08,3555.0,0,496.0,489.0,0,0,39.2,C,69
2025-06-09,6584.0,5,492.0,484.0,0,0,29.7,B,58
2025-06-10,4569.0,20,533.0,530.0,0,0,38.6,B,58
2025-06-11,6580.0,15,503.0,497.0,0,0,54.6,B,58
2025-06-12,7394.0,0,633.0,627.0,0,0,70.1,C,54
2025-06-13,11042.0,5,601.0,588.0,1,0,52.8,A,49
2025-06-14,10538.0,10,527.0,532.0,0,0,66.3,C,66
2025-06-15,6063.0,15,558.0,561.0,0,0,65.7,C,65
2025-06-16,8148.0,20,564.0,557.0,0,0,51.5,A,64
2025-06-17,4285.0,0,505.0,511.0,0,0,57.8,A,55
2025-06-18,10061.0,20,488.0,487.0,0,0,42.5,A,57
2025-06-19,8623.0,15,514.0,515.0,0,0,60.2,C,54
2025-06-20,8185.0,0,639.0,647.0,1,0,70.9,C,55
2025-06-21,8319.0,20,612.0,616.0,0,0,39.4,C,77
2025-06-22,8629.0,0,483.0,485.0,0,0,46.0,C,58
2025-06-23,7720.0,5,570.0,588.0,0,0,47.2,C,57
2025-06-24,9100.0,10,546.0,532.0,0,0,40.0,A,56
2025-06-25,10445.0,20,638.0,638.0,0,0,51.3,A,66
2025-06-26,9072.0,20,546.0,542.0,0,0,41.0,B,58
2025-06-27,7589.0,0,570.0,579.0,0,0,42.1,A,59
2025-06-28,7254.0,15,543.0,537.0,0,0,47.4,B,64
2025-06-29,9723.0,0,472.0,472.0,0,0,41.6,A,53
2025-06-30,6729.0,10,599.0,601.0,0,0,45.7,C,59
2025-07-01,7746.0,20,651.0,670.0,0,0,40.4,A,56
2025-07-02,9090.0,0,555.0,561.0,0,0,42.4,C,54
2025-07-03,9264.0,20,607.0,595.0,0,0,63.7,B,61
2025-07-04,13917.0,0,654.0,645.0,0,0,31.1,C,59
2025-07-05,6148.0,10,517.0,508.0,0,0,61.0,A,60
2025-07-06,3531.0,0,428.0,430.0,1,0,50.3,A,59
2025-07-07,7619.0,10,475.0,493.0,0,0,45.7,B,56
2025-07-08,9929.0,15,629.0,635.0,0,0,51.6,A,59
2025-07-09,11246.0,15,664.0,665.0,0,0,57.0,A,61
2025-07-10,10211.0,20,577.0,570.0,0,0,38.2,C,56
2025-07-11,6011.0,0,513.0,519.0,1,0,61.7,A,51
2025-07-12,10082.0,5,687.0,682.0,0,0,49.9,C,71
2025-07-13,7146.0,5,550.0,559.0,0,0,62.6,B,56
2025-07-14,9562.0,0,674.0,671.0,0,0,57.9,A,51
2025-07-15,8862.0,15,661.0,650.0,0,0,61.0,B,56
2025-07-16,3226.0,10,502.0,509.0,0,0,30.0,C,51
2025-07-17,4810.0,20,455.0,444.0,0,0,63.8,B,58
2025-07-18,7272.0,5,576.0,570.0,0,0,42.0,A,54
2025-07-19,8508.0,15,586.0,584.0,0,0,43.2,C,58
2025-07-20,6414.0,0,565.0,578.0,0,0,38.2,B,54
2025-07-21,7254.0,5,516.0,500.0,0,0,56.5,B,51
2025-07-22,8685.0,0,626.0,629.0,0,0,35.4,B,52
2025-07-23,8532.0,10,622.0,622.0,1,0,55.5,A,54
2025-07-24,11028.0,0,695.0,690.0,0,0,50.2,C,58
2025-07-25,6312.0,0,653.0,659.0,0,0,55.1,C,54
2025-07-26,6904.0,15,472.0,469.0,0,0,30.4,C,61
2025-07-27,6556.0,5,566.0,561.0,0,0,45.5,B,58
2025-07-28,8768.0,20,553.0,553.0,0,0,60.0,C,55
2025-07-29,5404.0,0,484.0,483.0,0,0,29.4,C,51
2025-07-30,3483.0,5,446.0,438.0,0,0,76.8,C,55
2025-07-31,6915.0,0,550.0,548.0,0,0,61.1,C,48
2025-08-01,5239.0,0,370.0,380.0,0,0,50.5,A,39
2025-08-02,9054.0,5,612.0,608.0,0,0,34.2,A,61
2025-08-03,10327.0,15,661.0,659.0,1,0,57.9,B,57
2025-08-04,3395.0,15,379.0,387.0,0,0,64.9,C,52
2025-08-05,8801.0,5,600.0,598.0,0,0,40.1,C,55
2025-08-06,8579.0,0,584.0,584.0,0,0,61.9,B,48
2025-08-07,11649.0,0,659.0,671.0,0,0,60.4,C,52
2025-08-08,10276.0,20,645.0,620.0,0,0,41.6,B,73
2025-08-09,3782.0,10,442.0,437.0,0,0,44.2,C,65
2025-08-10,10978.0,0,554.0,552.0,0,0,28.9,A,57
2025-08-11,11917.0,0,654.0,664.0,0,0,35.8,A,50
2025-08-12,6439.0,5,510.0,510.0,1,0,50.0,B,52
2025-08-13,12825.0,5,676.0,688.0,0,0,25.5,B,57
2025-08-14,5531.0,0,591.0,591.0,0,0,52.3,A,45
2025-08-15,8085.0,10,587.0,577.0,0,0,75.1,A,56
2025-08-16,5820.0,0,498.0,497.0,0,0,60.0,C,55
2025-08-17,12516.0,0,601.0,607.0,0,0,41.2,A,60
2025-08-18,10965.0,0,670.0,679.0,1,0,60.5,C,49
2025-08-19,10504.0,0,579.0,565.0,0,0,63.5,C,55
2025-08-20,7997.0,0,509.0,509.0,0,0,39.7,C,51
2025-08-21,8135.0,0,547.0,550.0,0,0,79.8,C,58
2025-08-22,10331.0,20,540.0,549.0,0,0,44.5,B,55
2025-08-23,8182.0,0,535.0,536.0,0,0,53.4,C,51
2025-08-24,9291.0,5,573.0,576.0,1,0,33.2,C,55
2025-08-25,10103.0,10,655.0,653.0,0,0,44.8,B,55
2025-08-26,7725.0,10,551.0,557.0,0,0,54.6,A,53
2025-08-27,9340.0,0,583.0,589.0,1,0,40.1,C,44
2025-08-28,8143.0,5,465.0,466.0,1,0,79.1,C,45
2025-08-29,5131.0,5,555.0,555.0,0,0,56.3,A,50
2025-08-30,13179.0,0,606.0,617.0,0,0,55.7,B,61
2025-08-31,8095.0,5,635.0,620.0,0,0,42.2,A,54
2025-09-01,7980.0,0,471.0,464.0,0,0,60.2,B,52
2025-09-02,7144.0,0,543.0,541.0,0,0,49.2,B,43
2025-09-03,6085.0,10,488.0,494.0,0,0,12.0,C,51
2025-09-04,6517.0,10,503.0,502.0,0,0,30.7,A,48
2025-09-05,11652.0,15,598.0,601.0,0,0,51.5,C,50
2025-09-06,10116.0,5,551.0,546.0,0,0,47.8,C,57
2025-09-07,8614.0,0,666.0,675.0,0,0,62.0,A,61
2025-09-08,11164.0,5,640.0,640.0,0,0,57.2,A,51
2025-09-09,8544.0,5,563.0,563.0,0,0,51.5,C,55
2025-09-10,8033.0,15,474.0,494.0,0,0,37.8,C,59
2025-09-11,9393.0,0,605.0,618.0,0,0,42.8,A,55
2025-09-12,9994.0,0,588.0,596.0,0,0,56.4,B,45
2025-09-13,6416.0,5,528.0,516.0,0,0,35.8,C,51
2025-09-14,6373.0,20,566.0,559.0,1,0,60.1,B,58
2025-09-15,9947.0,10,528.0,527.0,0,0,63.9,A,48
2025-09-16,12637.0,20,624.0,624.0,0,0,62.2,C,54
2025-09-17,8533.0,5,472.0,481.0,0,0,31.1,B,47
2025-09-18,5191.0,0,438.0,439.0,0,0,35.2,A,46
2025-09-19,10102.0,0,581.0,586.0,0,0,63.5,A,50
2025-09-20,7919.0,10,658.0,647.0,0,0,35.8,B,59
2025-09-21,7854.0,0,515.0,511.0,0,0,62.2,B,55
2025-09-22,3532.0,10,472.0,478.0,0,0,49.7,A,46
2025-09-23,13000.0,10,580.0,586.0,0,0,33.1,A,46
2025-09-24,9298.0,0,548.0,568.0,0,0,45.4,B,45
2025-09-25,4937.0,15,590.0,581.0,1,0,47.2,B,55
2025-09-26,2741.0,5,525.0,532.0,0,0,52.2,A,43
2025-09-27,11401.0,0,648.0,662.0,0,0,44.8,A,52
2025-09-28,6084.0,10,465.0,450.0,0,0,50.2,C,43
2025-09-29,5101.0,15,643.0,654.0,1,0,49.6,A,57
2025-09-30,4235.0,20,403.0,402.0,0,0,63.1,C,49
2025-10-01,5791.0,0,497.0,501.0,0,0,57.4,A,44
2025-10-02,8575.0,0,570.0,570.0,0,0,43.1,B,43
2025-10-03,9434.0,20,584.0,598.0,0,0,50.3,B,50
2025-10-04,9339.0,0,529.0,534.0,0,0,46.3,C,49
2025-10-05,9114.0,0,628.0,635.0,0,0,57.1,B,55
2025-10-06,7120.0,0,428.0,430.0,0,0,27.9,B,45
2025-10-07,8758.0,20,620.0,615.0,0,0,36.6,A,49
2025-10-08,7009.0,10,631.0,646.0,0,0,41.2,C,50
2025-10-09,12147.0,20,616.0,625.0,1,0,44.1,A,50
2025-10-10,6718.0,0,579.0,573.0,0,0,61.5,A,38
2025-10-11,9492.0,0,548.0,550.0,0,0,50.9,A,62
2025-10-12,4694.0,20,523.0,527.0,0,0,31.6,B,55
2025-10-13,10270.0,5,517.0,511.0,0,0,57.1,B,45
2025-10-14,8414.0,20,561.0,567.0,0,0,43.2,A,47
2025-10-15,9041.0,20,662.0,665.0,0,0,40.4,A,53
2025-10-16,9606.0,0,570.0,560.0,0,0,55.4,A,45
2025-10-17,8812.0,10,640.0,637.0,0,0,44.5,A,55
2025-10-18,9220.0,5,663.0,660.0,0,0,56.6,A,56
2025-10-19,9514.0,0,559.0,557.0,0,0,53.4,B,46
2025-10-20,6332.0,0,551.0,560.0,0,0,33.0,A,42
2025-10-21,9133.0,15,567.0,578.0,0,0,41.1,C,54
2025-10-22,8435.0,0,617.0,603.0,0,0,28.7,B,48
2025-10-23,5083.0,0,620.0,627.0,0,0,56.5,B,45
2025-10-24,12248.0,0,702.0,712.0,0,0,49.7,A,44
2025-10-25,8202.0,5,544.0,538.0,0,0,31.7,B,47
2025-10-26,8880.0,20,619.0,626.0,0,0,47.0,C,54
2025-10-27,7373.0,20,604.0,605.0,1,0,45.3,B,51
2025-10-28,8552.0,0,608.0,597.0,0,0,55.5,A,48
2025-10-29,9163.0,10,446.0,458.0,0,0,43.7,A,42
2025-10-30,8902.0,0,520.0,509.0,0,0,60.0,B,48
2025-10-31,10129.0,5,661.0,660.0,0,0,50.8,A,49
2025-11-01,3417.0,0,391.0,392.0,0,0,46.0,A,46
2025-11-02,12989.0,15,749.0,735.0,0,0,72.5,C,58
2025-11-03,10826.0,15,688.0,694.0,0,0,31.4,B,45
2025-11-04,8242.0,20,459.0,443.0,0,0,46.2,B,50
2025-11-05,7530.0,20,517.0,503.0,0,0,47.4,A,53
2025-11-06,6208.0,15,520.0,525.0,0,0,48.2,B,47
2025-11-07,4296.0,20,455.0,460.0,0,0,33.3,A,43
2025-11-08,9717.0,0,601.0,602.0,0,0,59.9,C,41
2025-11-09,12010.0,15,684.0,691.0,0,0,61.3,B,51
2025-11-10,6566.0,10,509.0,503.0,0,0,52.1,A,49
2025-11-11,9075.0,10,590.0,580.0,0,0,34.0,C,46
2025-11-12,765.0,0,355.0,339.0,0,0,39.9,A,39
2025-11-13,6040.0,20,399.0,393.0,0,0,47.8,A,49
2025-11-14,7911.0,15,562.0,560.0,0,0,47.1,A,41
2025-11-15,5670.0,20,569.0,564.0,0,0,44.6,A,60
2025-11-16,10241.0,0,635.0,643.0,0,0,36.2,A,49
2025-11-17,8073.0,0,456.0,450.0,1,0,37.4,A,33
2025-11-18,4436.0,10,495.0,500.0,0,0,53.4,B,48
2025-11-19,11687.0,5,681.0,667.0,0,0,46.1,A,51
2025-11-20,3712.0,10,481.0,473.0,0,0,70.7,A,39
2025-11-21,11585.0,0,722.0,728.0,1,0,32.2,C,49
2025-11-22,10693.0,10,493.0,501.0,0,0,48.7,B,52
2025-11-23,9984.0,5,590.0,590.0,0,0,54.0,A,54
2025-11-24,11915.0,5,660.0,660.0,0,0,49.6,C,47
2025-11-25,5047.0,5,444.0,443.0,0,0,37.2,C,45
2025-11-26,7502.0,5,638.0,629.0,0,0,30.8,B,51
2025-11-27,9855.0,5,567.0,556.0,0,0,43.2,C,43
2025-11-28,8993.0,0,603.0,610.0,0,0,74.6,A,46
2025-11-29,12315.0,0,609.0,602.0,0,0,69.2,B,59
2025-11-30,9856.0,15,620.0,618.0,0,0,50.5,A,55
2025-12-01,6162.0,5,484.0,484.0,1,0,63.0,A,43
2025-12-02,5376.0,10,474.0,456.0,0,0,44.3,B,45
2025-12-03,10036.0,5,710.0,705.0,0,0,50.4,A,42
2025-12-04,6083.0,0,491.0,517.0,0,0,52.1,B,41
2025-12-05,8028.0,0,589.0,590.0,0,0,70.6,B,44
2025-12-06,5323.0,0,546.0,551.0,0,0,46.9,A,49
2025-12-07,9840.0,10,681.0,673.0,0,0,62.5,C,49
2025-12-08,9479.0,0,623.0,615.0,0,0,62.5,B,43
2025-12-09,3986.0,10,541.0,541.0,0,0,70.0,B,50
2025-12-10,6537.0,10,622.0,615.0,0,0,28.5,B,46
2025-12-11,7297.0,15,539.0,536.0,0,0,63.4,A,47
2025-12-12,7372.0,5,587.0,588.0,0,0,37.4,C,43
2025-12-13,7499.0,0,516.0,509.0,0,0,57.1,C,46
2025-12-14,7584.0,15,596.0,587.0,0,0,49.0,A,47
2025-12-15,5606.0,0,545.0,537.0,0,0,55.2,A,42
2025-12-16,9162.0,15,631.0,624.0,0,0,52.3,A,49
2025-12-17,5978.0,10,500.0,508.0,1,0,57.7,C,41
2025-12-18,2716.0,15,432.0,440.0,0,0,57.7,B,46
2025-12-19,6471.0,10,497.0,498.0,0,0,68.9,C,39
2025-12-20,8218.0,0,549.0,546.0,1,1,51.2,B,34
2025-12-21,9873.0,0,538.0,538.0,0,1,55.4,C,49
2025-12-22,4792.0,0,564.0,564.0,1,1,72.1,A,43
2025-12-23,8603.0,10,485.0,477.0,0,1,61.7,C,47
2025-12-24,7153.0,0,479.0,470.0,0,1,51.5,C,36
2025-12-25,11793.0,10,680.0,671.0,0,1,27.2,C,45
2025-12-26,7673.0,5,567.0,557.0,0,1,66.8,B,42
2025-12-27,8585.0,0,622.0,627.0,0,1,76.6,C,47
2025-12-28,12440.0,20,642.0,645.0,0,1,38.9,C,52
2025-12-29,5708.0,20,490.0,502.0,0,1,52.5,C,48
2025-12-30,500.0,10,386.0,378.0,1,1,58.1,A,37
