student_id,city,city_tier,course,batch_type,age,enrollment_date,attendance_pct,weekly_study_hours,income_bracket,prev_exam_score,mock_test_1,mock_test_2,mock_test_3,doubt_sessions_attended,feedback_text,final_score
1447,Patna,2,JEE Main,Weekday,18,2026-05-27,91.1,0.8,<5L,65.2,68.1,59.0,72.2,1,Need more practice sheets for weak topics,42.0
1405,Patna,2,NEET,Weekday,16,2024-07-08,91.9,2.4,,64.9,82.0,88.4,100.0,3,Would like more one-on-one mentoring,62.0
1510,Mumbai,1,JEE Main,Weekday,18,2025-03-17,67.1,6.7,5-10L,90.1,86.5,91.1,76.4,5,"Great teaching pace, doubts cleared quickly",56.4
1456,Delhi,1,NEET,Weekday,18,2025-06-16,70.7,2.0,10-20L,29.7,19.4,24.9,,3,Need more practice sheets for weak topics,31.7
1202,Patna,2,JEE Advanced,Weekday,17,2026-04-16,69.3,6.5,>20L,70.0,63.8,74.5,69.1,4,Need more practice sheets for weak topics,44.5
1024,Lucknow,2,NEET,Weekend,18,2024-07-20,68.8,3.1,10-20L,65.5,66.8,60.9,67.2,3,"Great teaching pace, doubts cleared quickly",41.8
1416,Delhi,1,JEE Main,Weekday,17,2024-12-15,80.8,3.5,>20L,51.9,48.7,46.9,44.6,2,,37.8
1549,Hyderabad,2,NEET,Weekday,17,2025-07-31,76.4,4.3,<5L,56.7,64.8,63.9,75.7,7,"Great teaching pace, doubts cleared quickly",54.6
1067,Pune,1,Foundation,Weekday,18,2025-03-05,77.0,16.4,<5L,80.6,85.4,85.5,80.9,6,Mock tests really helped identify gaps,70.0
1166,Kota,2,JEE Main,Weekday,15,2025-08-19,72.9,,10-20L,57.8,46.6,40.9,34.9,6,Need more practice sheets for weak topics,43.2
1335,Mumbai,1,NEET,Weekday,18,2025-02-26,76.7,1.3,5-10L,76.3,79.8,76.2,76.9,2,,46.4
1330,Delhi,1,NEET,Weekday,17,2025-07-13,82.5,2.9,10-20L,94.9,100.0,100.0,100.0,4,Would like more one-on-one mentoring,70.1
1001,Hyderabad,2,NEET,Weekend,19,2025-11-27,100.0,2.4,,75.7,79.3,79.9,85.0,1,,55.0
1532,Hyderabad,2,NEET,Weekday,18,2025-03-19,80.5,7.8,,46.8,25.5,27.1,,3,Batch timing is inconvenient for me,49.7
1233,Patna,2,JEE Advanced,Weekday,16,2025-12-16,66.4,6.9,5-10L,76.1,79.8,100.0,100.0,3,Mock tests really helped identify gaps,53.1
1201,Hyderabad,2,NEET,Weekday,16,2025-09-25,70.1,8.3,<5L,51.8,59.2,68.4,75.4,2,Need more practice sheets for weak topics,48.9
1148,Pune,1,JEE Advanced,Weekday,18,2025-06-04,70.8,14.2,5-10L,99.0,94.9,87.5,78.5,3,Mock tests really helped identify gaps,70.5
1474,Mumbai,1,Foundation,Weekday,17,2026-02-20,60.5,18.5,10-20L,71.4,65.6,79.6,79.1,2,Mock tests really helped identify gaps,70.3
1452,Lucknow,2,JEE Main,Weekday,18,2026-03-11,68.8,7.0,5-10L,54.4,60.1,53.4,69.3,4,,42.5
1497,Kota,2,JEE Main,Weekday,15,2026-03-28,74.8,5.9,10-20L,64.3,71.4,70.8,69.5,4,Mock tests really helped identify gaps,59.8
1014,Lucknow,2,Foundation,Weekday,17,2025-06-28,84.3,0.6,>20L,80.3,80.7,84.6,98.1,3,Batch timing is inconvenient for me,35.7
1511,Mumbai,1,JEE Main,Weekend,17,2026-03-29,100.0,6.7,5-10L,90.7,86.6,86.1,99.7,4,Need more practice sheets for weak topics,76.6
1269,Mumbai,1,JEE Main,Weekend,16,2024-06-01,83.0,3.4,<5L,87.7,100.0,100.0,100.0,2,Mock tests really helped identify gaps,48.0
1359,Pune,1,NEET,Weekend,17,2026-02-23,74.3,2.8,10-20L,69.3,61.6,58.7,54.4,4,"Great teaching pace, doubts cleared quickly",51.5
1290,Mumbai,1,NEET,Weekday,18,2025-05-31,39.6,4.3,10-20L,89.4,81.7,92.5,99.1,4,Need more practice sheets for weak topics,45.9
1484,Delhi,1,Foundation,Weekday,18,2025-09-29,83.2,31.4,<5L,50.2,46.7,48.3,47.8,6,Batch timing is inconvenient for me,74.3
1430,Hyderabad,2,JEE Advanced,Weekday,17,2026-05-02,66.0,10.8,<5L,72.3,75.1,75.0,80.8,1,Batch timing is inconvenient for me,53.7
1048,Delhi,1,NEET,Weekday,4,2026-01-26,72.9,1.2,5-10L,61.7,54.7,47.5,46.1,4,Need more practice sheets for weak topics,46.7
1224,Patna,2,NEET,Weekday,17,2025-07-06,86.0,1.6,>20L,68.6,79.1,88.3,90.5,7,Mock tests really helped identify gaps,57.8
1186,Bengaluru,1,JEE Advanced,Weekday,16,2025-05-30,91.7,,5-10L,35.3,24.7,31.8,,4,Batch timing is inconvenient for me,49.2
1431,Patna,2,NEET,Weekday,17,2025-02-12,77.9,2.7,>20L,77.1,82.3,81.0,78.1,1,Batch timing is inconvenient for me,56.2
1309,Delhi,1,JEE Main,Weekday,17,2025-08-24,48.2,3.3,5-10L,,73.6,72.1,72.2,3,,42.9
1121,Bengaluru,1,NEET,Weekday,19,2025-03-05,52.5,4.0,<5L,55.3,48.5,57.0,56.0,1,Mock tests really helped identify gaps,32.8
1251,Bengaluru,1,JEE Main,Weekend,16,2025-06-11,91.7,8.5,5-10L,50.8,53.7,55.2,51.0,2,Mock tests really helped identify gaps,50.0
1112,Delhi,1,NEET,Crash Course,17,2024-08-05,82.6,1.5,5-10L,53.6,41.6,41.7,50.5,2,"Great teaching pace, doubts cleared quickly",33.8
1294,Mumbai,1,JEE Main,Weekend,18,2026-04-25,67.5,1.3,,73.4,74.8,58.0,55.2,5,"Great teaching pace, doubts cleared quickly",45.1
1066,Pune,1,NEET,Weekend,18,2025-12-04,87.9,5.9,>20L,89.1,98.3,94.6,100.0,5,Need more practice sheets for weak topics,58.8
1478,Bengaluru,1,NEET,Weekday,16,2026-03-06,85.6,6.3,<5L,55.7,50.1,45.8,49.4,3,Need more practice sheets for weak topics,52.8
1574,Hyderabad,2,NEET,Crash Course,16,2026-05-22,92.0,4.8,<5L,72.0,67.0,65.9,70.1,3,Need more practice sheets for weak topics,56.4
1450,Bengaluru,1,JEE Main,Weekend,17,2025-05-29,62.1,3.1,10-20L,76.9,65.9,54.1,61.0,4,"Great teaching pace, doubts cleared quickly",51.6
1336,Bengaluru,1,JEE Main,Weekday,17,2025-07-03,99.6,2.6,5-10L,69.6,71.0,83.0,84.3,3,Batch timing is inconvenient for me,53.6
1208,Bengaluru,1,JEE Main,Weekday,16,2025-05-04,81.4,1.8,5-10L,77.3,81.1,82.4,100.0,2,"Great teaching pace, doubts cleared quickly",41.3
1420,Lucknow,2,JEE Advanced,Weekday,17,2024-10-23,78.1,7.4,<5L,73.6,78.8,91.8,91.0,3,"Great teaching pace, doubts cleared quickly",50.3
1133,Bengaluru,1,JEE Main,Weekday,18,2025-02-26,84.5,6.9,5-10L,80.2,79.4,73.9,97.5,4,Need more practice sheets for weak topics,67.4
1050,Mumbai,1,JEE Main,Crash Course,17,2025-11-07,91.4,7.4,<5L,84.6,70.7,62.5,66.0,3,Mock tests really helped identify gaps,74.2
1316,Kota,2,Foundation,Weekday,15,2025-08-15,77.6,5.2,5-10L,69.4,75.0,68.3,75.8,5,Mock tests really helped identify gaps,54.8
1258,Mumbai,1,Foundation,Weekday,19,2025-08-02,70.5,,<5L,99.0,100.0,100.0,97.1,6,Batch timing is inconvenient for me,68.9
1459,Hyderabad,2,NEET,Weekday,17,2024-11-24,77.0,2.6,5-10L,76.8,80.5,78.5,72.8,3,Need more practice sheets for weak topics,50.8
1060,Mumbai,1,JEE Advanced,Crash Course,18,2025-08-03,75.5,6.3,5-10L,61.2,78.8,65.8,60.1,5,Need more practice sheets for weak topics,48.8
1424,Mumbai,1,NEET,Weekday,19,2026-01-22,66.2,3.8,<5L,78.5,87.3,74.8,67.4,3,Need more practice sheets for weak topics,46.9
1434,Lucknow,2,Foundation,Weekend,18,2026-04-12,92.7,8.5,10-20L,78.9,71.2,65.9,72.1,5,,60.1
1163,Delhi,1,JEE Main,Weekend,16,2025-07-24,81.9,5.8,,56.0,49.8,43.6,46.3,5,Would like more one-on-one mentoring,58.3
1042,Lucknow,2,Foundation,Weekday,16,2025-10-19,74.6,,5-10L,66.0,69.1,84.3,81.9,3,Need more practice sheets for weak topics,45.9
1554,Lucknow,2,JEE Main,Weekend,18,2025-07-31,72.1,6.5,10-20L,50.1,48.3,45.3,46.5,0,"Great teaching pace, doubts cleared quickly",45.1
1540,Lucknow,2,NEET,Weekend,20,2025-05-11,58.8,13.6,10-20L,63.8,65.8,76.5,72.0,2,"Great teaching pace, doubts cleared quickly",50.4
1589,Delhi,1,JEE Main,Crash Course,16,2025-10-05,71.2,,>20L,57.7,57.9,62.1,66.0,5,Mock tests really helped identify gaps,58.5
1546,Pune,1,JEE Advanced,Weekend,15,2025-02-05,66.5,,,72.4,79.2,80.9,75.8,6,Need more practice sheets for weak topics,50.3
1136,Mumbai,1,NEET,Crash Course,16,2025-02-24,68.7,3.9,10-20L,63.6,68.3,87.3,100.0,1,"Great teaching pace, doubts cleared quickly",42.9
1063,Bengaluru,1,JEE Main,Weekday,17,2025-03-29,82.2,5.0,<5L,50.8,45.9,55.7,48.4,3,"Great teaching pace, doubts cleared quickly",48.7
1396,Pune,1,JEE Advanced,Weekend,16,2024-06-24,76.3,4.3,>20L,69.7,82.7,81.8,93.4,5,Would like more one-on-one mentoring,43.8
1496,Pune,1,JEE Advanced,Weekday,18,2025-04-27,100.0,5.9,<5L,74.2,75.6,76.8,100.0,5,Mock tests really helped identify gaps,55.8
1502,Lucknow,2,JEE Advanced,Crash Course,18,2025-07-18,76.4,0.8,<5L,31.9,15.2,25.3,,6,Need more practice sheets for weak topics,22.4
1091,Mumbai,1,JEE Main,Weekday,16,2024-10-17,64.8,3.8,5-10L,72.2,58.5,59.5,49.4,2,Mock tests really helped identify gaps,40.3
1234,Bengaluru,1,NEET,Weekday,17,2025-09-01,83.5,6.2,<5L,53.7,69.8,83.5,89.2,3,Mock tests really helped identify gaps,48.0
1198,Lucknow,2,JEE Main,Crash Course,17,2024-07-09,88.2,3.6,5-10L,95.7,89.2,100.0,98.3,2,Batch timing is inconvenient for me,58.4
1593,Delhi,1,Foundation,Weekday,18,2025-11-16,90.7,8.9,10-20L,75.1,69.8,68.6,69.1,5,"Great teaching pace, doubts cleared quickly",72.8
1018,Mumbai,1,JEE Advanced,Weekend,18,2024-08-18,58.0,3.1,<5L,54.0,58.8,56.2,46.6,5,Batch timing is inconvenient for me,49.8
1403,Hyderabad,2,JEE Main,Weekend,16,2025-12-27,90.4,,<5L,69.8,63.3,71.3,89.8,5,Would like more one-on-one mentoring,52.3
1559,Bengaluru,1,JEE Advanced,Crash Course,17,2025-02-18,84.0,1.1,10-20L,71.9,68.3,70.8,60.7,4,Mock tests really helped identify gaps,49.5
1312,Kota,2,Foundation,Weekday,18,2025-11-28,79.6,6.3,10-20L,86.5,79.4,94.9,100.0,6,Would like more one-on-one mentoring,60.6
1407,Delhi,1,Foundation,Crash Course,18,2025-01-07,65.4,4.2,<5L,75.9,65.1,62.6,68.4,4,Need more practice sheets for weak topics,57.3
1519,Mumbai,1,JEE Main,Weekend,15,2025-03-13,69.0,3.5,5-10L,62.4,76.5,78.0,81.8,5,Need more practice sheets for weak topics,39.8
1093,Pune,1,JEE Main,Weekend,18,2024-12-26,100.0,2.9,10-20L,69.0,78.2,88.3,83.5,3,Would like more one-on-one mentoring,54.7
1293,Patna,2,JEE Main,Weekend,16,2025-12-06,72.4,3.9,<5L,72.9,77.6,89.8,84.9,6,"Great teaching pace, doubts cleared quickly",52.9
1466,Bengaluru,1,Foundation,Crash Course,17,2024-10-23,95.0,3.7,10-20L,31.6,25.9,41.8,38.4,4,Would like more one-on-one mentoring,38.6
1030,Bengaluru,1,Foundation,Weekday,18,2024-10-23,83.1,2.0,>20L,70.4,69.6,62.4,68.7,4,,57.4
1375,Mumbai,1,JEE Advanced,Weekday,19,2026-01-19,60.8,3.9,10-20L,76.7,63.6,45.6,44.9,2,Need more practice sheets for weak topics,41.0
1086,Mumbai,1,JEE Advanced,Crash Course,18,2025-08-02,59.8,5.5,<5L,43.7,50.1,50.1,39.3,3,"Great teaching pace, doubts cleared quickly",44.1
1583,Mumbai,1,JEE Main,Weekday,18,2026-04-20,86.6,6.6,,65.5,72.7,75.8,75.2,6,Need more practice sheets for weak topics,57.5
1443,Hyderabad,2,NEET,Weekday,16,2024-07-14,80.2,4.2,<5L,78.3,94.7,100.0,95.3,3,Need more practice sheets for weak topics,52.3
1248,Kota,2,NEET,Weekday,16,2025-08-27,68.7,9.4,10-20L,78.6,78.1,93.9,100.0,4,Would like more one-on-one mentoring,57.2
1174,Patna,2,Foundation,Weekend,15,2026-04-06,89.8,12.6,,45.0,36.9,33.7,,7,Batch timing is inconvenient for me,53.9
1500,Pune,1,JEE Main,Weekend,17,2025-03-15,101.0,7.1,5-10L,47.7,47.5,54.9,68.9,2,Would like more one-on-one mentoring,52.7
1592,Pune,1,JEE Advanced,Weekday,19,2025-03-11,88.4,9.1,5-10L,10.0,17.2,5.0,,3,"Great teaching pace, doubts cleared quickly",34.9
1463,Patna,2,JEE Main,Weekend,16,2024-11-30,59.9,5.3,>20L,,83.8,83.2,85.6,1,Need more practice sheets for weak topics,49.9
1560,Pune,1,NEET,Crash Course,17,2024-11-22,73.2,1.8,10-20L,69.8,68.7,86.1,88.2,4,"Great teaching pace, doubts cleared quickly",58.3
1089,Delhi,1,NEET,Weekday,15,2025-08-28,77.6,6.6,>20L,57.3,58.5,62.7,64.4,5,"Great teaching pace, doubts cleared quickly",59.8
1286,Kota,2,JEE Advanced,Weekday,19,2025-01-01,90.2,3.8,5-10L,42.1,55.8,63.8,67.3,6,Would like more one-on-one mentoring,32.0
1260,Bengaluru,1,NEET,Weekday,17,2025-12-23,78.6,3.5,5-10L,86.9,85.2,71.4,84.6,1,"Great teaching pace, doubts cleared quickly",46.9
1173,Delhi,1,NEET,Weekday,18,2026-05-07,88.5,3.1,5-10L,59.1,54.6,47.6,46.6,3,Batch timing is inconvenient for me,50.1
1586,Bengaluru,1,Foundation,Weekend,15,2026-02-26,99.1,2.0,>20L,67.8,65.3,59.3,60.0,5,Mock tests really helped identify gaps,61.8
1238,Hyderabad,2,Foundation,Weekday,17,2024-09-19,94.0,7.9,<5L,73.9,74.1,68.1,70.5,2,"Great teaching pace, doubts cleared quickly",59.8
1570,Pune,1,JEE Main,Weekend,15,2025-03-06,84.5,1.9,<5L,46.1,33.1,31.5,31.0,1,Need more practice sheets for weak topics,35.1
1161,Mumbai,1,NEET,Weekend,18,2026-01-07,100.0,6.5,5-10L,66.1,84.3,95.6,94.8,3,Need more practice sheets for weak topics,58.0
1004,Bengaluru,1,NEET,Weekend,16,2025-01-27,100.0,1.3,<5L,48.1,52.8,50.6,51.7,0,"Great teaching pace, doubts cleared quickly",48.7
1440,Bengaluru,1,JEE Main,Weekend,17,2025-07-15,88.4,12.5,5-10L,49.1,28.4,25.3,22.0,5,Would like more one-on-one mentoring,66.3
1010,Pune,1,JEE Advanced,Weekday,16,2026-05-13,69.8,3.3,<5L,85.6,69.7,81.7,89.4,6,Need more practice sheets for weak topics,55.3
1190,Delhi,1,NEET,Weekday,16,2025-10-12,76.5,11.2,10-20L,70.8,74.9,88.8,100.0,4,"Great teaching pace, doubts cleared quickly",53.3
1374,Delhi,1,Foundation,Weekend,17,2024-08-30,49.4,12.8,10-20L,,75.9,72.9,75.3,3,Need more practice sheets for weak topics,46.4
1518,Hyderabad,2,NEET,Weekend,17,2026-01-10,87.5,4.5,<5L,55.5,53.9,60.7,63.2,6,,39.9
1503,Patna,2,NEET,Weekday,18,2025-06-28,100.0,13.4,<5L,73.5,72.4,69.6,67.2,1,Need more practice sheets for weak topics,66.6
1441,Lucknow,2,JEE Main,Weekend,17,2025-02-08,61.7,2.0,5-10L,51.8,68.2,69.1,90.6,3,Batch timing is inconvenient for me,33.0
1196,Delhi,1,JEE Advanced,Weekday,15,2024-12-20,93.3,2.9,,41.2,42.9,46.5,63.6,3,Mock tests really helped identify gaps,45.9
1596,Delhi,1,JEE Main,Weekday,17,2025-10-31,66.1,2.0,<5L,87.8,94.7,98.3,100.0,6,Mock tests really helped identify gaps,61.0
1108,Delhi,1,NEET,Weekend,17,2026-02-28,79.6,12.4,5-10L,81.2,86.4,82.0,87.2,4,Mock tests really helped identify gaps,75.5
1329,Bengaluru,1,NEET,Weekday,18,2025-09-24,79.7,4.1,<5L,69.4,84.7,96.8,99.0,4,"Great teaching pace, doubts cleared quickly",60.6
1219,Patna,2,NEET,Crash Course,18,2025-02-18,62.8,12.3,,76.8,70.1,71.9,82.0,8,Mock tests really helped identify gaps,62.3
1181,Lucknow,2,JEE Main,Weekday,16,2025-09-12,100.0,5.5,<5L,53.3,55.5,68.4,83.7,5,"Great teaching pace, doubts cleared quickly",52.4
1351,Bengaluru,1,NEET,Weekday,16,2025-02-15,61.1,2.9,10-20L,46.2,44.9,53.7,50.1,4,Batch timing is inconvenient for me,32.7
1261,Mumbai,1,NEET,Weekend,16,2024-09-13,94.0,6.8,5-10L,53.9,58.5,60.2,50.4,3,"Great teaching pace, doubts cleared quickly",57.9
1070,Kota,2,JEE Advanced,Weekday,18,2024-09-26,78.9,1.1,5-10L,52.8,54.6,73.4,82.2,4,Batch timing is inconvenient for me,41.9
1041,Kota,2,NEET,Crash Course,17,2024-07-11,53.4,5.1,5-10L,71.2,58.0,65.9,60.0,3,Would like more one-on-one mentoring,46.9
1397,Lucknow,2,NEET,Weekday,16,2024-08-14,65.5,9.3,<5L,48.7,60.2,58.6,50.5,5,,49.5
1488,Delhi,1,NEET,Weekday,17,2026-05-26,69.3,11.0,>20L,77.7,75.6,66.4,75.9,6,"Great teaching pace, doubts cleared quickly",62.7
1120,Bengaluru,1,Foundation,Crash Course,18,2026-01-26,68.3,1.6,,51.9,53.8,54.3,55.9,5,Mock tests really helped identify gaps,36.9
1006,Patna,2,NEET,Weekday,16,2026-04-12,51.4,2.9,10-20L,,37.7,39.4,34.3,5,Would like more one-on-one mentoring,44.9
1225,Delhi,1,Foundation,Weekday,16,2026-05-28,52.2,2.3,>20L,72.8,82.4,94.7,100.0,2,"Great teaching pace, doubts cleared quickly",39.3
1160,Hyderabad,2,NEET,Weekday,16,2025-12-16,79.5,,5-10L,79.1,82.2,82.2,93.9,5,Need more practice sheets for weak topics,65.6
1039,Delhi,1,NEET,Weekday,17,2024-08-17,57.2,7.6,5-10L,83.6,81.0,82.0,73.1,3,Need more practice sheets for weak topics,66.7
1193,Mumbai,1,JEE Advanced,Weekday,19,2025-05-30,94.7,12.2,<5L,70.5,67.4,79.3,78.9,6,Would like more one-on-one mentoring,70.9
1083,Hyderabad,2,JEE Main,Weekday,16,2026-02-11,100.0,5.5,<5L,54.4,62.7,57.3,56.3,6,,63.6
1569,Kota,2,Foundation,Weekday,18,2025-03-11,92.2,5.7,5-10L,63.7,63.2,70.6,97.8,2,Batch timing is inconvenient for me,54.7
1348,Delhi,1,Foundation,Weekend,17,2024-06-19,100.0,4.7,5-10L,70.7,76.3,81.6,85.9,6,,67.2
1545,Mumbai,1,JEE Advanced,Weekend,16,2024-07-19,58.1,4.7,<5L,,71.1,82.3,83.7,4,"Great teaching pace, doubts cleared quickly",50.1
1035,Pune,1,JEE Main,Weekday,17,2024-09-20,95.3,10.8,10-20L,57.8,53.4,58.4,59.5,4,Would like more one-on-one mentoring,60.4
1068,Delhi,1,Foundation,Crash Course,16,2026-05-30,62.0,4.7,10-20L,63.0,63.2,56.6,62.8,4,,55.5
1125,Mumbai,1,JEE Main,Weekday,18,2025-01-02,91.5,,10-20L,64.2,83.5,94.1,74.9,8,"Great teaching pace, doubts cleared quickly",52.7
1040,Bengaluru,1,Foundation,Weekday,17,2024-07-21,80.0,2.8,<5L,65.6,61.5,62.5,71.3,7,Batch timing is inconvenient for me,61.6
1439,Hyderabad,2,JEE Advanced,Weekday,15,2025-11-04,71.4,1.9,<5L,69.0,69.6,87.5,80.3,2,Would like more one-on-one mentoring,40.0
1415,Mumbai,1,JEE Advanced,Weekend,16,2024-08-02,94.5,2.5,5-10L,62.0,56.1,64.7,58.0,4,,54.0
1541,Patna,2,JEE Advanced,Weekday,16,2025-12-25,64.3,7.6,10-20L,71.1,65.0,60.8,53.2,8,"Great teaching pace, doubts cleared quickly",57.7
1352,Delhi,1,JEE Main,Weekday,16,2024-07-27,100.0,12.0,<5L,61.0,57.1,61.4,69.8,6,Batch timing is inconvenient for me,57.9
1363,Mumbai,1,JEE Main,Crash Course,18,2024-10-25,74.2,3.7,,38.6,40.2,34.1,,2,Need more practice sheets for weak topics,43.9
1389,Mumbai,1,JEE Advanced,Weekday,16,2026-02-01,93.3,,5-10L,75.7,65.0,61.3,56.2,5,Would like more one-on-one mentoring,46.2
1308,Bengaluru,1,JEE Main,Weekday,17,2025-08-25,42.8,5.1,<5L,,12.5,22.9,33.1,9,,36.5
1524,Bengaluru,1,JEE Main,Weekend,18,2025-07-25,61.4,3.5,5-10L,44.9,52.8,67.2,75.2,5,Need more practice sheets for weak topics,35.7
1032,Patna,2,Foundation,Weekend,17,2025-12-11,85.1,4.4,>20L,78.4,76.9,88.0,91.3,5,Batch timing is inconvenient for me,44.9
1365,Bengaluru,1,Foundation,Weekend,17,2024-08-03,100.0,1.8,5-10L,60.3,62.1,71.2,80.8,8,Would like more one-on-one mentoring,55.6
1096,Bengaluru,1,NEET,Weekday,17,2025-08-31,87.1,5.3,<5L,65.2,65.5,68.8,78.1,5,"Great teaching pace, doubts cleared quickly",60.3
1246,Lucknow,2,Foundation,Weekend,17,2025-09-04,150.0,7.9,5-10L,70.7,67.8,64.5,75.9,4,Mock tests really helped identify gaps,51.9
1278,Pune,1,JEE Advanced,Crash Course,17,2025-03-01,69.0,6.7,10-20L,62.3,61.1,62.0,65.7,3,Would like more one-on-one mentoring,62.9
1075,Mumbai,1,NEET,Weekday,17,2025-02-02,80.5,,5-10L,62.2,69.1,75.6,83.3,3,Would like more one-on-one mentoring,52.9
1259,Mumbai,1,JEE Advanced,Crash Course,17,2024-10-06,72.3,9.5,<5L,66.5,66.7,69.6,74.6,5,Need more practice sheets for weak topics,59.0
1313,Delhi,1,Foundation,Weekend,17,2024-11-29,80.6,6.2,5-10L,72.6,81.0,60.3,71.1,1,"Great teaching pace, doubts cleared quickly",62.1
1062,Pune,1,Foundation,Weekday,17,2025-09-28,37.9,1.2,5-10L,,95.8,98.7,89.9,2,"Great teaching pace, doubts cleared quickly",41.8
1551,Pune,1,JEE Main,Weekend,17,2024-12-17,59.8,2.0,5-10L,56.5,58.3,46.2,54.5,5,Would like more one-on-one mentoring,39.3
1215,Hyderabad,2,JEE Main,Weekday,17,2025-10-26,57.4,7.5,<5L,,71.6,80.0,86.7,1,"Great teaching pace, doubts cleared quickly",66.8
1077,Delhi,1,Foundation,Weekday,17,2026-02-02,53.7,1.1,10-20L,,68.3,70.9,79.1,10,Would like more one-on-one mentoring,54.3
1438,Pune,1,JEE Advanced,Crash Course,17,2025-04-05,70.7,6.5,<5L,59.2,61.5,50.3,56.4,6,Mock tests really helped identify gaps,42.2
1305,Lucknow,2,Foundation,Weekend,19,2026-02-28,61.6,1.7,5-10L,67.8,53.1,42.6,32.2,2,Mock tests really helped identify gaps,49.4
1547,Kota,2,NEET,Weekend,17,2025-09-21,79.2,2.3,10-20L,87.5,72.0,64.8,67.5,1,Mock tests really helped identify gaps,51.1
1069,Mumbai,1,JEE Main,Weekday,18,2025-05-30,76.0,4.9,10-20L,65.5,57.5,67.4,61.9,4,Mock tests really helped identify gaps,49.8
1473,Mumbai,1,JEE Advanced,Weekend,17,2024-12-27,66.5,0.6,<5L,67.6,78.0,86.4,81.8,8,Mock tests really helped identify gaps,54.6
1005,Mumbai,1,Foundation,Weekday,16,2025-06-25,63.2,3.7,5-10L,65.1,61.8,72.9,90.9,4,"Great teaching pace, doubts cleared quickly",44.3
1188,Mumbai,1,JEE Advanced,Weekday,17,2024-06-25,64.1,2.2,<5L,70.9,69.3,72.9,81.8,4,"Great teaching pace, doubts cleared quickly",43.8
1435,Mumbai,1,JEE Advanced,Crash Course,16,2026-03-20,71.5,10.0,10-20L,60.5,51.8,52.4,59.5,2,Need more practice sheets for weak topics,57.1
1340,Patna,2,JEE Main,Weekday,18,2025-10-22,71.7,7.0,5-10L,78.5,78.5,79.9,94.4,6,,64.4
1180,Hyderabad,2,Foundation,Weekday,17,2025-07-09,76.4,3.4,<5L,54.3,51.0,44.9,40.9,6,Mock tests really helped identify gaps,40.8
1020,Bengaluru,1,JEE Main,Weekday,16,2024-11-20,79.7,1.4,<5L,64.7,63.3,72.7,74.8,6,Need more practice sheets for weak topics,46.1
1556,Delhi,1,JEE Main,Weekend,18,2024-12-26,94.3,0.4,>20L,67.6,74.4,73.4,74.4,5,Need more practice sheets for weak topics,49.7
1486,Kota,2,NEET,Weekday,16,2026-02-08,68.6,6.7,5-10L,74.6,82.6,93.6,85.4,1,Mock tests really helped identify gaps,50.7
1118,Hyderabad,2,JEE Main,Weekday,16,2025-11-18,90.4,8.4,<5L,85.3,94.5,91.9,100.0,5,,61.5
1369,Kota,2,NEET,Weekday,17,2025-09-09,91.8,7.7,<5L,68.5,44.6,52.4,49.7,5,Need more practice sheets for weak topics,59.4
1079,Pune,1,JEE Main,Crash Course,17,2024-07-13,69.8,3.7,5-10L,89.7,77.6,93.7,81.0,4,Batch timing is inconvenient for me,53.3
1461,Bengaluru,1,Foundation,Weekday,17,2025-08-24,88.6,6.4,10-20L,56.0,63.9,63.6,63.6,3,Need more practice sheets for weak topics,45.8
1058,Bengaluru,1,JEE Main,Weekend,17,2026-04-30,94.6,7.1,5-10L,65.0,76.5,74.0,84.5,7,Need more practice sheets for weak topics,61.1
1379,Kota,2,NEET,Crash Course,17,2025-05-29,75.6,5.7,5-10L,85.4,78.5,94.0,87.4,3,Need more practice sheets for weak topics,62.5
1043,Hyderabad,2,JEE Main,Weekday,17,2026-02-08,96.0,5.2,10-20L,77.7,79.6,89.4,91.4,5,Need more practice sheets for weak topics,55.1
1526,Kota,2,NEET,Weekday,18,2025-05-08,87.6,5.0,<5L,99.0,93.9,92.8,91.1,4,"Great teaching pace, doubts cleared quickly",63.9
1296,Lucknow,2,Foundation,Weekend,18,2024-12-26,95.7,5.3,<5L,71.0,65.5,65.1,68.4,4,Need more practice sheets for weak topics,58.6
1082,Kota,2,JEE Main,Weekday,18,2025-03-23,75.6,0.4,<5L,62.0,58.3,56.0,54.2,3,Batch timing is inconvenient for me,51.1
1134,Kota,2,JEE Advanced,Crash Course,18,2025-06-15,63.8,5.0,<5L,98.5,99.7,100.0,100.0,3,,61.7
1243,Delhi,1,NEET,Weekday,19,2026-04-23,72.4,13.7,5-10L,58.4,68.6,66.2,60.0,4,Batch timing is inconvenient for me,62.3
1465,Bengaluru,1,JEE Advanced,Crash Course,16,2025-03-03,81.3,6.6,>20L,57.6,55.0,50.7,54.2,6,"Great teaching pace, doubts cleared quickly",54.8
1162,Lucknow,2,JEE Main,Weekday,17,2026-01-07,51.2,4.8,<5L,,49.0,40.9,33.5,10,Would like more one-on-one mentoring,45.8
1533,Kota,2,JEE Main,Weekend,15,2025-05-30,86.8,2.2,5-10L,63.1,62.6,78.7,92.8,6,"Great teaching pace, doubts cleared quickly",66.5
1567,Hyderabad,2,Foundation,Crash Course,17,2024-09-30,87.9,4.0,5-10L,74.5,75.7,76.7,65.4,5,,57.3
1530,Delhi,1,Foundation,Weekday,18,2025-04-23,53.3,5.2,5-10L,,77.0,73.9,76.6,8,Would like more one-on-one mentoring,52.4
1262,Lucknow,2,NEET,Weekday,18,2025-03-03,78.3,10.5,5-10L,64.4,77.8,86.7,88.3,4,Mock tests really helped identify gaps,63.4
1387,Hyderabad,2,JEE Advanced,Weekday,17,2025-04-15,60.8,1.6,5-10L,62.3,61.1,74.5,81.7,2,"Great teaching pace, doubts cleared quickly",40.5
1242,Hyderabad,2,NEET,Weekday,16,2026-03-21,80.0,3.5,10-20L,57.9,52.7,37.9,,3,Would like more one-on-one mentoring,42.0
1401,Delhi,1,JEE Main,Crash Course,16,2026-01-08,84.8,7.6,5-10L,56.2,53.8,53.2,70.2,6,Mock tests really helped identify gaps,52.5
1287,Mumbai,1,JEE Advanced,Crash Course,16,2025-07-07,94.5,,5-10L,55.2,76.9,87.5,74.7,3,Batch timing is inconvenient for me,55.4
1380,Hyderabad,2,JEE Main,Crash Course,17,2024-08-04,78.2,13.4,10-20L,40.4,32.6,39.3,,1,"Great teaching pace, doubts cleared quickly",50.9
1315,Kota,2,Foundation,Crash Course,16,2025-10-08,60.2,11.5,10-20L,56.5,38.3,40.3,38.3,7,Mock tests really helped identify gaps,56.0
1140,Mumbai,1,JEE Advanced,Weekday,15,2024-09-13,79.3,13.8,5-10L,62.2,64.7,67.8,53.0,4,Batch timing is inconvenient for me,59.0
1158,Bengaluru,1,Foundation,Weekday,18,2025-03-07,64.3,8.3,<5L,73.6,82.6,84.5,86.8,7,Mock tests really helped identify gaps,60.5
1017,Pune,1,NEET,Weekday,19,2025-02-10,73.1,15.2,,81.4,87.6,97.7,99.5,3,Mock tests really helped identify gaps,79.3
1575,Lucknow,2,NEET,Weekend,15,2025-05-29,98.0,2.8,<5L,78.8,73.8,78.6,87.9,3,"Great teaching pace, doubts cleared quickly",55.0
1237,Pune,1,NEET,Weekday,18,2025-04-13,88.5,12.5,5-10L,55.7,57.1,60.4,59.1,3,Would like more one-on-one mentoring,58.8
1395,Mumbai,1,Foundation,Weekend,18,2025-05-25,95.6,4.4,<5L,42.4,45.2,49.9,48.9,8,"Great teaching pace, doubts cleared quickly",48.7
1268,Mumbai,1,NEET,Weekday,16,2025-06-06,46.7,15.6,,,84.0,92.1,100.0,3,,57.8
1103,Delhi,1,JEE Main,Weekend,16,2024-08-16,75.7,6.0,10-20L,56.3,42.0,54.0,54.3,2,Mock tests really helped identify gaps,49.7
1053,Hyderabad,2,NEET,Weekday,18,2025-05-08,83.5,,10-20L,43.5,48.3,50.9,52.6,5,Batch timing is inconvenient for me,48.0
1346,Hyderabad,2,JEE Main,Weekday,16,2026-04-08,100.0,4.8,>20L,55.0,67.0,65.4,70.4,3,Need more practice sheets for weak topics,45.3
1565,Bengaluru,1,JEE Main,Weekday,18,2025-05-21,78.6,7.1,5-10L,90.3,100.0,98.2,100.0,3,Mock tests really helped identify gaps,70.6
1147,Kota,2,JEE Advanced,Weekday,17,2025-03-06,67.0,4.0,<5L,64.1,54.6,62.4,60.4,6,"Great teaching pace, doubts cleared quickly",38.3
1256,Hyderabad,2,NEET,Weekday,18,2026-05-01,58.3,6.3,>20L,,65.1,63.7,50.5,4,Need more practice sheets for weak topics,37.4
1483,Bengaluru,1,Foundation,Weekend,17,2024-06-04,67.8,14.3,<5L,77.2,73.3,60.0,53.6,6,Mock tests really helped identify gaps,71.2
1468,Patna,2,NEET,Weekday,16,2025-11-06,88.9,8.9,10-20L,53.9,67.8,82.7,83.6,0,,46.7
1542,Pune,1,NEET,Weekday,16,2026-01-19,67.9,5.6,10-20L,57.9,58.2,59.4,44.6,4,"Great teaching pace, doubts cleared quickly",53.1
1129,Mumbai,1,NEET,Weekday,17,2026-02-02,72.0,7.4,5-10L,51.4,48.6,46.4,61.5,6,Batch timing is inconvenient for me,30.9
1274,Bengaluru,1,JEE Advanced,Weekday,18,2024-11-30,90.8,,5-10L,75.7,86.6,91.8,98.9,1,"Great teaching pace, doubts cleared quickly",51.4
1548,Mumbai,1,Foundation,Weekday,17,2026-01-06,61.5,6.7,5-10L,49.2,46.2,60.5,58.6,7,"Great teaching pace, doubts cleared quickly",50.4
1451,Mumbai,1,NEET,Weekday,17,2026-01-30,96.6,,10-20L,93.6,99.8,100.0,98.4,3,Need more practice sheets for weak topics,72.5
1111,Pune,1,Foundation,Weekday,18,2025-01-28,86.9,10.6,>20L,88.8,74.2,79.0,98.6,5,Mock tests really helped identify gaps,74.7
1525,Mumbai,1,JEE Advanced,Weekday,17,2025-03-12,92.9,2.7,5-10L,89.4,91.7,100.0,96.9,4,Need more practice sheets for weak topics,70.5
1324,Pune,1,NEET,Weekend,17,2025-09-22,77.5,21.7,5-10L,63.0,72.9,73.6,64.3,4,Need more practice sheets for weak topics,77.8
1529,Hyderabad,2,NEET,Weekday,17,2025-07-19,88.9,6.4,10-20L,53.4,66.3,65.5,67.1,1,,49.0
1347,Patna,2,NEET,Weekday,18,2025-03-06,77.2,2.7,10-20L,55.0,53.3,56.6,54.6,3,Mock tests really helped identify gaps,40.1
1436,Delhi,1,NEET,Weekday,16,2025-07-22,62.5,4.2,5-10L,57.8,47.1,53.2,61.2,0,Mock tests really helped identify gaps,48.0
1361,Patna,2,NEET,Crash Course,17,2024-10-28,50.4,8.5,>20L,71.6,73.4,73.5,70.4,3,,47.7
1423,Mumbai,1,Foundation,Weekend,17,2025-07-13,100.0,2.6,>20L,74.4,72.5,83.1,97.6,4,,49.5
1143,Patna,2,Foundation,Weekday,16,2024-09-26,69.9,9.6,>20L,38.9,49.4,54.0,73.7,7,"Great teaching pace, doubts cleared quickly",45.3
1566,Bengaluru,1,Foundation,Weekday,18,2025-06-09,77.1,8.4,5-10L,85.1,78.4,88.8,100.0,3,Would like more one-on-one mentoring,59.2
1007,Hyderabad,2,Foundation,Weekend,16,2025-06-29,96.0,2.3,<5L,70.6,76.1,74.2,82.9,4,"Great teaching pace, doubts cleared quickly",60.7
1285,Bengaluru,1,JEE Main,Weekend,18,2026-04-16,67.6,4.8,5-10L,75.4,73.5,84.0,91.5,4,Need more practice sheets for weak topics,52.6
1012,Patna,2,NEET,Weekend,16,2025-04-01,64.7,10.5,5-10L,49.3,42.5,40.5,18.5,9,,53.2
1307,Kota,2,NEET,Weekend,17,2026-01-17,73.9,6.3,10-20L,66.8,72.1,79.5,73.3,2,Mock tests really helped identify gaps,58.5
1263,Delhi,1,NEET,Weekday,17,2025-01-27,61.2,,10-20L,74.3,77.8,83.4,83.9,3,,51.7
1371,Hyderabad,2,JEE Main,Weekday,16,2025-12-22,69.2,2.9,10-20L,41.2,33.2,34.0,47.6,4,"Great teaching pace, doubts cleared quickly",28.4
1059,Mumbai,1,NEET,Weekday,17,2024-07-14,81.0,5.1,,72.6,77.9,70.7,71.9,5,Mock tests really helped identify gaps,50.0
1522,Kota,2,JEE Main,Weekday,16,2024-07-22,69.3,,10-20L,72.4,69.6,61.9,60.7,4,"Great teaching pace, doubts cleared quickly",43.8
1557,Delhi,1,JEE Main,Weekday,17,2025-12-25,73.7,6.9,<5L,79.0,68.4,73.2,68.5,6,,53.8
1475,Delhi,1,Foundation,Weekend,16,2024-12-11,82.7,4.1,<5L,71.0,68.8,80.3,74.6,3,Mock tests really helped identify gaps,47.7
1187,Kota,2,Foundation,Weekend,15,2024-10-23,91.6,17.6,<5L,85.3,86.5,67.1,63.7,2,,70.5
1204,Mumbai,1,NEET,Weekday,17,2025-06-24,91.7,5.0,5-10L,62.2,50.8,64.2,54.6,3,Need more practice sheets for weak topics,47.7
1350,Mumbai,1,JEE Advanced,Weekday,18,2026-02-01,67.3,2.6,<5L,82.2,86.7,85.8,93.2,9,,52.3
1476,Delhi,1,JEE Advanced,Crash Course,16,2024-12-30,80.6,9.3,5-10L,65.2,63.5,62.3,79.0,5,"Great teaching pace, doubts cleared quickly",67.7
1284,Delhi,1,NEET,Weekday,18,2025-01-20,73.6,9.7,5-10L,68.8,66.4,70.2,59.5,7,Need more practice sheets for weak topics,54.5
1003,Lucknow,2,Foundation,Weekend,17,2026-02-28,82.1,10.9,>20L,40.2,43.1,36.8,,5,Mock tests really helped identify gaps,52.8
1102,Bengaluru,1,JEE Advanced,Weekend,17,2024-08-13,71.4,13.1,<5L,71.9,77.2,68.3,65.4,4,Mock tests really helped identify gaps,70.0
1521,Lucknow,2,NEET,Weekday,19,2025-08-18,65.7,5.3,5-10L,68.7,55.4,53.8,57.1,1,Need more practice sheets for weak topics,36.1
1364,Mumbai,1,JEE Main,Crash Course,18,2025-04-26,88.4,2.5,<5L,82.8,71.7,83.8,93.3,3,Batch timing is inconvenient for me,58.8
1460,Bengaluru,1,NEET,Weekday,17,2025-05-06,78.6,3.3,5-10L,70.3,78.4,71.7,76.1,4,Would like more one-on-one mentoring,40.9
1105,Hyderabad,2,JEE Main,Weekend,16,2026-02-07,83.5,5.4,,62.3,68.4,68.4,62.9,3,Need more practice sheets for weak topics,48.4
1555,Mumbai,1,NEET,Weekday,17,2025-09-29,70.0,3.7,10-20L,66.0,64.6,72.6,63.5,2,Mock tests really helped identify gaps,49.7
1362,Mumbai,1,JEE Advanced,Weekend,17,2024-09-30,92.8,,5-10L,82.6,95.5,96.4,96.7,3,Mock tests really helped identify gaps,56.0
1366,Kota,2,NEET,Weekday,16,2025-03-21,73.1,11.2,>20L,76.0,75.6,75.2,83.9,8,,60.8
1226,Patna,2,JEE Main,Weekday,17,2024-11-05,68.5,2.5,5-10L,78.6,88.2,98.0,93.8,3,Need more practice sheets for weak topics,51.6
1019,Lucknow,2,JEE Main,Weekend,17,2025-03-12,72.1,2.6,10-20L,65.5,61.1,64.9,63.1,1,Mock tests really helped identify gaps,50.2
1169,Delhi,1,JEE Main,Weekday,16,2024-10-15,78.1,3.2,10-20L,40.2,37.7,38.3,,0,Need more practice sheets for weak topics,39.6
1494,Delhi,1,JEE Main,Weekend,16,2025-11-26,100.0,1.8,5-10L,64.4,62.7,50.9,63.2,3,Would like more one-on-one mentoring,54.4
1568,Mumbai,1,NEET,Weekday,15,2026-04-24,63.6,1.0,<5L,70.7,69.2,76.1,69.9,7,Mock tests really helped identify gaps,45.0
1122,Bengaluru,1,JEE Advanced,Weekday,18,2025-08-08,100.0,12.9,>20L,72.4,70.9,78.8,86.4,2,Mock tests really helped identify gaps,82.0
1422,Mumbai,1,NEET,Weekday,18,2026-02-19,84.1,7.5,>20L,84.1,75.7,76.0,71.5,2,Batch timing is inconvenient for me,59.0
1454,Delhi,1,JEE Main,Weekday,18,2025-09-04,86.3,1.4,5-10L,54.2,48.7,65.3,76.8,8,Need more practice sheets for weak topics,40.3
1507,Delhi,1,JEE Main,Weekday,17,2025-01-16,83.9,2.5,>20L,74.0,89.7,85.5,85.7,3,Need more practice sheets for weak topics,45.9
1537,Pune,1,NEET,Crash Course,17,2024-11-13,68.0,10.2,>20L,41.5,39.0,41.2,30.8,3,"Great teaching pace, doubts cleared quickly",42.6
1404,Mumbai,1,JEE Main,Weekend,16,2025-09-30,97.9,5.7,<5L,72.3,78.4,86.0,85.4,3,Mock tests really helped identify gaps,57.5
1598,Bengaluru,1,NEET,Weekday,16,2025-05-08,81.6,5.1,<5L,79.1,93.6,86.5,95.3,5,"Great teaching pace, doubts cleared quickly",61.1
1292,Mumbai,1,Foundation,Weekend,17,2025-09-13,97.9,7.6,10-20L,52.8,60.0,65.0,59.8,7,"Great teaching pace, doubts cleared quickly",46.2
1081,Bengaluru,1,JEE Main,Weekday,17,2025-05-18,65.3,1.1,<5L,77.0,76.9,78.4,78.3,0,Would like more one-on-one mentoring,41.6
1047,Kota,2,JEE Main,Weekend,17,2024-07-14,77.1,14.8,10-20L,66.5,63.5,70.5,79.7,7,"Great teaching pace, doubts cleared quickly",69.6
1446,Hyderabad,2,JEE Advanced,Weekday,17,2024-11-24,68.7,17.4,<5L,57.0,39.4,29.3,,3,Would like more one-on-one mentoring,59.3
1275,Bengaluru,1,NEET,Weekday,17,2024-09-09,67.9,6.3,10-20L,50.3,63.3,60.1,53.3,4,Would like more one-on-one mentoring,52.7
1094,Kota,2,JEE Advanced,Weekday,16,2025-12-29,97.5,4.0,10-20L,66.2,55.5,59.4,63.2,4,Mock tests really helped identify gaps,48.8
1214,Hyderabad,2,NEET,Crash Course,17,2024-08-10,65.5,5.3,5-10L,51.9,51.6,65.3,76.3,1,,41.7
1411,Bengaluru,1,NEET,Weekday,15,2025-06-21,71.8,3.6,<5L,41.0,48.0,43.7,33.9,2,Need more practice sheets for weak topics,35.3
1107,Pune,1,NEET,Weekend,18,2026-05-14,55.3,,5-10L,57.7,62.4,69.4,66.4,7,"Great teaching pace, doubts cleared quickly",54.3
1116,Lucknow,2,JEE Main,Weekend,16,2024-11-09,55.4,9.8,5-10L,63.8,66.4,61.9,80.6,6,"Great teaching pace, doubts cleared quickly",71.1
1489,Bengaluru,1,NEET,Weekend,16,2024-10-08,70.6,2.1,<5L,62.6,60.3,66.0,79.9,5,Would like more one-on-one mentoring,52.5
1427,Delhi,1,Foundation,Weekday,16,2025-02-12,56.0,7.5,5-10L,,50.3,30.6,42.8,4,Batch timing is inconvenient for me,50.2
1360,Bengaluru,1,NEET,Crash Course,17,2025-01-31,71.5,6.3,,74.3,62.5,60.3,73.6,4,Batch timing is inconvenient for me,52.5
1037,Mumbai,1,NEET,Weekday,17,2026-04-09,91.9,,<5L,93.7,93.9,100.0,100.0,5,,60.5
1334,Lucknow,2,NEET,Weekend,17,2026-01-25,100.0,9.3,5-10L,91.7,100.0,92.1,100.0,3,Mock tests really helped identify gaps,70.1
1205,Mumbai,1,JEE Main,Weekday,16,2025-12-22,75.8,6.7,,77.7,73.0,79.9,83.0,3,Mock tests really helped identify gaps,63.5
1245,Bengaluru,1,JEE Main,Weekday,16,2024-12-04,66.6,2.6,,42.1,51.2,51.5,64.5,2,Need more practice sheets for weak topics,32.4
1222,Pune,1,NEET,Weekday,19,2024-11-13,99.4,2.5,10-20L,46.4,46.2,50.3,47.1,2,Mock tests really helped identify gaps,45.9
1247,Bengaluru,1,JEE Advanced,Crash Course,17,2025-06-28,76.7,3.7,10-20L,50.1,49.7,49.0,49.8,1,Mock tests really helped identify gaps,49.6
1343,Hyderabad,2,JEE Main,Weekday,19,2026-04-10,81.1,5.8,5-10L,61.2,56.8,46.0,53.6,2,"Great teaching pace, doubts cleared quickly",41.0
1377,Patna,2,NEET,Weekend,17,2025-11-18,83.6,6.5,10-20L,57.0,63.1,64.6,68.2,5,"Great teaching pace, doubts cleared quickly",63.1
1250,Kota,2,Foundation,Weekday,17,2025-09-10,61.1,2.9,5-10L,70.7,83.1,80.6,81.8,2,Mock tests really helped identify gaps,44.8
1123,Mumbai,1,JEE Main,Weekday,15,2026-05-03,89.6,10.0,>20L,55.6,58.2,69.4,64.9,4,Would like more one-on-one mentoring,64.3
1165,Pune,1,Foundation,Weekday,18,2026-04-06,69.1,17.9,5-10L,68.8,65.0,75.7,64.6,5,Need more practice sheets for weak topics,68.7
1513,Mumbai,1,NEET,Crash Course,17,2025-07-18,57.6,,5-10L,70.1,53.6,55.5,62.3,4,Mock tests really helped identify gaps,40.6
1480,Kota,2,JEE Advanced,Weekday,17,2025-11-15,85.8,5.2,<5L,59.0,70.6,63.4,65.3,4,Mock tests really helped identify gaps,46.1
1240,Mumbai,1,NEET,Crash Course,17,2026-03-29,82.2,8.2,,37.3,46.2,41.2,22.7,2,Mock tests really helped identify gaps,49.4
1426,Hyderabad,2,JEE Advanced,Weekend,15,2026-03-21,80.9,13.1,<5L,62.6,55.6,77.2,89.8,6,,55.6
1485,Mumbai,1,Foundation,Weekday,16,2024-10-03,87.4,2.8,5-10L,75.2,91.2,100.0,79.0,2,Need more practice sheets for weak topics,55.1
1501,Hyderabad,2,JEE Main,Crash Course,17,2025-03-26,89.7,2.5,10-20L,51.6,43.1,59.4,76.7,4,Batch timing is inconvenient for me,41.6
1071,Delhi,1,JEE Main,Crash Course,19,2024-06-05,79.6,1.9,<5L,78.4,86.5,74.4,67.2,2,Mock tests really helped identify gaps,49.9
1319,Delhi,1,JEE Advanced,Weekday,16,2025-05-14,78.4,1.3,<5L,64.9,63.2,59.9,78.1,5,"Great teaching pace, doubts cleared quickly",51.6
1099,Mumbai,1,NEET,Weekend,16,2024-06-19,92.3,3.2,>20L,56.9,54.2,43.2,58.2,6,Mock tests really helped identify gaps,49.6
1306,Pune,1,NEET,Weekday,17,2024-06-23,88.6,6.8,10-20L,68.0,56.1,63.3,72.9,6,Mock tests really helped identify gaps,61.7
1552,Mumbai,1,Foundation,Weekday,18,2024-09-21,75.1,9.0,,76.7,77.2,74.0,77.8,1,"Great teaching pace, doubts cleared quickly",68.3
1031,Hyderabad,2,Foundation,Weekday,15,2025-12-01,99.9,3.3,10-20L,33.2,35.7,41.1,37.8,1,Would like more one-on-one mentoring,42.0
1376,Mumbai,1,NEET,Weekday,17,2025-01-02,99.0,2.4,5-10L,84.3,89.9,83.2,75.0,7,"Great teaching pace, doubts cleared quickly",62.4
1128,Mumbai,1,JEE Main,Weekend,15,2025-04-22,75.7,4.3,5-10L,67.7,83.1,85.4,91.5,2,Need more practice sheets for weak topics,51.5
1002,Kota,2,NEET,Weekend,16,2025-01-04,70.8,9.2,10-20L,53.4,62.6,54.1,51.4,4,,39.6
1302,Mumbai,1,JEE Main,Crash Course,16,2024-12-09,83.9,1.7,5-10L,78.4,84.5,77.4,74.4,2,Would like more one-on-one mentoring,52.2
1028,Mumbai,1,JEE Main,Weekday,18,2024-08-30,84.8,,10-20L,61.7,64.0,60.8,63.5,4,Mock tests really helped identify gaps,68.2
1090,Pune,1,NEET,Weekend,17,2025-11-08,72.4,16.4,<5L,87.2,88.8,100.0,93.2,4,Batch timing is inconvenient for me,73.7
1074,Delhi,1,NEET,Weekend,18,2025-06-29,62.8,2.3,5-10L,74.1,67.7,58.1,81.1,8,Batch timing is inconvenient for me,55.5
1448,Bengaluru,1,NEET,Weekend,18,2024-07-31,67.0,13.0,5-10L,86.3,77.5,76.3,78.7,3,Need more practice sheets for weak topics,68.0
1172,Pune,1,NEET,Crash Course,18,2024-07-08,88.9,22.2,5-10L,50.0,48.8,48.8,36.6,5,Mock tests really helped identify gaps,70.3
1356,Pune,1,Foundation,Weekend,18,2024-06-03,87.6,3.0,>20L,43.7,51.1,66.8,59.2,6,,46.8
1409,Mumbai,1,NEET,Weekday,18,2026-04-04,71.7,1.6,5-10L,82.4,88.6,85.9,77.8,3,Mock tests really helped identify gaps,54.4
1481,Kota,2,JEE Main,Weekend,17,2026-04-05,77.4,11.3,>20L,66.1,55.6,54.1,45.2,4,Mock tests really helped identify gaps,64.5
1092,Bengaluru,1,Foundation,Weekend,17,2025-09-12,74.7,1.5,5-10L,85.6,81.3,79.8,79.7,1,Would like more one-on-one mentoring,50.5
1428,Lucknow,2,JEE Advanced,Weekday,15,2026-03-03,-5.0,2.9,5-10L,62.9,66.9,68.1,66.3,3,Would like more one-on-one mentoring,47.6
1517,Delhi,1,JEE Main,Weekday,18,2025-07-17,85.8,,>20L,73.4,64.0,59.6,42.5,0,"Great teaching pace, doubts cleared quickly",41.6
1126,Pune,1,JEE Main,Crash Course,17,2025-02-03,86.1,7.9,10-20L,42.8,47.3,64.1,81.6,4,Mock tests really helped identify gaps,47.7
1582,Pune,1,JEE Main,Weekend,18,2024-06-24,77.1,11.5,10-20L,63.5,58.2,59.8,55.0,0,Need more practice sheets for weak topics,54.7
1013,Bengaluru,1,Foundation,Weekend,20,2024-10-22,75.5,4.3,5-10L,65.0,52.3,68.8,43.2,5,Mock tests really helped identify gaps,50.6
1345,Hyderabad,2,JEE Advanced,Weekday,15,2024-09-09,87.0,,<5L,83.4,77.4,63.8,64.1,6,,61.3
1600,Bengaluru,1,NEET,Weekend,17,2026-03-14,82.7,4.1,5-10L,29.8,27.9,30.0,12.3,4,Batch timing is inconvenient for me,42.1
1386,Patna,2,Foundation,Crash Course,20,2026-04-25,86.0,4.4,>20L,47.0,33.3,26.6,,2,Mock tests really helped identify gaps,50.4
1239,Mumbai,1,JEE Advanced,Crash Course,17,2026-05-04,78.0,6.0,<5L,55.1,44.9,33.0,45.6,4,,48.6
1587,Delhi,1,JEE Advanced,Weekday,17,2026-02-12,62.9,5.7,5-10L,74.9,75.1,95.9,100.0,2,Mock tests really helped identify gaps,54.4
1453,Hyderabad,2,JEE Main,Weekday,17,2025-07-02,100.0,1.4,<5L,50.2,64.7,78.6,75.1,2,"Great teaching pace, doubts cleared quickly",46.6
1442,Mumbai,1,NEET,Weekday,17,2025-02-06,65.3,4.5,10-20L,74.5,67.3,66.1,65.8,3,Need more practice sheets for weak topics,56.1
1144,Bengaluru,1,JEE Main,Weekend,16,2025-02-28,71.7,9.1,5-10L,55.0,50.2,51.7,39.5,4,Need more practice sheets for weak topics,49.5
1342,Patna,2,Foundation,Weekday,15,2026-02-18,100.0,3.9,10-20L,60.3,55.8,43.7,44.7,6,Batch timing is inconvenient for me,63.1
1015,Pune,1,JEE Main,Weekday,17,2026-04-02,63.9,9.7,<5L,71.3,74.4,74.3,87.4,3,Batch timing is inconvenient for me,54.9
1564,Bengaluru,1,JEE Main,Weekday,17,2024-12-04,70.3,16.9,5-10L,60.0,61.1,75.3,77.5,3,"Great teaching pace, doubts cleared quickly",65.6
1579,Lucknow,2,JEE Main,Weekday,17,2026-01-06,81.6,12.8,<5L,76.6,82.7,86.7,72.9,8,Need more practice sheets for weak topics,75.6
1209,Mumbai,1,NEET,Crash Course,17,2025-10-12,66.5,5.5,10-20L,80.8,92.3,94.6,92.8,1,"Great teaching pace, doubts cleared quickly",53.9
1132,Patna,2,JEE Main,Weekday,15,2025-11-11,71.5,6.5,10-20L,48.5,61.7,55.7,46.5,4,Mock tests really helped identify gaps,48.0
1175,Delhi,1,JEE Main,Crash Course,17,2026-04-12,56.4,13.0,5-10L,70.7,85.8,100.0,88.9,2,Mock tests really helped identify gaps,60.6
1437,Mumbai,1,JEE Advanced,Weekday,17,2024-09-17,81.2,10.1,5-10L,72.1,78.5,71.0,59.9,7,Need more practice sheets for weak topics,65.9
1192,Delhi,1,JEE Advanced,Weekend,16,2026-04-25,81.2,1.5,<5L,60.9,81.1,74.0,77.8,3,,58.0
1271,Mumbai,1,NEET,Crash Course,15,2025-06-15,100.0,7.8,10-20L,67.0,67.4,64.9,70.7,2,Batch timing is inconvenient for me,71.0
1124,Kota,2,Foundation,Weekend,18,2025-08-06,88.8,4.2,<5L,33.2,5.9,5.0,5.3,5,Batch timing is inconvenient for me,44.3
1139,Hyderabad,2,JEE Advanced,Crash Course,16,2025-12-24,83.4,1.1,5-10L,95.9,100.0,96.7,100.0,4,Batch timing is inconvenient for me,66.5
1052,Mumbai,1,Foundation,Weekday,17,2025-08-02,80.0,8.9,>20L,54.0,65.0,59.4,52.1,2,Batch timing is inconvenient for me,51.0
1585,Lucknow,2,JEE Main,Weekday,17,2026-04-15,71.7,,5-10L,99.0,100.0,100.0,100.0,1,"Great teaching pace, doubts cleared quickly",51.5
1113,Delhi,1,Foundation,Weekend,17,2025-03-19,88.5,0.4,<5L,65.0,59.1,66.2,80.6,4,Mock tests really helped identify gaps,50.0
1266,Delhi,1,Foundation,Weekend,17,2025-06-08,100.0,2.2,10-20L,52.9,50.3,63.9,53.9,5,Would like more one-on-one mentoring,62.2
1383,Hyderabad,2,NEET,Weekday,18,2026-04-15,66.2,1.4,10-20L,61.1,69.6,80.4,81.6,2,Would like more one-on-one mentoring,36.9
1273,Mumbai,1,Foundation,Weekday,17,2026-01-28,63.7,4.8,5-10L,85.3,91.0,87.8,95.0,8,Mock tests really helped identify gaps,52.1
1257,Hyderabad,2,NEET,Weekday,17,2026-03-26,92.3,4.8,5-10L,70.1,86.1,79.3,88.8,6,"Great teaching pace, doubts cleared quickly",50.4
1487,Pune,1,NEET,Weekday,18,2024-07-19,78.7,2.8,<5L,52.9,60.5,57.8,73.0,3,Need more practice sheets for weak topics,50.5
1106,Hyderabad,2,NEET,Crash Course,18,2025-06-21,72.5,1.4,<5L,22.0,31.1,26.3,10.1,3,Batch timing is inconvenient for me,30.3
1301,Hyderabad,2,NEET,Weekend,15,2024-11-21,100.0,5.4,<5L,76.9,67.9,60.5,55.6,6,"Great teaching pace, doubts cleared quickly",55.1
1591,Patna,2,JEE Advanced,Weekend,16,2024-06-19,93.4,5.7,>20L,71.0,70.8,57.0,63.4,4,"Great teaching pace, doubts cleared quickly",51.6
1412,Bengaluru,1,NEET,Weekend,16,2025-05-26,71.4,,10-20L,64.5,60.2,63.0,68.8,2,"Great teaching pace, doubts cleared quickly",49.0
1241,Lucknow,2,JEE Main,Weekday,17,2024-07-07,85.2,3.7,10-20L,66.8,62.8,64.4,71.7,7,"Great teaching pace, doubts cleared quickly",50.0
1231,Mumbai,1,NEET,Crash Course,16,2026-01-11,59.5,5.3,<5L,,40.1,47.5,57.9,7,Mock tests really helped identify gaps,44.4
1154,Pune,1,NEET,Weekday,16,2025-02-02,69.0,7.6,<5L,49.3,60.3,65.7,56.8,5,"Great teaching pace, doubts cleared quickly",53.1
1327,Hyderabad,2,JEE Main,Weekday,17,2025-03-03,77.6,21.5,10-20L,93.9,100.0,100.0,98.3,3,Batch timing is inconvenient for me,80.5
1449,Mumbai,1,Foundation,Crash Course,17,2025-08-04,100.0,,10-20L,77.1,68.5,68.4,56.3,4,Mock tests really helped identify gaps,57.9
1393,Bengaluru,1,NEET,Crash Course,17,2025-10-29,66.3,4.9,<5L,80.1,86.9,84.6,78.2,2,,54.1
1295,Lucknow,2,NEET,Weekday,16,2025-01-24,100.0,6.2,10-20L,70.8,75.0,74.7,76.9,8,Need more practice sheets for weak topics,54.2
1151,Lucknow,2,JEE Main,Weekend,17,2026-04-21,85.8,10.2,<5L,74.2,78.5,92.4,84.4,6,Batch timing is inconvenient for me,71.6
1408,Lucknow,2,JEE Advanced,Weekday,18,2026-03-10,76.9,4.4,<5L,64.2,53.4,47.0,27.9,1,,41.4
1164,Mumbai,1,JEE Main,Weekday,16,2024-08-20,58.7,1.4,5-10L,61.7,65.0,72.8,79.0,1,"Great teaching pace, doubts cleared quickly",44.0
1168,Hyderabad,2,JEE Main,Weekday,17,2026-05-02,70.5,5.8,5-10L,47.2,56.1,47.0,47.1,3,"Great teaching pace, doubts cleared quickly",39.7
1493,Bengaluru,1,JEE Main,Weekday,18,2025-03-15,85.5,5.1,<5L,61.6,71.9,88.6,81.3,3,Need more practice sheets for weak topics,56.3
1207,Mumbai,1,NEET,Crash Course,17,2026-03-05,97.2,1.0,5-10L,76.8,76.7,88.6,71.2,4,Mock tests really helped identify gaps,57.0
1189,Hyderabad,2,NEET,Crash Course,15,2025-09-01,84.9,7.9,5-10L,80.2,65.1,66.7,69.1,4,Batch timing is inconvenient for me,72.3
1508,Lucknow,2,JEE Advanced,Weekday,17,2026-02-04,76.1,11.0,5-10L,46.9,46.6,60.4,62.9,4,Mock tests really helped identify gaps,60.1
1325,Lucknow,2,JEE Main,Weekend,17,2024-07-29,92.4,1.9,10-20L,57.5,54.2,56.1,57.3,2,Would like more one-on-one mentoring,52.3
1146,Delhi,1,NEET,Weekend,18,2026-04-21,76.5,4.4,5-10L,63.8,51.5,46.3,43.3,3,Mock tests really helped identify gaps,48.7
1384,Pune,1,NEET,Weekday,17,2026-04-20,81.8,2.3,<5L,46.8,45.5,42.8,36.9,4,Mock tests really helped identify gaps,46.4
1227,Mumbai,1,NEET,Weekday,17,2025-02-12,63.0,4.2,>20L,72.5,64.2,64.0,71.6,6,Mock tests really helped identify gaps,54.9
1217,Mumbai,1,Foundation,Weekday,19,2025-01-18,67.0,6.1,<5L,90.6,95.8,95.2,100.0,1,Need more practice sheets for weak topics,64.5
1482,Delhi,1,Foundation,Weekend,16,2026-01-05,83.8,15.1,10-20L,86.4,77.4,81.4,81.9,7,Would like more one-on-one mentoring,72.7
1505,Pune,1,JEE Main,Weekday,16,2025-12-09,81.8,3.4,5-10L,67.0,80.4,71.5,62.4,0,Batch timing is inconvenient for me,43.5
1299,Hyderabad,2,JEE Main,Weekday,18,2026-05-26,76.2,7.7,5-10L,81.5,68.8,59.2,58.0,4,"Great teaching pace, doubts cleared quickly",47.4
1573,Pune,1,JEE Main,Weekend,18,2024-11-19,100.0,2.0,5-10L,68.4,76.6,84.8,61.9,4,Mock tests really helped identify gaps,61.5
1418,Hyderabad,2,Foundation,Weekend,17,2025-05-27,80.4,2.6,5-10L,49.6,65.5,58.7,59.8,4,Need more practice sheets for weak topics,34.2
1576,Pune,1,NEET,Weekday,17,2026-03-01,79.2,4.7,,54.6,64.3,62.6,56.4,5,Mock tests really helped identify gaps,52.7
1458,Pune,1,JEE Main,Weekend,16,2025-04-09,92.7,7.7,5-10L,56.8,52.6,59.6,65.1,4,Need more practice sheets for weak topics,58.6
1176,Mumbai,1,Foundation,Weekday,16,2026-03-08,82.2,8.8,<5L,76.1,79.8,82.4,78.9,3,Need more practice sheets for weak topics,59.2
1539,Delhi,1,JEE Main,Weekday,18,2024-08-28,87.7,16.0,10-20L,81.9,95.6,88.3,88.5,5,Mock tests really helped identify gaps,67.2
1499,Kota,2,Foundation,Crash Course,16,2024-10-31,72.4,4.0,5-10L,70.4,76.3,83.1,83.7,2,"Great teaching pace, doubts cleared quickly",54.6
1230,Mumbai,1,JEE Main,Weekday,17,2025-07-17,46.6,8.1,10-20L,63.4,50.2,42.3,48.2,4,Need more practice sheets for weak topics,47.5
1580,Kota,2,JEE Main,Weekday,20,2026-01-20,69.7,8.5,<5L,59.1,56.8,59.2,49.3,2,,58.6
1281,Mumbai,1,JEE Advanced,Weekday,18,2025-04-21,89.2,3.5,<5L,76.4,76.9,69.7,73.4,3,Would like more one-on-one mentoring,54.2
1410,Patna,2,NEET,Weekday,20,2026-01-20,62.1,0.2,5-10L,54.4,53.9,56.1,62.3,6,Batch timing is inconvenient for me,42.1
1229,Bengaluru,1,Foundation,Weekend,17,2025-03-18,79.6,,5-10L,50.2,45.3,47.9,64.1,8,"Great teaching pace, doubts cleared quickly",42.6
1101,Lucknow,2,JEE Main,Weekday,18,2025-12-20,92.6,16.9,5-10L,71.2,74.8,79.8,75.3,3,Batch timing is inconvenient for me,74.5
1291,Lucknow,2,JEE Advanced,Weekday,17,2024-08-19,53.3,12.8,<5L,95.3,94.5,100.0,98.5,4,Mock tests really helped identify gaps,60.6
1534,Bengaluru,1,NEET,Weekday,17,2025-05-11,83.3,2.7,10-20L,67.9,84.6,75.4,83.2,3,Need more practice sheets for weak topics,55.3
1367,Hyderabad,2,Foundation,Weekday,17,2026-02-14,72.1,6.2,5-10L,45.1,52.0,59.1,65.9,1,Need more practice sheets for weak topics,44.0
1054,Bengaluru,1,JEE Main,Weekend,15,2025-01-22,65.9,3.0,5-10L,95.5,88.3,83.4,94.3,2,"Great teaching pace, doubts cleared quickly",55.6
1228,Pune,1,JEE Main,Weekday,16,2024-09-28,51.5,7.7,10-20L,,76.9,84.9,84.6,1,Need more practice sheets for weak topics,40.8
1578,Bengaluru,1,JEE Advanced,Weekday,17,2024-09-30,52.2,4.8,5-10L,,88.5,81.9,92.2,3,"Great teaching pace, doubts cleared quickly",58.2
1599,Patna,2,JEE Main,Weekend,15,2025-06-06,84.8,5.0,5-10L,64.9,63.6,68.8,62.0,4,"Great teaching pace, doubts cleared quickly",54.9
1155,Mumbai,1,NEET,Crash Course,18,2024-06-28,74.4,8.3,10-20L,66.6,75.6,77.0,74.2,7,Mock tests really helped identify gaps,56.1
1252,Lucknow,2,JEE Main,Weekend,18,2025-10-18,79.1,3.3,5-10L,53.5,69.3,71.1,67.4,5,Mock tests really helped identify gaps,43.2
1276,Kota,2,Foundation,Weekday,18,2025-06-21,81.1,0.2,10-20L,49.5,51.1,47.6,58.5,7,Mock tests really helped identify gaps,33.7
1159,Hyderabad,2,JEE Main,Weekend,15,2026-02-01,66.0,7.2,5-10L,86.2,78.3,95.6,100.0,3,Need more practice sheets for weak topics,63.2
1272,Delhi,1,JEE Main,Weekday,17,2025-02-03,100.0,1.9,>20L,60.3,53.4,56.3,61.4,3,Need more practice sheets for weak topics,44.7
1045,Lucknow,2,NEET,Weekday,17,2024-12-09,60.1,1.9,>20L,50.2,45.9,52.4,39.0,2,Batch timing is inconvenient for me,46.8
1590,Mumbai,1,NEET,Weekday,17,2025-06-24,85.6,7.3,5-10L,83.4,81.0,92.4,81.4,6,"Great teaching pace, doubts cleared quickly",64.4
1114,Bengaluru,1,Foundation,Weekday,18,2025-08-07,90.2,10.8,5-10L,45.4,44.4,46.5,55.4,7,"Great teaching pace, doubts cleared quickly",50.6
1445,Delhi,1,JEE Main,Weekday,17,2025-10-02,95.3,0.7,10-20L,75.1,68.6,75.2,68.7,4,Need more practice sheets for weak topics,44.8
1212,Bengaluru,1,JEE Main,Crash Course,17,2024-08-27,79.8,17.2,10-20L,80.8,92.4,94.3,100.0,2,Need more practice sheets for weak topics,86.6
1109,Mumbai,1,JEE Advanced,Weekday,17,2025-07-11,93.1,12.8,10-20L,39.8,44.0,38.1,,4,Need more practice sheets for weak topics,67.8
1321,Lucknow,2,JEE Main,Weekday,17,2025-11-13,97.7,6.3,5-10L,36.0,28.7,35.7,39.6,7,,39.7
1170,Patna,2,NEET,Weekday,16,2025-03-21,70.5,12.2,5-10L,61.5,58.5,67.2,75.6,4,Would like more one-on-one mentoring,61.3
1080,Hyderabad,2,JEE Advanced,Weekend,17,2024-07-06,72.8,7.2,10-20L,73.8,71.9,89.5,83.9,7,Would like more one-on-one mentoring,66.2
1051,Delhi,1,JEE Advanced,Weekday,17,2026-03-04,84.9,5.3,<5L,50.4,62.7,74.6,75.5,1,Mock tests really helped identify gaps,59.0
1085,Mumbai,1,NEET,Crash Course,17,2025-12-05,61.6,5.5,5-10L,67.6,68.8,59.8,74.4,5,Batch timing is inconvenient for me,52.8
1009,Mumbai,1,NEET,Weekday,17,2026-03-26,77.7,6.4,10-20L,33.1,42.1,56.5,55.6,5,Need more practice sheets for weak topics,52.0
1033,Kota,2,JEE Main,Weekday,18,2026-02-02,53.2,10.5,<5L,54.8,49.6,51.0,40.0,4,Need more practice sheets for weak topics,49.3
1100,Patna,2,JEE Main,Weekday,17,2025-08-17,94.2,1.0,<5L,60.2,45.3,32.6,30.7,6,,49.0
1110,Lucknow,2,NEET,Crash Course,17,2025-10-09,61.2,1.1,5-10L,66.7,73.6,85.1,97.9,7,Batch timing is inconvenient for me,44.5
1137,Patna,2,JEE Main,Weekday,15,2025-01-28,85.0,2.2,5-10L,58.5,58.1,56.5,48.0,4,Would like more one-on-one mentoring,39.4
1331,Hyderabad,2,JEE Main,Weekday,17,2025-09-11,67.0,6.7,5-10L,56.7,50.3,61.7,69.7,5,Mock tests really helped identify gaps,53.2
1223,Bengaluru,1,JEE Main,Weekday,17,2026-03-30,78.9,4.4,5-10L,42.7,51.8,50.8,66.3,5,Need more practice sheets for weak topics,41.5
1029,Mumbai,1,NEET,Crash Course,18,2024-08-11,74.6,7.1,5-10L,60.6,68.6,71.0,70.4,1,"Great teaching pace, doubts cleared quickly",56.5
1288,Kota,2,JEE Main,Weekday,16,2025-07-02,92.8,6.0,5-10L,52.4,42.8,49.7,54.9,1,Mock tests really helped identify gaps,48.3
1523,Mumbai,1,Foundation,Weekend,15,2025-11-22,65.2,14.7,<5L,56.3,48.0,63.9,53.8,4,Would like more one-on-one mentoring,53.1
1056,Hyderabad,2,JEE Advanced,Crash Course,17,2025-10-23,62.4,4.8,5-10L,72.2,69.4,83.3,81.9,4,,51.2
1157,Delhi,1,JEE Advanced,Weekday,15,2026-02-15,90.2,12.5,5-10L,69.9,66.4,71.5,71.0,2,Would like more one-on-one mentoring,65.6
1527,Patna,2,NEET,Weekday,17,2025-01-07,91.7,6.1,,71.7,72.3,71.9,69.7,2,,56.6
1538,Delhi,1,JEE Advanced,Weekday,18,2025-06-01,85.9,7.5,5-10L,74.3,64.7,64.6,58.7,6,"Great teaching pace, doubts cleared quickly",63.7
1311,Pune,1,NEET,Weekday,17,2024-08-24,85.4,3.6,5-10L,47.2,53.9,55.7,72.2,3,Mock tests really helped identify gaps,42.5
1049,Bengaluru,1,NEET,Crash Course,15,2026-03-14,97.6,6.1,10-20L,75.7,67.8,72.1,72.1,4,Need more practice sheets for weak topics,64.6
1084,Delhi,1,NEET,Weekend,16,2025-07-31,60.3,1.8,<5L,74.8,78.6,88.4,78.7,10,Would like more one-on-one mentoring,43.2
1492,Bengaluru,1,NEET,Crash Course,17,2026-01-16,92.9,4.7,>20L,68.3,72.2,72.5,70.4,6,"Great teaching pace, doubts cleared quickly",61.4
1034,Kota,2,JEE Advanced,Weekend,15,2024-08-10,84.4,4.4,5-10L,83.3,87.5,87.9,99.7,7,Mock tests really helped identify gaps,63.6
1036,Delhi,1,JEE Main,Weekday,17,2026-03-20,74.9,1.0,<5L,64.3,67.4,53.2,65.6,3,Would like more one-on-one mentoring,43.0
1332,Delhi,1,JEE Advanced,Weekday,16,2025-12-01,76.2,3.9,>20L,92.2,91.5,85.4,88.9,3,Need more practice sheets for weak topics,60.3
1064,Hyderabad,2,JEE Main,Crash Course,15,2025-04-16,76.4,7.8,>20L,49.7,34.9,32.4,,3,"Great teaching pace, doubts cleared quickly",51.4
1414,Lucknow,2,Foundation,Weekday,16,2025-12-17,73.6,10.1,<5L,67.4,66.1,54.8,52.3,6,Need more practice sheets for weak topics,55.4
1385,Kota,2,JEE Main,Weekend,17,2025-07-20,76.6,2.9,5-10L,79.1,78.3,79.2,87.1,2,Mock tests really helped identify gaps,42.3
1531,Bengaluru,1,Foundation,Crash Course,19,2024-12-26,90.1,4.9,>20L,85.1,90.5,100.0,98.0,5,,63.4
1323,Kota,2,NEET,Crash Course,45,2025-05-01,100.0,4.2,<5L,58.6,47.0,45.4,48.6,8,Need more practice sheets for weak topics,60.1
1373,Kota,2,JEE Main,Weekend,18,2026-02-21,83.3,6.1,10-20L,48.7,47.2,54.2,50.0,2,Mock tests really helped identify gaps,61.7
1429,Mumbai,1,NEET,Weekday,17,2026-03-26,95.7,2.5,10-20L,50.4,63.5,59.7,66.7,1,,32.4
1235,Patna,2,NEET,Weekday,18,2024-12-31,82.3,8.2,5-10L,78.1,79.5,87.2,91.2,13,Mock tests really helped identify gaps,60.7
1413,Mumbai,1,NEET,Weekend,16,2025-01-14,68.6,5.3,10-20L,84.4,91.0,85.3,95.5,1,Mock tests really helped identify gaps,42.8
1597,Hyderabad,2,JEE Main,Weekend,17,2024-06-16,81.6,1.9,<5L,23.4,22.6,32.0,47.0,3,"Great teaching pace, doubts cleared quickly",40.0
1344,Bengaluru,1,JEE Advanced,Weekday,17,2024-08-29,97.4,11.5,5-10L,79.9,68.7,74.6,77.3,6,Need more practice sheets for weak topics,82.8
1046,Hyderabad,2,Foundation,Weekday,17,2025-12-05,63.6,3.8,10-20L,55.4,70.6,93.2,93.1,3,Would like more one-on-one mentoring,32.9
1425,Bengaluru,1,NEET,Weekday,17,2026-03-30,90.0,0.3,5-10L,73.4,69.2,86.9,89.6,5,Need more practice sheets for weak topics,45.5
1304,Pune,1,NEET,Weekday,16,2025-05-05,94.4,1.6,>20L,82.0,86.9,86.4,92.2,2,Mock tests really helped identify gaps,53.2
1528,Patna,2,NEET,Crash Course,17,2025-08-23,78.6,6.4,5-10L,45.1,41.3,54.4,67.5,4,Would like more one-on-one mentoring,49.5
1178,Patna,2,JEE Main,Crash Course,16,2025-06-17,63.6,4.9,10-20L,58.4,65.5,65.0,63.5,0,,43.5
1220,Kota,2,JEE Main,Crash Course,15,2024-09-15,60.4,4.7,<5L,46.2,44.0,40.7,26.4,3,Mock tests really helped identify gaps,31.3
1520,Lucknow,2,Foundation,Weekend,16,2026-03-16,82.8,2.3,<5L,67.5,84.3,90.2,82.9,2,Need more practice sheets for weak topics,41.1
1297,Patna,2,JEE Main,Crash Course,20,2025-07-06,78.3,4.6,<5L,69.6,67.6,78.8,79.1,1,Batch timing is inconvenient for me,49.1
1022,Kota,2,NEET,Weekday,16,2025-06-21,74.2,4.2,<5L,59.2,56.5,58.6,75.4,3,Would like more one-on-one mentoring,42.7
1249,Kota,2,JEE Main,Weekend,18,2025-08-25,68.7,11.9,5-10L,69.5,75.8,83.1,92.9,3,Need more practice sheets for weak topics,56.3
1588,Kota,2,Foundation,Weekend,18,2025-10-16,90.2,4.3,10-20L,39.7,45.8,56.3,60.1,5,Mock tests really helped identify gaps,39.6
1421,Bengaluru,1,Foundation,Weekday,18,2025-03-02,81.6,6.9,10-20L,37.2,32.9,31.7,,4,Would like more one-on-one mentoring,44.6
1326,Bengaluru,1,JEE Main,Weekday,16,2026-05-28,77.3,1.2,5-10L,67.1,55.9,44.0,48.0,6,Mock tests really helped identify gaps,43.4
1310,Mumbai,1,JEE Main,Weekend,18,2025-10-09,63.7,1.5,<5L,55.0,40.4,42.1,40.1,3,Need more practice sheets for weak topics,28.1
1200,Delhi,1,NEET,Weekday,18,2026-04-18,63.4,6.1,>20L,61.4,45.6,49.2,40.3,5,Need more practice sheets for weak topics,40.1
1138,Pune,1,JEE Advanced,Weekend,17,2024-07-07,92.9,,10-20L,50.7,59.6,62.6,62.0,6,Mock tests really helped identify gaps,54.9
1025,Hyderabad,2,Foundation,Weekday,17,2026-02-12,87.7,6.9,10-20L,49.3,52.3,49.8,51.7,8,Need more practice sheets for weak topics,38.7
1400,Pune,1,JEE Main,Weekday,17,2025-08-23,72.8,9.2,<5L,54.9,49.8,50.4,62.9,4,Would like more one-on-one mentoring,46.9
1444,Delhi,1,NEET,Weekday,16,2024-12-28,91.6,3.7,10-20L,50.2,38.6,54.8,67.2,1,"Great teaching pace, doubts cleared quickly",47.0
1185,Hyderabad,2,Foundation,Crash Course,17,2025-10-09,65.2,2.9,10-20L,78.9,75.8,77.5,80.6,2,Would like more one-on-one mentoring,39.8
1206,Delhi,1,JEE Main,Weekday,17,2025-09-12,98.0,6.3,5-10L,54.5,52.3,55.6,68.0,6,Need more practice sheets for weak topics,52.3
1135,Bengaluru,1,JEE Main,Crash Course,16,2024-12-11,99.1,2.7,10-20L,75.9,85.5,92.5,96.4,5,Would like more one-on-one mentoring,62.1
1300,Bengaluru,1,NEET,Weekend,17,2024-06-19,81.2,1.4,10-20L,49.1,39.8,53.1,77.7,4,Mock tests really helped identify gaps,45.5
1117,Hyderabad,2,NEET,Weekend,16,2024-06-11,70.5,9.2,10-20L,65.7,74.6,93.2,100.0,4,"Great teaching pace, doubts cleared quickly",57.3
1213,Delhi,1,Foundation,Weekend,18,2024-12-03,73.2,7.8,10-20L,69.9,74.5,72.9,77.4,3,Need more practice sheets for weak topics,60.8
1577,Lucknow,2,NEET,Weekend,17,2024-10-09,54.7,3.2,>20L,,62.8,65.2,63.0,4,Would like more one-on-one mentoring,34.6
1595,Mumbai,1,Foundation,Crash Course,18,2025-07-14,93.6,,5-10L,35.1,35.2,35.3,30.8,5,"Great teaching pace, doubts cleared quickly",44.8
1550,Kota,2,Foundation,Weekday,19,2026-02-14,92.8,5.4,5-10L,67.4,55.8,49.0,49.5,5,,56.5
1464,Delhi,1,NEET,Weekday,17,2026-01-22,66.6,20.8,10-20L,53.5,53.1,62.7,65.3,4,,56.4
1232,Kota,2,NEET,Weekend,16,2025-02-24,70.5,2.4,10-20L,34.9,45.5,48.7,31.2,5,"Great teaching pace, doubts cleared quickly",44.2
1406,Lucknow,2,JEE Advanced,Weekday,18,2025-02-12,64.9,4.6,<5L,45.1,44.6,44.7,38.2,3,Mock tests really helped identify gaps,34.2
1218,Mumbai,1,NEET,Weekday,16,2026-02-01,100.0,6.8,<5L,87.2,75.6,80.3,100.0,2,Need more practice sheets for weak topics,56.8
1057,Pune,1,Foundation,Weekend,17,2024-10-18,89.7,5.9,5-10L,44.9,42.7,45.5,35.1,3,Mock tests really helped identify gaps,51.9
1318,Bengaluru,1,JEE Main,Crash Course,17,2025-03-17,67.7,2.7,5-10L,52.6,56.0,57.0,60.2,3,Need more practice sheets for weak topics,39.8
1184,Delhi,1,NEET,Crash Course,16,2026-01-20,100.0,4.0,<5L,74.0,76.7,77.9,80.8,3,,48.1
1571,Kota,2,JEE Advanced,Weekend,18,2024-07-15,59.6,1.7,>20L,61.8,73.1,83.8,68.8,6,Mock tests really helped identify gaps,45.4
1512,Lucknow,2,JEE Advanced,Weekday,15,2025-03-15,74.3,8.6,5-10L,79.8,74.4,81.7,80.6,3,Batch timing is inconvenient for me,63.5
1341,Mumbai,1,JEE Main,Weekend,16,2026-01-06,80.9,13.2,>20L,64.8,61.6,68.3,74.3,1,Would like more one-on-one mentoring,65.1
1182,Lucknow,2,Foundation,Weekday,16,2024-11-02,100.0,9.1,10-20L,82.9,80.7,81.6,88.0,5,"Great teaching pace, doubts cleared quickly",72.1
1098,Mumbai,1,NEET,Weekday,17,2025-06-28,53.1,3.5,>20L,,44.8,32.5,36.2,5,"Great teaching pace, doubts cleared quickly",33.0
1115,Delhi,1,NEET,Weekday,16,2024-10-12,68.3,3.3,<5L,89.4,92.5,97.6,100.0,1,Need more practice sheets for weak topics,53.1
1398,Delhi,1,JEE Main,Weekday,17,2024-09-14,71.1,6.7,<5L,80.3,83.4,74.7,70.6,4,Mock tests really helped identify gaps,59.5
1279,Lucknow,2,NEET,Weekday,18,2024-07-05,68.5,3.9,<5L,64.6,68.8,55.4,44.0,6,Need more practice sheets for weak topics,50.1
1433,Bengaluru,1,NEET,Weekend,18,2025-08-01,60.4,2.0,<5L,70.6,61.4,62.5,81.3,5,Would like more one-on-one mentoring,54.1
1119,Kota,2,NEET,Weekend,15,2026-03-19,70.4,5.4,<5L,74.9,67.9,82.3,82.5,5,,56.3
1021,Hyderabad,2,NEET,Weekday,17,2026-05-15,72.4,3.6,5-10L,60.9,45.3,38.0,,3,"Great teaching pace, doubts cleared quickly",39.9
1171,Delhi,1,JEE Main,Weekday,16,2024-10-19,57.5,6.9,10-20L,43.0,35.3,33.8,,5,Batch timing is inconvenient for me,33.1
1402,Lucknow,2,NEET,Weekday,18,2024-11-17,85.3,6.0,10-20L,63.9,68.3,71.9,74.3,10,Need more practice sheets for weak topics,60.3
1390,Lucknow,2,NEET,Weekday,16,2025-10-01,84.8,19.3,10-20L,55.6,59.6,60.7,63.7,4,Need more practice sheets for weak topics,63.8
1553,Delhi,1,JEE Main,Crash Course,17,2024-08-03,92.3,3.5,<5L,62.2,75.9,66.3,55.7,5,Need more practice sheets for weak topics,52.1
1055,Hyderabad,2,Foundation,Weekday,15,2026-04-04,90.0,2.0,10-20L,69.6,84.1,81.7,74.2,3,Mock tests really helped identify gaps,47.4
1177,Kota,2,NEET,Weekend,18,2025-09-17,87.5,13.1,>20L,56.8,61.4,55.4,53.8,3,Need more practice sheets for weak topics,57.3
1328,Pune,1,Foundation,Weekday,18,2024-06-12,69.8,1.4,10-20L,60.1,59.6,58.0,63.0,4,Need more practice sheets for weak topics,41.7
1195,Mumbai,1,JEE Main,Weekend,17,2025-11-05,75.6,14.6,5-10L,78.0,69.1,63.9,64.3,6,Need more practice sheets for weak topics,68.7
1199,Delhi,1,NEET,Weekend,16,2025-08-12,68.7,5.2,5-10L,55.6,54.2,58.9,56.8,4,Mock tests really helped identify gaps,41.4
1471,Kota,2,Foundation,Weekday,18,2026-05-26,68.7,1.0,5-10L,57.3,55.2,53.3,58.2,3,Batch timing is inconvenient for me,35.1
1495,Hyderabad,2,NEET,Weekend,17,2024-07-20,75.4,1.9,5-10L,54.2,53.1,62.4,65.0,6,"Great teaching pace, doubts cleared quickly",29.7
1353,Bengaluru,1,JEE Main,Weekday,17,2025-11-10,89.5,7.3,<5L,51.0,52.4,49.2,43.0,2,,58.2
1183,Pune,1,NEET,Weekday,16,2025-11-28,54.7,2.7,<5L,,81.8,98.9,93.6,8,"Great teaching pace, doubts cleared quickly",44.3
1267,Delhi,1,Foundation,Weekday,17,2025-01-17,78.0,3.8,5-10L,79.8,78.5,100.0,100.0,4,Need more practice sheets for weak topics,52.9
1355,Pune,1,Foundation,Weekday,17,2025-02-13,95.5,2.1,5-10L,89.1,72.1,77.2,74.4,5,"Great teaching pace, doubts cleared quickly",68.6
1104,Patna,2,Foundation,Weekday,18,2024-12-17,88.5,4.2,>20L,72.0,81.1,83.3,84.5,7,Would like more one-on-one mentoring,48.3
1221,Delhi,1,JEE Main,Weekend,17,2024-06-16,85.1,1.4,5-10L,72.3,78.5,81.5,100.0,4,Batch timing is inconvenient for me,52.1
1131,Delhi,1,JEE Advanced,Weekend,17,2024-06-27,85.8,2.9,10-20L,36.7,32.8,48.5,63.5,4,Need more practice sheets for weak topics,41.5
1354,Bengaluru,1,JEE Main,Weekday,17,2024-10-21,73.3,4.1,5-10L,61.0,57.0,59.3,56.1,4,"Great teaching pace, doubts cleared quickly",52.2
1372,Delhi,1,JEE Main,Weekend,17,2025-09-20,92.8,6.0,5-10L,65.5,54.1,55.6,64.5,4,Batch timing is inconvenient for me,54.6
1339,Mumbai,1,Foundation,Weekend,18,2024-12-08,59.5,5.9,<5L,66.1,76.5,74.8,90.7,0,,39.6
1506,Hyderabad,2,NEET,Crash Course,17,2024-11-12,65.3,2.8,<5L,70.6,73.4,87.2,95.2,2,"Great teaching pace, doubts cleared quickly",41.2
1490,Bengaluru,1,NEET,Weekday,15,2025-04-03,62.3,11.4,10-20L,43.9,32.3,15.8,,5,"Great teaching pace, doubts cleared quickly",52.4
1061,Bengaluru,1,JEE Main,Weekday,18,2024-10-18,83.6,4.1,5-10L,81.1,83.1,75.1,77.9,7,"Great teaching pace, doubts cleared quickly",55.8
1095,Delhi,1,Foundation,Weekday,17,2026-01-04,66.1,17.3,<5L,51.0,33.7,47.2,36.6,3,Need more practice sheets for weak topics,62.0
1194,Lucknow,2,JEE Main,Weekday,17,2026-01-27,79.1,1.4,,60.3,56.0,55.9,62.5,3,"Great teaching pace, doubts cleared quickly",42.1
1141,Pune,1,JEE Main,Weekday,17,2025-03-02,78.2,12.0,5-10L,96.7,97.6,85.4,92.4,4,Would like more one-on-one mentoring,67.8
1417,Mumbai,1,NEET,Weekday,16,2024-09-07,100.0,20.0,5-10L,91.4,81.8,77.1,70.4,1,Mock tests really helped identify gaps,86.1
1149,Kota,2,NEET,Weekday,16,2026-05-21,93.4,2.6,<5L,48.8,48.4,54.5,46.7,4,Batch timing is inconvenient for me,47.5
1477,Kota,2,NEET,Weekend,19,2026-01-26,87.6,3.8,10-20L,41.9,43.1,46.6,48.8,4,Mock tests really helped identify gaps,35.8
1203,Pune,1,Foundation,Crash Course,16,2024-07-11,89.0,16.7,5-10L,54.0,53.7,62.0,73.9,5,,64.2
1153,Mumbai,1,JEE Main,Weekday,17,2024-11-12,86.0,4.2,10-20L,66.7,60.9,58.6,54.6,2,,60.8
1378,Kota,2,JEE Advanced,Weekend,16,2026-03-29,67.3,,<5L,78.9,79.3,81.8,80.1,5,Mock tests really helped identify gaps,59.6
1392,Mumbai,1,NEET,Weekday,17,2025-04-30,76.7,5.4,10-20L,66.5,61.3,61.3,68.2,8,Batch timing is inconvenient for me,52.8
1338,Hyderabad,2,JEE Main,Weekend,17,2025-08-27,81.6,10.6,5-10L,55.6,55.2,48.0,45.6,1,,54.1
1381,Pune,1,Foundation,Crash Course,18,2025-02-26,88.3,3.9,10-20L,74.2,82.4,85.1,73.0,5,,52.9
1536,Delhi,1,JEE Advanced,Weekend,18,2025-07-30,57.0,2.2,5-10L,,45.0,63.6,71.1,4,Mock tests really helped identify gaps,42.5
1011,Kota,2,NEET,Weekend,18,2025-05-31,81.8,3.9,5-10L,78.6,66.5,61.7,61.0,6,Mock tests really helped identify gaps,56.7
1270,Mumbai,1,JEE Main,Weekday,18,2025-04-16,100.0,3.7,5-10L,92.1,90.2,100.0,100.0,9,Need more practice sheets for weak topics,77.4
1097,Kota,2,NEET,Weekday,18,2026-04-23,66.4,10.6,5-10L,65.2,76.2,76.2,79.2,5,Mock tests really helped identify gaps,58.2
1211,Bengaluru,1,JEE Main,Weekend,17,2026-02-27,77.1,0.6,<5L,99.0,100.0,100.0,100.0,2,Mock tests really helped identify gaps,53.2
1594,Bengaluru,1,Foundation,Weekend,18,2026-01-14,61.9,2.1,<5L,93.8,92.8,83.8,95.2,6,Mock tests really helped identify gaps,65.2
1558,Pune,1,JEE Main,Crash Course,17,2025-11-22,93.5,,>20L,70.9,69.1,65.3,70.7,3,Would like more one-on-one mentoring,58.3
1333,Bengaluru,1,JEE Advanced,Weekend,17,2025-05-14,69.5,8.0,<5L,65.1,66.1,65.1,54.8,5,,61.9
1076,Delhi,1,JEE Advanced,Weekday,16,2025-05-18,96.1,2.7,5-10L,61.5,36.4,48.2,44.9,4,Would like more one-on-one mentoring,46.1
1078,Bengaluru,1,NEET,Weekday,18,2025-07-23,80.5,8.3,<5L,76.9,97.5,100.0,100.0,5,Mock tests really helped identify gaps,66.3
1264,Mumbai,1,NEET,Weekday,17,2024-06-10,85.6,4.7,5-10L,71.0,74.6,94.4,99.8,6,Batch timing is inconvenient for me,57.6
1150,Mumbai,1,Foundation,Weekday,17,2024-11-19,87.5,2.6,5-10L,68.4,82.6,100.0,100.0,5,Would like more one-on-one mentoring,53.3
1515,Kota,2,Foundation,Weekday,16,2024-10-12,77.3,8.8,5-10L,75.8,70.7,78.3,92.6,3,Batch timing is inconvenient for me,66.6
1562,Delhi,1,NEET,Weekday,19,2025-10-04,82.5,1.1,5-10L,54.3,58.7,63.8,74.0,4,Mock tests really helped identify gaps,39.6
1470,Pune,1,JEE Advanced,Crash Course,17,2025-12-07,88.5,2.4,5-10L,50.8,52.2,54.2,52.3,4,"Great teaching pace, doubts cleared quickly",33.5
1462,Mumbai,1,NEET,Weekend,16,2024-10-31,79.8,2.5,5-10L,73.8,67.1,65.4,65.2,6,Need more practice sheets for weak topics,58.6
1254,Delhi,1,Foundation,Crash Course,16,2024-06-13,89.3,6.7,10-20L,91.6,89.7,85.5,87.1,5,Need more practice sheets for weak topics,63.7
1370,Lucknow,2,JEE Main,Weekday,19,2026-03-14,70.1,10.0,5-10L,82.3,86.7,77.9,72.6,2,Batch timing is inconvenient for me,46.2
1322,Pune,1,Foundation,Weekday,15,2024-08-12,68.5,8.0,5-10L,64.1,70.3,70.4,74.7,5,Would like more one-on-one mentoring,39.6
1152,Lucknow,2,JEE Advanced,Weekend,17,2024-08-17,74.4,9.5,5-10L,65.0,57.7,47.7,56.4,9,,70.2
1303,Pune,1,JEE Main,Weekday,16,2024-12-04,88.2,3.6,5-10L,69.7,71.7,71.8,100.0,6,,49.6
1191,Patna,2,JEE Main,Crash Course,16,2025-12-17,85.8,4.5,10-20L,65.7,73.4,83.1,96.7,3,Need more practice sheets for weak topics,50.5
1349,Bengaluru,1,Foundation,Weekday,16,2024-12-27,71.2,5.1,>20L,87.9,68.1,69.0,72.8,6,,60.1
1244,Pune,1,JEE Advanced,Weekday,17,2026-01-27,73.3,3.4,<5L,94.6,100.0,100.0,100.0,3,Batch timing is inconvenient for me,39.5
1088,Pune,1,Foundation,Weekday,16,2025-09-23,71.5,10.4,>20L,63.8,89.2,87.2,98.6,4,Mock tests really helped identify gaps,52.3
1544,Patna,2,Foundation,Crash Course,17,2025-11-27,58.9,0.5,5-10L,80.4,71.7,86.2,85.9,2,"Great teaching pace, doubts cleared quickly",49.7
1419,Delhi,1,JEE Main,Crash Course,17,2025-01-05,73.9,7.5,,54.1,53.3,58.7,61.6,7,Mock tests really helped identify gaps,50.0
1289,Pune,1,JEE Main,Crash Course,16,2024-11-24,67.4,2.1,<5L,65.3,55.2,58.9,60.4,3,,42.3
1167,Lucknow,2,JEE Main,Weekday,18,2026-03-20,72.1,17.7,<5L,51.0,56.6,58.8,54.3,7,Mock tests really helped identify gaps,59.0
1561,Mumbai,1,JEE Main,Weekday,17,2025-11-24,84.7,9.2,<5L,62.2,69.0,68.2,75.4,1,Would like more one-on-one mentoring,61.1
1156,Bengaluru,1,JEE Main,Weekday,18,2026-01-17,91.6,1.5,>20L,72.7,72.9,63.7,68.7,1,"Great teaching pace, doubts cleared quickly",47.2
1357,Hyderabad,2,NEET,Crash Course,17,2025-08-14,100.0,1.1,5-10L,40.7,42.6,50.9,62.0,6,Mock tests really helped identify gaps,27.9
1382,Patna,2,Foundation,Weekday,17,2025-03-25,59.0,5.8,<5L,,67.3,69.0,67.7,3,Need more practice sheets for weak topics,52.7
1280,Lucknow,2,NEET,Weekday,17,2026-05-10,90.6,4.1,<5L,81.1,83.6,74.0,75.0,1,Batch timing is inconvenient for me,60.0
1127,Kota,2,JEE Main,Weekday,17,2025-11-13,74.6,5.7,>20L,89.2,84.4,84.3,84.3,6,,70.1
1023,Patna,2,Foundation,Crash Course,18,2024-09-09,77.7,3.3,10-20L,66.1,66.2,59.3,81.5,4,Mock tests really helped identify gaps,60.8
1283,Delhi,1,Foundation,Weekend,17,2025-08-24,59.1,13.8,>20L,36.0,39.6,44.9,43.7,7,"Great teaching pace, doubts cleared quickly",41.1
1472,Pune,1,NEET,Weekend,19,2025-07-25,75.9,6.3,<5L,46.6,66.2,65.5,51.2,1,Need more practice sheets for weak topics,45.3
1368,Bengaluru,1,JEE Main,Weekday,17,2025-12-13,79.7,,5-10L,65.1,70.0,73.8,76.5,3,Mock tests really helped identify gaps,41.6
1026,Delhi,1,JEE Advanced,Crash Course,15,2026-04-11,98.1,3.5,>20L,77.0,79.0,84.8,75.1,7,,66.1
1197,Bengaluru,1,JEE Main,Weekday,16,2026-02-07,86.1,1.2,>20L,56.9,58.5,58.9,61.6,2,"Great teaching pace, doubts cleared quickly",54.3
1065,Bengaluru,1,JEE Advanced,Weekend,18,2025-10-04,77.3,2.1,10-20L,51.8,49.6,64.2,56.6,3,Would like more one-on-one mentoring,47.8
1016,Delhi,1,NEET,Weekday,16,2025-05-22,68.2,2.6,5-10L,67.2,55.8,63.5,82.5,4,,38.0
1467,Bengaluru,1,JEE Advanced,Weekend,16,2025-11-03,100.0,18.5,,48.6,44.1,35.5,,1,Need more practice sheets for weak topics,63.2
1298,Hyderabad,2,JEE Main,Weekend,17,2025-10-19,73.9,9.2,>20L,90.3,90.1,100.0,98.2,3,Need more practice sheets for weak topics,61.7
1337,Mumbai,1,Foundation,Weekend,18,2024-09-24,75.3,8.5,10-20L,64.0,62.4,76.3,75.2,6,Batch timing is inconvenient for me,50.3
1027,Pune,1,NEET,Weekday,16,2025-12-09,71.5,,10-20L,50.4,48.3,47.7,63.6,1,Mock tests really helped identify gaps,55.4
1044,Delhi,1,JEE Main,Weekday,17,2025-09-05,51.3,4.1,>20L,,61.5,46.3,49.4,5,Mock tests really helped identify gaps,44.1
1498,Bengaluru,1,Foundation,Weekend,18,2026-04-08,81.6,2.9,5-10L,67.5,55.7,46.7,66.5,5,Would like more one-on-one mentoring,43.0
1516,Delhi,1,JEE Main,Weekend,18,2025-05-25,85.7,,5-10L,62.6,56.2,57.0,58.1,3,Mock tests really helped identify gaps,50.0
1572,Lucknow,2,NEET,Weekend,17,2026-03-02,94.9,5.3,>20L,66.5,60.3,56.2,53.0,5,,59.4
1455,Mumbai,1,JEE Main,Crash Course,18,2025-10-24,63.8,6.3,<5L,61.2,63.0,63.0,81.0,7,Mock tests really helped identify gaps,56.2
1388,Patna,2,JEE Main,Weekend,16,2025-03-28,83.0,7.6,10-20L,64.4,69.3,74.4,74.8,6,Would like more one-on-one mentoring,55.6
1072,Kota,2,NEET,Weekday,16,2024-10-26,80.3,2.5,5-10L,59.3,62.7,61.9,64.3,1,"Great teaching pace, doubts cleared quickly",51.6
1543,Lucknow,2,Foundation,Weekday,17,2025-10-21,73.0,5.1,5-10L,52.3,31.4,23.5,,0,Mock tests really helped identify gaps,46.7
1457,Patna,2,Foundation,Weekday,19,2024-10-13,88.9,7.2,<5L,61.9,59.2,51.3,51.6,4,Need more practice sheets for weak topics,54.0
1432,Hyderabad,2,NEET,Crash Course,19,2024-11-14,53.8,2.9,<5L,,93.0,100.0,100.0,2,Batch timing is inconvenient for me,44.5
1265,Patna,2,JEE Main,Weekend,16,2026-01-11,71.2,6.6,,53.5,53.9,65.9,79.1,0,"Great teaching pace, doubts cleared quickly",49.6
1210,Pune,1,Foundation,Weekend,17,2025-04-03,100.0,7.3,5-10L,67.1,73.0,88.8,92.1,2,Mock tests really helped identify gaps,52.5
1317,Kota,2,JEE Main,Weekday,17,2025-01-22,82.3,3.6,5-10L,79.9,65.4,65.3,78.2,3,Need more practice sheets for weak topics,62.0
1514,Delhi,1,Foundation,Crash Course,17,2024-11-27,68.2,12.7,5-10L,49.9,60.2,59.2,66.8,1,,45.5
1314,Kota,2,Foundation,Weekend,17,2025-06-13,100.0,12.7,<5L,64.6,90.3,84.6,90.5,0,Batch timing is inconvenient for me,62.4
1535,Mumbai,1,Foundation,Crash Course,18,2025-01-12,64.2,1.2,5-10L,78.0,88.6,94.7,100.0,6,Need more practice sheets for weak topics,41.5
1320,Patna,2,NEET,Weekday,17,2024-07-01,55.6,1.9,10-20L,78.0,79.0,81.5,91.2,4,Batch timing is inconvenient for me,35.6
1008,Hyderabad,2,JEE Main,Weekday,16,2025-10-11,66.4,5.4,10-20L,37.9,51.9,63.7,65.2,2,Mock tests really helped identify gaps,34.6
1394,Bengaluru,1,JEE Main,Weekday,17,2025-12-03,77.0,2.1,10-20L,99.0,81.4,78.2,88.5,3,Would like more one-on-one mentoring,53.1
1142,Pune,1,JEE Main,Weekend,17,2024-10-19,77.2,7.1,10-20L,85.9,87.3,94.8,100.0,1,Need more practice sheets for weak topics,67.1
1087,Hyderabad,2,JEE Advanced,Weekday,16,2025-02-08,100.0,5.0,5-10L,60.1,60.2,63.0,63.2,4,Need more practice sheets for weak topics,70.7
1479,Bengaluru,1,NEET,Crash Course,16,2025-02-03,81.4,4.5,,58.9,62.4,56.5,54.2,2,,51.2
1504,Pune,1,Foundation,Weekend,15,2024-08-17,81.3,6.2,<5L,46.8,58.4,52.4,45.1,4,Need more practice sheets for weak topics,59.9
1216,Hyderabad,2,Foundation,Weekend,17,2024-11-17,86.9,3.5,5-10L,86.4,95.0,99.5,100.0,4,"Great teaching pace, doubts cleared quickly",53.4
1581,Pune,1,NEET,Weekday,18,2025-07-02,65.2,4.4,<5L,63.4,63.3,61.0,60.9,4,Batch timing is inconvenient for me,48.9
1563,Lucknow,2,Foundation,Weekday,17,2024-10-03,92.3,3.4,10-20L,69.3,63.3,52.8,47.9,1,Would like more one-on-one mentoring,57.0
1399,Pune,1,Foundation,Weekend,18,2025-05-04,80.8,7.6,10-20L,50.9,48.5,51.1,56.5,5,"Great teaching pace, doubts cleared quickly",53.1
1491,Hyderabad,2,JEE Main,Weekend,16,2024-11-18,95.7,5.8,<5L,71.8,78.1,89.0,97.1,5,Mock tests really helped identify gaps,58.9
1253,Pune,1,Foundation,Crash Course,18,2025-06-20,65.9,4.5,5-10L,78.9,86.1,82.0,91.5,3,Batch timing is inconvenient for me,52.5
1469,Mumbai,1,JEE Main,Weekday,17,2026-01-25,82.0,2.0,5-10L,66.1,68.6,62.5,64.1,4,Need more practice sheets for weak topics,54.4
1358,Hyderabad,2,NEET,Weekday,17,2025-04-22,56.3,6.0,10-20L,,50.1,61.8,55.1,4,Batch timing is inconvenient for me,35.4
1255,Delhi,1,JEE Main,Weekday,19,2024-06-26,70.2,3.5,5-10L,72.2,78.8,88.9,81.5,4,Mock tests really helped identify gaps,47.1
1277,Delhi,1,JEE Advanced,Weekday,17,2026-03-10,60.2,5.6,5-10L,72.4,77.0,82.3,94.8,10,Would like more one-on-one mentoring,41.4
1179,Lucknow,2,NEET,Weekend,19,2026-05-25,78.1,2.6,10-20L,73.1,79.3,68.5,71.9,6,Would like more one-on-one mentoring,54.1
1282,Delhi,1,NEET,Weekday,16,2024-10-05,81.9,4.8,<5L,84.9,86.0,80.9,72.6,4,Need more practice sheets for weak topics,61.7
1391,Bengaluru,1,NEET,Weekday,18,2025-06-17,79.9,2.8,10-20L,54.7,55.4,61.5,52.1,3,Mock tests really helped identify gaps,51.7
1509,Pune,1,Foundation,Crash Course,18,2025-10-17,69.5,1.5,,64.0,71.6,77.8,84.8,4,Batch timing is inconvenient for me,42.4
1584,Kota,2,JEE Main,Weekday,18,2025-03-15,57.7,10.9,5-10L,72.1,66.6,63.7,54.3,5,Need more practice sheets for weak topics,59.7
1130,Bengaluru,1,NEET,Weekday,16,2026-02-21,100.0,7.3,,54.5,55.6,54.8,59.5,0,Need more practice sheets for weak topics,68.8
1145,Pune,1,NEET,Crash Course,18,2026-04-02,98.7,,5-10L,55.0,52.8,51.7,68.2,5,Need more practice sheets for weak topics,52.2
1073,Lucknow,2,Foundation,Weekday,17,2025-10-18,92.6,7.6,5-10L,61.1,62.4,74.5,77.0,11,Need more practice sheets for weak topics,67.7
1236,Hyderabad,2,NEET,Crash Course,17,2026-03-28,90.5,9.4,>20L,81.6,100.0,100.0,100.0,7,Need more practice sheets for weak topics,69.8
1038,Pune,1,NEET,Weekday,15,2025-11-12,68.3,9.4,>20L,60.8,58.4,85.2,86.0,2,Mock tests really helped identify gaps,46.5
